"DOI","Error"
"10.1016/j.carres.2019.107840","Line did not execute"
"10.1111/add.14772","Line did not execute"
"10.1038/s42003-019-0721-y","Line did not execute"
"10.1080/03036758.2019.1653329","Line did not execute"
"10.1080/03036758.2019.1668814","Line did not execute"
"10.1080/03036758.2019.1648303","Line did not execute"
"10.1177/0022022119827651","Line did not execute"
"10.1029/2019GC008420","Line did not execute"
"10.1145/3359591.3359731","Line did not execute"
"10.3389/fimmu.2019.02355","Line did not execute"
"10.14650/94671","DOI not in crossref"
"10.24507/ijicic.15.05.1989","DOI not in crossref"
"10.1016/S2589-7500(19)30130-X","Line did not execute"
"10.1182/bloodadvances.2018027714","Line did not execute"
"10.4230/LIPIcs.ECOOP.2019.5","DOI not in crossref"
"10.1111/jwip.12125","Line did not execute"
"10.1016/j.bbi.2019.02.010","Line did not execute"
"10.1029/2019GL082780","Line did not execute"
"10.2979/jourworlphil.4.1.09","Invalid DOI"
"10.1007/s10753-019-00976-5","Line did not execute"
"10.1002/asia.201801729","Line did not execute"
"10.1029/2018PA003441","Line did not execute"
"10.1177/0306624X18808675","Line did not execute"
"10.3390/met9040481","Line did not execute"
"10.1103/PhysRevB.99.094525","Line did not execute"
"10.4337/jhre.2019.01.06","Line did not execute"
"10.1126/science.aao4827","Line did not execute"
"10.1080/1177083X.2019.1578245","Line did not execute"
"10.1080/1177083X.2019.1578807","Line did not execute"
"10.1080/1177083X.2018.1508479","Line did not execute"
"10.1080/1177083X.2018.1528990","Line did not execute"
"10.1080/00288306.2018.1527374","Line did not execute"
"10.14627/537663020","DOI not in crossref"
"10.15286/jps.128.3.261-278","Line did not execute"
"10.5130/portal.v16i1/2.6520","Invalid DOI"
"10.20507/MAIJournal.2019.8.1.4","Line did not execute"
"10.5204/ijcjsd.v8i1.1045","Line did not execute"
"10.1071/AH17170","Line did not execute"
"10.1364/COSI.2019.CM1A.CW1A.3","Invalid DOI"
"10.1155/2019/9809458","Line did not execute"
"10.1039/c9cp02505g","Line did not execute"
"10.3390/su10023443","Invalid DOI"
"10.5459/bnzsee.52.1.1-22","Line did not execute"
"10.1080/1177083X.2019.1621909","Line did not execute"
"10.20417/nzjecol.43.29","Line did not execute"
"10.20507/MAIJournal.2019.8.2.10","Line did not execute"
"10.1080/1177083X.2019.1632907","Line did not execute"
"10.3389/fmars.2019.186","Invalid DOI"
"10.7900/jot.2018aug23.2202","Invalid DOI"
"10.1016/j.marmicro.2020.101920","Line did not execute"
"10.4230/LIPIcs.IPEC.2020.6","DOI not in crossref"
"10.1093/gji/ggaa433","Line did not execute"
"10.4230/LIPIcs.IPEC.2020.3","DOI not in crossref"
"10.1007/s43032-020-00229-z","Line did not execute"
"10.1177/0261018319895203","Line did not execute"
"10.1124/JPET.120.000134","Line did not execute"
"10.1177/1362361320939329","Line did not execute"
"10.1098/rsob.200218rsob200218","Invalid DOI"
"10.1128/AEM.01651-20","Line did not execute"
"10.1183/13993003.00170-2020","Line did not execute"
"10.5617/adno7975","Invalid DOI"
"10.1016/j.pbb.2020.172996","Line did not execute"
"10.1037/dev0000835","Line did not execute"
"10.1039/d0fo01153c","Line did not execute"
"10.1029/2019JF005163","Line did not execute"
"10.1021/acschemneuro.0c00191","Line did not execute"
"10.1177/1177180120929694","Line did not execute"
"10.1039/d0ob00223b","Line did not execute"
"10.1039/d0sc00427h","Line did not execute"
"10.1080/2201473X.2020.1751563","Line did not execute"
"10.1419/96346","DOI not in crossref"
"10.1093/gji/ggz547","Line did not execute"
"10.1002/aelm.201901204","Line did not execute"
"10.1002/jccs.201900334","Line did not execute"
"10.1080/00318884.2019.1709146","Line did not execute"
"10.1016/j.carres.2020.107951","Line did not execute"
"10.1016/j.msea.2019.138569","Line did not execute"
"10.1080/1177083X.2019.1652659","Line did not execute"
"10.1080/1177083X.2019.1640752","Line did not execute"
"10.1080/00288330.2019.1636099","Line did not execute"
"10.34190/ESM.20.060","Invalid DOI"
"10.20507/MAIJournal.2020.9.3.2","Line did not execute"
"10.1071/PC20014","Line did not execute"
"10.1080/15348458.2020.1791709","Line did not execute"
"10.1080/00779962.2020.1802881","Line did not execute"
"10.1080/14636778.2020.1799344","Line did not execute"
"10.1007/978-3-030-37210-1_19","Line did not execute"
"10.1080/20507828.2020.1768349","Line did not execute"
"10.20417/nzjecol.44.4","Line did not execute"
"10.1017/S0144686X20001130","Line did not execute"
"10.6084/m9.figshare.c.4834923","DOI not in crossref"
"10.1080/00288306.2020.1792515","Line did not execute"
"10.20495/seas.9.1_3","DOI not in crossref"
"10.18584/IIPJ.2020.11.3.8262","Line did not execute"
"10.20507/MAIJournal.2020.9.3.8","Line did not execute"
"10.20507/MAIJournal.2020.9.3.1","Line did not execute"
"10.15199/48.2020.12.14","Line did not execute"
"10.20507/MAIJournal.2020.9.2.3","Line did not execute"
"10.1111/spol.12641","Line did not execute"
"10.1002/jqs.3133","Line did not execute"
"10.15451/EC2020-05-9.13-1-27","Line did not execute"
"10.1029/2019JB018739","Line did not execute"
"10.1016/j.jvolgeores.2019.106729","Line did not execute"
"10.1074/jbc.RA120.015776","Line did not execute"
"10.1016/j.tetlet.2020.152642","Line did not execute"
"10.5303/JKAS.2020.53.6.161","DOI not in crossref"
"10.1109/TED.2020.3031883","Line did not execute"
"10.1063/5.0026345","Line did not execute"
"10.17554/eLife.59081","Invalid DOI"
"10.1016/j.marenveres.2020.105086","Invalid DOI"
"10.1016/j.actbio.2020.07.023","Line did not execute"
"10.3390/cancers12092472","Line did not execute"
"10.1177/1741659020946228","Line did not execute"
"10.1088/1361-6668/ab0688","Invalid DOI"
"10.1103/PhysRevB.102.035304","Line did not execute"
"10.20495/seas.9.13","Invalid DOI"
"10.5699/slaveasteurorev2.98.2.0201","Line did not execute"
"10.25849/myrmecol.news_030:213","DOI not in crossref"
"10.1109/VRW50115.2020.00-89","Invalid DOI"
"10.1109/VRW50115.2020.00-50","Invalid DOI"
"10.18417/emisa.15.2","DOI not in crossref"
"10.26686/jnzs.v0iNS30.6497","Line did not execute"
"10.26686/jnzs.v0iNS30.6505","Line did not execute"
"10.1136/fetalneonatal-2019-317417","Invalid DOI"
"10.1136/jnnp-2019-ABN-2.28","Invalid DOI"
"10.1039/c9dt02025j","Line did not execute"
"10.1016/52589-7500(19)30130-X","Invalid DOI"
"10.1080/1061186X.2019.1566341","Line did not execute"
"10.1039/c9cc03321a","Line did not execute"
"10.1007/s40841-018-0124-5","Line did not execute"
"10.1063/1.5099126","Line did not execute"
"10.3828/jlh.2019.6","Invalid DOI"
"10.1017/S002204691000472","Invalid DOI"
"10.1177/1757743819828398","Invalid DOI"
"10.1063/1.5079423","Line did not execute"
"10.26686/jnzs.v0iNS29.6262","Invalid DOI"
"10.17879/85169761673","DOI not in crossref"
