"DOI","Error"
"10.1371/journal.pone.0225845","Line did not execute"
"10.1111/jfpe.13301","Line did not execute"
"10.1007/s10551-018-3869-3","Line did not execute"
"10.5852/ejt.2019.577","Line did not execute"
"10.3969/j.issn.1673-5005.2019.05.018","DOI not in crossref"
"10.1080/01140671.2019.1692043","Line did not execute"
"10.3390/ani9090673","Line did not execute"
"10.1177/0300985819839239","Line did not execute"
"10.3233/SHTI190598","DOI not in crossref"
"10.4230/LIPIcs.MFCS.2019.25","DOI not in crossref"
"10.1016/j.jsb.2019.04.008","Line did not execute"
"10.1016/j.jcis.2019.03.006","Line did not execute"
"10.1021/acs.jafc.9b00355","Line did not execute"
"10.1177/1177180119828050","Line did not execute"
"10.1016/j.vetmic.2019.04.015","Line did not execute"
"10.3390/ijms20112795","Line did not execute"
"10.1093/heapro/dax075","Line did not execute"
"10.1017/S0020859019000178","Line did not execute"
"10.1177/0309133318822966","Line did not execute"
"10.1016/j.iccn.2018.11.007","Line did not execute"
"10.6133/apjcn.201903_28(1).0018","DOI not in crossref"
"10.1016/j.bbalip.2018.12.009","Line did not execute"
"10.1007/978-981-13-2101-6_22","Line did not execute"
"10.1021/acs.biochem.8b00858","Line did not execute"
"10.1177/1742715017721090","Line did not execute"
"10.1108/CC-09-2017-0041","Line did not execute"
"10.1080/1177083X.2018.1503605","Line did not execute"
"10.34190/IKM.19.032","Invalid DOI"
"10.18462/iir.icr.2019.1308","Invalid DOI"
"10.18462/iir.icr.2019.1374","Invalid DOI"
"10.13140/RG.2.2.16512.89608","DOI not in crossref"
"10.20507/MAIJournal.2019.8.3.3","Line did not execute"
"10.1080/1177083X.2019.1600558","Line did not execute"
"10.18154/RWTH-CONV-239924","DOI not in crossref"
"10.18462/iir.icr.2019.0450","Invalid DOI"
"10.18462/iir.icr.2019.0451","Invalid DOI"
"10.18462/iir.icr.2019.1058","Invalid DOI"
"10.18462/iir.icr.2019.1084","Invalid DOI"
"10.1039/c9ob01781j","Line did not execute"
"10.1039/c9ob00360f","Line did not execute"
"10.1080/1177083X.2019.1632907","Line did not execute"
"10.3389/fevo.2019.153","Invalid DOI"
"10.20417/nzjecol.43.30","Line did not execute"
"10.1177/1177180120974673","Line did not execute"
"10.1128/AEM.1613-20","Invalid DOI"
"10.1071/ANv60n18-FO","Invalid DOI"
"10.1007/s40841-020-00175-z","Line did not execute"
"10.1186/s12877-020-01740-3","Line did not execute"
"10.1016/j.jsb.2020.107599","Line did not execute"
"10.1016/j.foodres.2020.109481","Line did not execute"
"10.1016/j.vaa.2020.04.014","Line did not execute"
"10.1177/1177180120947822","Line did not execute"
"10.1098/rspb.2020.0948/rspb20200948","Invalid DOI"
"10.1128/MRA.00780-20","Line did not execute"
"10.1017/jie.2018.16","Line did not execute"
"10.3168/jds.2019-17571","Line did not execute"
"10.1098/rsos.200373rsos200373","Invalid DOI"
"10.3233/SHTI200381","DOI not in crossref"
"10.1016/j.chemgeo.2020.119595","Line did not execute"
"10.1016/j.ympev.2020.106783","Line did not execute"
"10.1177/1440783319893503","Line did not execute"
"10.1016/j.ygeno.2020.01.012","Line did not execute"
"10.1039/d0sc00427h","Line did not execute"
"10.3390/nu12041032","Line did not execute"
"10.1002/cbic.201900505","Line did not execute"
"10.6531/JFS.20200324(3).0003","Invalid DOI"
"10.1007/s12371-020-00449-4","Line did not execute"
"10.3390/nu12030661","Line did not execute"
"10.1093/nar/gkz1138","Line did not execute"
"10.1080/1177083X.2019.1700137","Line did not execute"
"10.5836/ijam/2020-09-107","Invalid DOI"
"10.18462/iir.iccc.2020.292896","DOI not in crossref"
"10.1080/19349637.2020.1825152","Line did not execute"
"10.1080/01434632.2020.1804573","Line did not execute"
"10.1071/CH19535","Line did not execute"
"10.18462/iir.rankine.2020.1124","DOI not in crossref"
"10.18462/iir.iccc.2020.292123","DOI not in crossref"
"10.1017/S0144686X20001130","Line did not execute"
"10.4119/ijcv-3774","DOI not in crossref"
"10.1080/1369183X.2020.1766353","Line did not execute"
"10.3966/160792642020032102020","DOI not in crossref"
"10.15451/EC2020-05-9.13-1-27","Line did not execute"
"10.1016/j.jff.2019.103615","Line did not execute"
"10.3168/jds.2019-17320","Line did not execute"
"10.1128/AEM.01905-19","Line did not execute"
"10.1080/10408398.2020.1854169","Invalid DOI"
"10.5303/JKAS.2020.53.6.161","DOI not in crossref"
"10.1016/j.ijdrr.2020.101917","Line did not execute"
"10.1016/j.ijintrcl.2020.09.003","Invalid DOI"
"10.1785/0220190354","Line did not execute"
"10.6133/apjcn.202009_29(3).0024","DOI not in crossref"
"10.1016/j.ijdrr.2010.101625","Invalid DOI"
"10.1080/03014223.2020.1790396","Line did not execute"
"10.1016/j.sleh.2019.11.002","Line did not execute"
"10.1177/8755293020919426","Line did not execute"
"10.1080/1177083X.2019.1701049","Line did not execute"
"10.3390/nu12072079","Line did not execute"
"10.1002/ejic.202000348","Line did not execute"
"10.3390/foods9060769","Line did not execute"
"10.1002/hpja.346","Line did not execute"
"10.6531/JFS.202003_24(3).0003","DOI not in crossref"
"10.1186/s12885-020-6671-4","Line did not execute"
"10.1111/inr.12565","Line did not execute"
"10.11157/anzswj-vol32iss3id766","Line did not execute"
"10.11157/anzswj-vol32iss3id769","Line did not execute"
"10.1002/14551858.00002845.pub3","Invalid DOI"
"10.19227/jzar.v813.401","Invalid DOI"
"10.1177/1541344619858978","Line did not execute"
"10.1186/s12885-019-6401-y","Line did not execute"
"10.1007/s13394-019-00259-0","Line did not execute"
"10.1080/09581596.2019.1686461","Line did not execute"
"10.1021/acs.jpclett.9b02522","Line did not execute"
"10.1136/vetrec-2019-105535","Invalid DOI"
"10.1016/52589-7500(19)30130-X","Invalid DOI"
"10.3390/genealogy3030042","Line did not execute"
"10.20506/rst.38.2.3001","Invalid DOI"
"10.1074/jbc.RA118.006846","Line did not execute"
"10.3390/nu11050994","Line did not execute"
"10.1136/vr.l05136","Invalid DOI"
"10.1016/j.jmaa.2018.12.008","Line did not execute"
"10.1177/1757975919829700","Line did not execute"
"10.2979/victorianstudies.61.3.21","Invalid DOI"
"10.3220/LBF1582798632000","DOI not in crossref"
"10.5117/9789462983724_CH01","Invalid DOI"
"10.1080/1177083X.2019.1621909","Line did not execute"
"10.1080/1177083X.2018.1561477","Line did not execute"
"10.1007/s10689-018-0080-8","Line did not execute"
