WoS Subject,closed,gold,diamond,bronze,green,hybrid,Total,% Open,Closed/AAM embargoed,Closed/AAM immediate,Potential % open
Acoustics,4,0,0,0,0,0,4,0,4,0,100
Agriculture,17,4,1,1,8,3,34,50,10,2,85
Allergy,6,0,0,0,0,0,6,0,6,0,100
Anatomy & Morphology,16,0,0,3,1,1,21,23,16,0,100
Anesthesiology,10,0,0,3,0,4,17,41,5,1,76
Anthropology,8,0,0,1,6,3,18,55,5,3,100
Archaeology,16,0,0,0,3,2,21,23,13,3,100
Architecture,1,0,0,0,0,0,1,0,1,0,100
Area Studies,9,0,1,0,1,1,12,25,7,2,100
Art,1,0,0,0,0,0,1,0,1,0,100
Arts & Humanities - Other Topics,9,0,0,1,0,5,15,40,7,1,93
Astronomy & Astrophysics,0,1,0,5,17,14,37,100,0,0,100
Audiology & Speech-Language Pathology,4,0,0,0,0,0,4,0,4,0,100
Automation & Control Systems,1,1,0,0,0,0,2,50,1,0,100
Behavioral Sciences,27,3,0,2,5,0,37,27,21,6,100
Biochemistry & Molecular Biology,74,39,1,19,10,23,166,55,63,1,93
Biodiversity & Conservation,25,7,0,1,4,3,40,37,23,2,100
Biomedical Social Sciences,25,1,0,9,2,4,41,39,14,10,97
Biophysics,8,1,0,5,1,1,16,50,8,0,100
Biotechnology & Applied Microbiology,15,13,1,4,5,7,45,66,13,0,95
Business & Economics,151,3,1,3,43,4,205,26,111,37,98
Cardiovascular System & Cardiology,39,15,0,32,7,28,121,67,27,9,97
Cell Biology,35,22,0,14,7,5,83,57,29,2,95
Chemistry,115,44,5,1,13,11,189,39,76,2,80
Classics,1,1,0,0,0,0,2,50,1,0,100
Communication,9,0,4,0,0,0,13,30,1,4,69
Computer Science,56,6,1,4,13,4,84,33,32,6,78
Construction & Building Technology,2,0,0,0,1,0,3,33,2,0,100
Criminology & Penology,15,0,0,0,1,0,16,6,8,5,87
Crystallography,2,2,0,0,1,0,5,60,0,0,60
Cultural Studies,7,0,0,0,1,0,8,12,2,1,50
Dance,1,0,0,0,0,0,1,0,1,0,100
Demography,3,0,0,0,1,0,4,25,3,0,100
"Dentistry, Oral Surgery & Medicine",86,16,7,4,15,4,132,34,74,5,94
Dermatology,3,2,0,1,0,0,6,50,2,1,100
Development Studies,4,0,0,0,2,1,7,42,4,0,100
Developmental Biology,5,5,0,3,2,1,16,68,3,1,93
Education & Educational Research,100,12,2,13,12,3,142,29,86,7,95
Electrochemistry,3,0,0,0,0,0,3,0,3,0,100
Emergency Medicine,5,0,0,1,0,0,6,16,5,0,100
Endocrinology & Metabolism,52,9,0,20,15,6,102,49,45,3,96
Energy & Fuels,12,1,0,0,1,2,16,25,12,0,100
Engineering,64,16,0,2,12,3,97,34,52,8,95
Entomology,11,3,0,3,2,2,21,47,11,0,100
Environmental Sciences & Ecology,143,88,2,19,23,17,292,51,131,8,98
Ethnic Studies,3,0,0,0,0,0,3,0,2,0,66
Evolutionary Biology,29,14,0,11,6,8,68,57,25,2,97
Family Studies,17,0,0,0,2,0,19,10,10,7,100
Fisheries,34,0,1,4,0,3,42,19,27,7,100
Food Science & Technology,78,28,2,4,6,3,121,35,74,0,96
Forestry,2,1,0,0,0,0,3,33,1,1,100
Gastroenterology & Hepatology,10,7,0,2,3,2,24,58,10,0,100
General & Internal Medicine,43,82,31,16,10,10,192,77,28,7,95
Genetics & Heredity,30,35,1,6,12,18,102,70,26,1,97
Geochemistry & Geophysics,34,6,0,6,12,13,71,52,30,2,97
Geography,26,0,1,1,3,5,36,27,25,1,100
Geology,69,23,4,1,12,9,118,41,58,5,94
Geriatrics & Gerontology,33,4,1,2,10,6,56,41,30,3,100
Government & Law,20,0,1,1,3,0,25,20,14,4,92
Health Care Sciences & Services,67,33,2,11,10,1,124,45,52,12,97
Hematology,10,0,0,5,1,2,18,44,9,0,94
History,13,0,0,1,0,1,15,13,8,4,93
History & Philosophy of Science,6,0,0,1,0,0,7,14,5,1,100
Imaging Science & Photographic Technology,4,0,0,0,2,0,6,33,1,0,50
Immunology,27,13,2,12,7,15,76,64,23,0,94
Infectious Diseases,20,12,3,6,7,19,67,70,11,1,88
Information Science & Library Science,3,0,0,0,2,0,5,40,1,1,80
Instruments & Instrumentation,7,7,0,0,1,0,15,53,3,3,93
Integrative & Complementary Medicine,8,2,0,0,1,0,11,27,7,1,100
International Relations,12,0,1,0,1,0,14,14,12,0,100
Legal Medicine,5,0,1,1,0,1,8,37,4,0,87
Life Sciences & Biomedicine - Other Topics,24,16,0,17,4,5,66,63,18,3,95
Linguistics,7,0,0,0,0,0,7,0,4,3,100
Literature,7,0,0,0,0,0,7,0,6,1,100
Marine & Freshwater Biology,75,7,2,9,6,7,106,29,67,8,100
Materials Science,38,7,1,0,9,2,57,33,21,2,73
Mathematical & Computational Biology,10,4,0,0,4,1,19,47,6,4,100
Mathematical Methods In Social Sciences,5,0,0,0,0,0,5,0,4,0,80
Mathematics,30,2,0,0,24,4,60,50,23,6,98
Mechanics,6,0,0,0,3,0,9,33,4,1,88
Medical Ethics,13,1,0,7,2,5,28,53,5,8,100
Medical Informatics,7,10,1,1,1,1,21,66,5,2,100
Medical Laboratory Technology,4,1,0,1,0,0,6,33,3,0,83
Metallurgy & Metallurgical Engineering,1,1,0,0,0,0,2,50,1,0,100
Meteorology & Atmospheric Sciences,8,11,2,3,4,6,34,76,6,0,94
Microbiology,21,44,1,22,6,24,118,82,18,0,97
Microscopy,1,0,0,0,0,0,1,0,1,0,100
Mineralogy,8,2,0,0,0,0,10,20,8,0,100
Mining & Mineral Processing,1,2,0,0,0,0,3,66,1,0,100
Music,2,0,0,0,0,0,2,0,1,1,100
Mycology,3,0,1,0,0,0,4,25,3,0,100
Neurosciences & Neurology,125,43,0,31,26,15,240,47,101,12,95
Nursing,16,2,0,1,4,2,25,36,13,3,100
Nutrition & Dietetics,46,33,1,8,5,10,103,55,30,9,93
Obstetrics & Gynecology,33,2,0,2,0,3,40,17,31,1,97
Oceanography,40,1,0,8,4,7,60,33,33,5,96
Oncology,41,28,0,4,8,8,89,53,31,1,89
Operations Research & Management Science,9,1,0,0,0,0,10,10,7,0,80
Ophthalmology,9,2,0,0,0,1,12,25,8,0,91
Optics,5,3,0,0,18,2,28,82,2,2,96
Orthopedics,17,4,1,11,2,0,35,51,14,0,91
Otorhinolaryngology,3,0,0,0,0,0,3,0,2,1,100
Paleontology,4,1,0,0,2,1,8,50,3,1,100
Parasitology,26,12,1,2,1,5,47,44,25,0,97
Pathology,30,1,0,1,3,6,41,26,23,3,90
Pediatrics,42,5,0,12,5,4,68,38,34,2,91
Pharmacology & Pharmacy,90,28,3,15,14,16,166,45,76,4,93
Philosophy,12,0,0,0,1,0,13,7,10,2,100
Physical Geography,17,6,0,3,2,2,30,43,16,1,100
Physics,16,11,1,1,49,6,84,80,5,7,95
Physiology,19,18,0,14,3,1,55,65,19,0,100
Plant Sciences,24,2,0,4,1,5,36,33,22,2,100
Polymer Science,9,2,0,0,0,0,11,18,9,0,100
Psychiatry,79,13,0,8,15,11,126,37,57,18,96
Psychology,156,19,3,4,31,14,227,31,108,39,96
Public Administration,16,0,0,1,0,1,18,11,15,1,100
"Public, Environmental & Occupational Health",134,86,5,26,15,27,293,54,83,42,96
"Radiology, Nuclear Medicine & Medical Imaging",5,3,0,3,3,8,22,77,5,0,100
Rehabilitation,98,1,0,7,9,1,116,15,76,4,84
Religion,13,0,0,1,0,1,15,13,8,5,100
Remote Sensing,4,0,0,1,3,1,9,55,4,0,100
Reproductive Biology,9,1,0,3,2,3,18,50,8,1,100
Research & Experimental Medicine,18,20,0,2,7,3,50,64,15,1,96
Respiratory System,20,5,1,12,5,5,48,58,17,2,97
Rheumatology,31,6,0,14,5,5,61,49,26,3,96
Robotics,2,0,0,0,0,0,2,0,0,0,0
Science & Technology - Other Topics,61,201,2,17,12,13,306,80,42,5,95
Social Issues,16,0,0,7,0,4,27,40,8,8,100
Social Sciences - Other Topics,131,2,2,16,13,9,173,24,90,36,97
Social Work,16,0,0,1,1,1,19,15,13,3,100
Sociology,19,0,0,2,1,0,22,13,11,8,100
Spectroscopy,11,0,0,0,0,0,11,0,9,2,100
Sport Sciences,53,4,1,6,3,0,67,20,36,7,85
Substance Abuse,27,1,0,7,8,5,48,43,17,10,100
Surgery,61,3,1,5,4,2,76,19,49,4,89
Telecommunications,2,4,0,0,0,0,6,66,1,0,83
Theater,1,0,0,0,0,0,1,0,0,1,100
Thermodynamics,3,0,0,0,1,0,4,25,3,0,100
Toxicology,14,1,2,0,0,2,19,26,12,0,89
Transplantation,0,1,0,1,0,0,2,100,0,0,100
Transportation,9,0,0,1,2,3,15,40,9,0,100
Tropical Medicine,1,7,1,6,2,5,22,95,1,0,100
Urban Studies,14,0,0,0,0,0,14,0,14,0,100
Urology & Nephrology,18,2,0,2,0,1,23,21,15,1,91
Veterinary Sciences,10,10,0,1,1,1,23,56,8,0,91
Virology,2,10,1,1,2,1,17,88,2,0,100
Water Resources,16,3,0,1,3,1,24,33,16,0,100
Women's Studies,3,0,0,0,0,0,3,100,0,0,100
Zoology,56,1,0,2,5,7,71,21,46,7,95
