WoS Subject,closed,gold,diamond,bronze,green,hybrid,Total,% Open,Closed/AAM embargoed,Closed/AAM immediate,Potential % open
Acoustics,4,0,0,0,0,0,4,0,4,0,100
Agriculture,23,4,1,1,9,3,41,43,16,2,87
Allergy,8,0,0,0,0,1,9,11,8,0,100
Anatomy & Morphology,18,0,0,3,1,1,23,21,18,0,100
Anesthesiology,18,1,0,11,0,4,34,47,9,1,76
Anthropology,19,0,0,1,7,3,30,36,13,4,93
Archaeology,26,0,0,0,3,2,31,16,19,5,93
Architecture,1,0,0,0,0,0,1,0,1,0,100
Area Studies,11,0,1,1,1,1,15,26,9,2,100
Art,1,0,0,0,0,0,1,0,1,0,100
Arts & Humanities - Other Topics,28,1,0,2,0,5,36,22,18,9,97
Asian Studies,2,0,0,0,0,0,2,0,2,0,100
Astronomy & Astrophysics,0,1,0,5,18,14,38,100,0,0,100
Audiology & Speech-Language Pathology,5,0,0,0,0,0,5,0,5,0,100
Automation & Control Systems,2,1,0,0,0,0,3,33,1,1,100
Behavioral Sciences,29,3,0,2,7,0,41,29,22,6,97
Biochemistry & Molecular Biology,120,51,1,21,14,34,241,50,99,1,91
Biodiversity & Conservation,25,12,0,3,4,5,49,48,23,2,100
Biomedical Social Sciences,32,1,0,9,2,4,48,33,19,11,95
Biophysics,14,2,0,6,1,4,27,48,14,0,100
Biotechnology & Applied Microbiology,20,14,4,7,9,9,63,68,18,0,96
Business & Economics,172,8,2,3,44,5,234,26,129,40,98
Cardiovascular System & Cardiology,58,18,1,36,12,31,156,62,42,10,96
Cell Biology,56,25,0,16,9,8,114,50,42,2,89
Chemistry,136,51,5,2,14,11,219,37,94,2,81
Classics,4,1,1,0,0,0,6,33,1,3,100
Communication,15,0,4,0,0,0,19,21,3,8,78
Computer Science,60,6,1,4,14,5,90,33,35,7,80
Construction & Building Technology,2,0,0,0,1,0,3,33,2,0,100
Criminology & Penology,19,0,0,0,2,0,21,9,11,6,90
Crystallography,2,3,0,0,1,0,6,66,0,0,66
Cultural Studies,9,0,0,0,1,0,10,10,4,1,60
Dance,2,0,0,0,0,0,2,0,2,0,100
Demography,3,0,0,0,1,0,4,25,3,0,100
"Dentistry, Oral Surgery & Medicine",103,19,9,5,15,5,156,33,90,5,94
Dermatology,6,3,0,2,0,3,14,57,5,1,100
Development Studies,8,0,0,0,2,1,11,27,8,0,100
Developmental Biology,5,5,0,3,2,2,17,70,3,1,94
Education & Educational Research,125,16,2,13,13,5,174,28,108,8,94
Electrochemistry,3,0,0,0,0,0,3,0,3,0,100
Emergency Medicine,11,2,0,3,0,1,17,35,10,0,94
Endocrinology & Metabolism,82,9,0,20,18,9,138,40,72,3,94
Energy & Fuels,12,1,0,0,1,3,17,29,12,0,100
Engineering,77,19,0,2,13,7,118,34,62,11,96
Entomology,13,4,0,3,3,2,25,48,13,0,100
Environmental Sciences & Ecology,162,100,2,22,24,24,334,51,145,12,98
Ethnic Studies,4,0,0,0,1,0,5,20,2,0,60
Evolutionary Biology,37,17,0,11,9,8,82,54,31,4,97
Family Studies,20,0,0,0,2,0,22,9,13,7,100
"Film, Radio & Television",1,0,0,0,0,0,1,0,1,0,100
Fisheries,40,0,3,4,0,4,51,21,31,9,100
Food Science & Technology,88,31,6,5,7,4,141,37,84,0,97
Forestry,2,1,0,0,0,0,3,33,1,1,100
Gastroenterology & Hepatology,26,11,2,18,5,5,67,61,21,0,92
General & Internal Medicine,65,103,34,24,19,12,257,74,43,9,94
Genetics & Heredity,37,40,1,11,17,26,132,71,31,1,96
Geochemistry & Geophysics,35,6,0,6,12,14,73,52,31,2,97
Geography,31,0,1,1,5,5,43,27,30,1,100
Geology,75,27,4,1,12,9,128,41,64,5,95
Geriatrics & Gerontology,49,8,0,3,12,11,83,40,42,6,98
Government & Law,37,0,2,1,6,0,46,19,29,5,93
Health Care Sciences & Services,89,38,2,12,10,6,157,43,69,15,96
Hematology,12,1,0,9,2,2,26,53,11,0,96
History,32,1,0,2,0,1,36,11,16,14,94
History & Philosophy of Science,11,0,0,1,0,0,12,8,6,5,100
Imaging Science & Photographic Technology,4,3,0,0,2,0,9,55,1,0,66
Immunology,39,18,2,13,8,18,98,60,33,0,93
Infectious Diseases,31,19,4,6,12,23,95,67,21,1,90
Information Science & Library Science,4,0,0,0,2,0,6,33,1,2,83
Instruments & Instrumentation,8,7,0,0,1,0,16,50,4,3,93
Integrative & Complementary Medicine,9,2,0,0,1,0,12,25,8,1,100
International Relations,16,0,1,0,1,0,18,11,15,0,94
Legal Medicine,10,0,1,1,1,1,14,28,9,0,92
Life Sciences & Biomedicine - Other Topics,35,16,0,19,7,7,84,58,18,6,86
Linguistics,10,0,0,1,0,0,11,9,7,3,100
Literature,12,0,0,1,0,0,13,7,8,2,84
Marine & Freshwater Biology,89,8,4,12,6,8,127,29,79,10,100
Materials Science,51,10,1,0,11,6,79,35,31,3,78
Mathematical & Computational Biology,11,4,0,0,4,2,21,47,7,4,100
Mathematical Methods In Social Sciences,5,0,0,0,0,0,5,0,4,0,80
Mathematics,34,2,0,0,25,4,65,47,25,8,98
Mechanics,6,0,0,0,3,0,9,33,4,1,88
Medical Ethics,16,1,0,7,2,5,31,48,7,8,96
Medical Informatics,8,11,1,1,1,2,24,66,6,2,100
Medical Laboratory Technology,9,1,0,3,0,0,13,30,5,0,69
Metallurgy & Metallurgical Engineering,1,1,0,0,0,0,2,50,1,0,100
Meteorology & Atmospheric Sciences,9,11,2,3,4,6,35,74,7,0,94
Microbiology,30,48,1,25,7,27,138,78,26,0,97
Microscopy,1,0,0,0,0,0,1,0,1,0,100
Mineralogy,8,2,0,0,0,0,10,20,8,0,100
Mining & Mineral Processing,1,2,0,0,0,0,3,66,1,0,100
Music,3,0,0,0,0,0,3,0,1,2,100
Mycology,3,0,1,0,0,0,4,25,3,0,100
Neurosciences & Neurology,182,53,0,40,42,27,344,47,148,15,94
Nuclear Science & Technology,2,0,1,0,0,2,5,60,2,0,100
Nursing,35,2,0,6,5,3,51,31,29,5,98
Nutrition & Dietetics,60,50,1,14,6,14,145,58,41,9,93
Obstetrics & Gynecology,43,3,0,4,3,4,57,24,40,2,98
Oceanography,47,2,0,9,4,8,70,32,37,7,95
Oncology,61,45,0,10,10,19,145,57,41,1,86
Operations Research & Management Science,9,1,0,0,0,0,10,10,7,0,80
Ophthalmology,11,2,0,0,1,1,15,26,10,0,93
Optics,5,3,0,0,19,3,30,83,2,2,96
Orthopedics,31,10,2,20,2,0,65,52,23,2,90
Otorhinolaryngology,6,0,0,0,0,0,6,0,4,1,83
Paleontology,8,1,0,0,2,1,12,33,5,1,83
Parasitology,27,14,2,2,1,5,51,47,26,0,98
Pathology,35,2,0,1,3,7,48,27,28,3,91
Pediatrics,71,17,0,22,6,7,123,42,57,3,91
Pharmacology & Pharmacy,120,35,4,25,20,23,227,47,101,5,93
Philosophy,17,0,0,0,1,0,18,5,14,3,100
Physical Geography,21,6,0,3,2,3,35,40,20,1,100
Physics,20,16,3,1,52,7,99,79,7,7,93
Physiology,22,19,0,16,3,2,62,64,22,0,100
Plant Sciences,29,2,0,4,1,5,41,29,25,2,95
Polymer Science,11,2,0,0,0,0,13,15,11,0,100
Psychiatry,147,25,0,31,25,20,248,40,101,37,96
Psychology,193,20,3,9,43,22,290,33,128,54,96
Public Administration,19,0,0,1,0,1,21,9,18,1,100
"Public, Environmental & Occupational Health",152,100,6,28,16,31,333,54,98,44,96
"Radiology, Nuclear Medicine & Medical Imaging",12,4,0,2,4,9,31,61,12,0,100
Rehabilitation,109,1,0,8,14,2,134,18,85,5,85
Religion,33,1,1,1,0,2,38,13,16,17,100
Remote Sensing,4,3,0,1,3,1,12,66,4,0,100
Reproductive Biology,9,1,0,3,2,4,19,52,8,1,100
Research & Experimental Medicine,22,30,1,2,7,3,65,66,18,1,95
Respiratory System,32,6,1,18,8,6,71,54,20,2,85
Rheumatology,42,8,0,25,5,6,86,51,35,3,95
Robotics,2,0,0,0,0,0,2,0,0,0,0
Science & Technology - Other Topics,80,224,2,18,14,22,360,77,57,8,95
Social Issues,18,0,0,7,1,4,30,40,10,8,100
Social Sciences - Other Topics,152,20,2,19,14,10,217,29,105,41,97
Social Work,16,6,0,1,1,1,25,36,13,3,100
Sociology,23,1,0,2,1,0,27,14,12,11,100
Spectroscopy,12,0,0,0,0,0,12,0,10,2,100
Sport Sciences,62,6,1,6,4,0,79,21,40,11,86
Substance Abuse,37,1,0,9,9,10,66,43,27,10,100
Surgery,106,4,1,12,4,4,131,19,87,5,89
Telecommunications,2,4,0,0,0,0,6,66,1,0,83
Theater,2,0,0,0,0,0,2,0,0,2,100
Thermodynamics,3,0,0,0,1,0,4,25,3,0,100
Toxicology,17,1,2,2,0,3,25,32,13,0,84
Transplantation,0,1,0,2,0,0,3,100,0,0,100
Transportation,12,0,0,1,2,3,18,33,12,0,100
Tropical Medicine,1,10,2,6,2,6,27,96,1,0,100
Urban Studies,14,0,0,0,0,0,14,0,14,0,100
Urology & Nephrology,31,2,0,6,1,4,44,29,26,2,93
Veterinary Sciences,11,10,0,1,1,1,24,54,9,0,91
Virology,3,10,1,2,3,2,21,85,3,0,100
Water Resources,19,3,0,1,3,1,27,29,19,0,100
Women's Studies,4,0,0,0,0,0,4,100,0,0,100
Zoology,63,1,0,3,5,7,79,20,51,9,96
