"DOI","Error"
"10.1684/epd.2019.1107","Invalid DOI"
"10.1922/CDH_4337Clark08","DOI not in crossref"
"10.1007/s00192-018-3649-8","Line did not execute"
"10.4235/agmr.19.0001","Line did not execute"
"10.1922/EJPRD_01832Strain07","DOI not in crossref"
"10.23919/CLEO.2019.8749851","Invalid DOI"
"10.1016/B978-0-128-12735-3.00164-3","Invalid DOI"
"10.1016/B978-0-12-812735-3.00531-8","Invalid DOI"
"10.1016/B978-0-12-812735-3.00550-1","Invalid DOI"
"10.1016/B978-0-128-12735-3.00031-5","Invalid DOI"
"10.1016/B978-0-128-12735-3.00105-9","Invalid DOI"
"10.1016/B978-0-128-12735-3.00130-8","Invalid DOI"
"10.3290/j.jad.a42305","DOI not in crossref"
"10.3389/fevo.2019.158","Invalid DOI"
"10.1002/9781119119302.ch02","Invalid DOI"
"10.1109/ISMAR.2019.00006","Invalid DOI"
"10.1109/ISMAR.2019.00007","Invalid DOI"
"10.13982/j.mfst.1673-9078.2019.9.001","DOI not in crossref"
"10.15173/russell.v39i1.4067","Invalid DOI"
"10.1364/CLEO-QELS.2019.FM1A.5","Invalid DOI"
"10.4103/JCD.JCD_302_18","Invalid DOI"
"10.2196//formative.7257","Invalid DOI"
"10.1111/apt.15987","Invalid DOI"
"10.1098/rspb.2020.1947rspb20201947","Invalid DOI"
"10.1098/rspa.2020.0003rspa20200003","Invalid DOI"
"10.1128/AEM.1613-20","Invalid DOI"
"10.1098/rspb.2020.0712rspb20200712","Invalid DOI"
"10.22074/cellj.2020.6492","DOI not in crossref"
"10.1098/rspa.2020.0356rspa20200356","Invalid DOI"
"10.1098/rspb.2020.0690rspb20200690","Invalid DOI"
"10.1098/rstb.2019.0583rstb20190583","Invalid DOI"
"10.1098/rspb.2020.1081rspb20201081","Invalid DOI"
"10.19272/202011402007","DOI not in crossref"
"10.15663/wje.v25vi1.783","Invalid DOI"
"10.18293/SEKE2020-159","Invalid DOI"
"10.18293/SEKE2020-083","Invalid DOI"
"10.1163/18712207-12341415","Invalid DOI"
"10.1016/j.dental.2070.05.001","Invalid DOI"
"10.4103/ijhas.IJHAS_20_20","Invalid DOI"
"10.33321/cdi.2020.43.22","Invalid DOI"
"10.1055/s-0039-1691143","Invalid DOI"
"10.1109/VRW50115.2020.0-139","Invalid DOI"
"10.1002/14551858.00009438.pub2","Invalid DOI"
"10.1109/VR46266.2020.000-2","Invalid DOI"
"10.1109/VR46266.2020.00006","Invalid DOI"
"10.1073/pnas.190404116","Invalid DOI"
"10.1503/EDM-19-0103","Invalid DOI"
"10.2340/16501977-5600","Invalid DOI"
"10.1371/journal.pone.0221521;10.1371/journal.pone.0221521.r001;10.1371/journal.pone.0221521.r002;10.1371/journal.pone.0221521.r003;10.1371/journal.pone.0221521.r004","Invalid DOI"
"10.2979/victorianstudies.62.1.15","Invalid DOI"
"10.1117/1179562X19849603","Invalid DOI"
"10.2143/LEA.248.0.3287323","DOI not in crossref"
"10.13128/SIJIS-2239-3978-25513","DOI not in crossref"
"10.15731/AClass.062.13","Invalid DOI"
