Repository,Items,Published Version,Accepted Version,Submitted Version,Null
DiVA.org,1,0,0,1,0
HAL,1,0,0,1,0
archive.ugent.be,1,1,0,0,0
cronfa.swan.ac.uk,1,0,1,0,0
digituma.uma.pt,1,0,0,1,0
dspace.ucuenca.edu.ec,1,0,0,1,0
eprints.gla.ac.uk,1,0,1,0,0
eprints.lincoln.ac.uk,1,0,1,0,0
eprints.mdx.ac.uk,1,0,1,0,0
eprints.soton.ac.uk,1,0,1,0,0
estudogeral.sib.uc.pt,1,0,0,1,0
europepmc.org,2,2,0,0,0
figshare.com,1,1,0,0,0
flore.unifi.it,1,0,0,1,0
frl.publisso.de,1,1,0,0,0
helda.helsinki.fi,1,1,0,0,0
ir.ymlib.yonsei.ac.kr,1,0,0,1,0
iris.unibs.it,1,0,0,1,0
iris.unife.it,1,0,0,1,0
iris.unipa.it,1,0,0,1,0
iris.unito.it,1,0,0,1,0
jupiter.its.unimelb.edu.au,1,0,0,1,0
jyx.jyu.fi,1,1,0,0,0
library.wur.nl,1,0,1,0,0
lirias2repo.kuleuven.be,1,0,1,0,0
munin.uit.no,1,1,0,0,0
openaccess.sgul.ac.uk,1,0,1,0,0
oskar-bordeaux.fr,1,0,0,1,0
repositori.udl.cat,1,1,0,0,0
repositori.upf.edu,1,1,0,0,0
repositorio-aberto.up.pt,1,0,0,1,0
repositorio.insa.pt,1,0,0,1,0
research-repository.griffith.edu.au,1,1,0,0,0
researchonline.ljmu.ac.uk,1,0,1,0,0
researchonline.lshtm.ac.uk,1,0,0,1,0
spiral.imperial.ac.uk,1,0,0,1,0
uni-augsburg.opus-bayern.de,1,0,0,1,0
www.duo.uio.no,1,1,0,0,0
www.lume.ufrgs.br,1,0,0,1,0
www.repository.cam.ac.uk,1,0,0,1,0
www.research-collection.ethz.ch,1,1,0,0,0
www.um.edu.mt,1,0,0,1,0
www.zora.uzh.ch,1,0,1,0,0
