Repository,Items,Published Version,Accepted Version,Submitted Version,Null
CULeuclid,1,0,0,1,0
DiVA.org,19,19,0,0,0
EVASTAR-Karlsruhe.de,1,1,0,0,0
HAL,43,28,0,15,0
RePEc,23,13,0,10,0
TheScholarship.intra.ecu.edu,1,1,0,0,0
ageconsearch.umn.edu,2,2,0,0,0
agritrop.cirad.fr,1,1,0,0,0
air.unimi.it,5,4,0,1,0
aisberg.unibg.it,1,1,0,0,0
alma.44SUR_INST,2,1,0,1,0
arXiv.org,93,0,0,93,0
archimer.ifremer.fr,6,3,0,3,0
archive.ugent.be,5,5,0,0,0
arro.anglia.ac.uk,2,0,2,0,0
atrium.lib.uoguelph.ca,6,1,4,1,0
aura.abdn.ac.uk,2,1,0,1,0
authors.library.caltech.edu,15,0,15,0,0
biopen.bi.no,1,0,0,1,0
boa.unimib.it,4,4,0,0,0
bora.uib.no,3,3,0,0,0
boris.unibe.ch,2,2,0,0,0
bucks.collections.crest.ac.uk,1,0,1,0,0
bura.brunel.ac.uk,1,0,0,1,0
cdm21054.contentdm.oclc.org,1,1,0,0,0
cds.cern.ch,1,1,0,0,0
centaur.reading.ac.uk,1,0,1,0,0
cgspace.cgiar.org,2,1,0,1,0
clok.uclan.ac.uk,1,0,1,0,0
collections.unu.edu,1,1,0,0,0
cora.ucc.ie,1,1,0,0,0
cris.maastrichtuniversity.nl,1,1,0,0,0
cris.unibo.it,3,3,0,0,0
cronfa.swan.ac.uk,6,3,3,0,0
dare.uva.nl,4,4,0,0,0
ddd.uab.cat,2,1,0,1,0
dea.lib.unideb.hu,1,0,0,1,0
depositonce.tu-berlin.de,1,1,0,0,0
digital.csic.es,11,11,0,0,0
digital.library.adelaide.edu.au,2,2,0,0,0
digitalcommons.lsu.edu,3,2,0,1,0
digitalcommons.unl.edu,2,2,0,0,0
digitalcommons.unmc.edu,1,1,0,0,0
digitalcommons.usf.edu,1,1,0,0,0
digitalcommons.wustl.edu,1,1,0,0,0
diposit.ub.edu,7,7,0,0,0
discovery.dundee.ac.uk,8,3,0,5,0
dnet,4,4,0,0,0
dora,2,1,1,0,0
dro.deakin.edu.au,1,1,0,0,0
dro.dur.ac.uk.OAI2,8,0,8,0,0
dspace.lib.cranfield.ac.uk,1,1,0,0,0
dspace.library.uu.nl,1,1,0,0,0
dspace.stir.ac.uk,2,2,0,0,0
dugi-doc,1,1,0,0,0
e-space.mmu.ac.uk,1,0,1,0,0
econstor.eu,10,8,0,2,0
edit.elte.hu,2,2,0,0,0
edoc.hu-berlin.de,1,1,0,0,0
edoc.mdc-berlin.de,1,0,1,0,0
elib.dlr.de,2,0,2,0,0
eprint.ncl.ac.uk,2,0,0,2,0
eprints.bournemouth.ac.uk,1,0,1,0,0
eprints.gla.ac.uk,10,0,10,0,0
eprints.glos.ac.uk,1,0,1,0,0
eprints.keele.ac.uk,10,0,10,0,0
eprints.kingston.ac.uk,3,3,0,0,0
eprints.leedsbeckett.ac.uk,5,0,5,0,0
eprints.lincoln.ac.uk,3,0,3,0,0
eprints.mdx.ac.uk,1,0,1,0,0
eprints.ncl.ac.uk,2,2,0,0,0
eprints.qut.edu.au,6,3,0,3,0
eprints.soton.ac.uk,12,0,12,0,0
eprints.ucl.ac.uk.OAI2,11,4,0,7,0
eprints.ums.edu.my,2,0,2,0,0
eprints.usq.edu.au,6,0,4,2,0
eprints.utas.edu.au,11,0,11,0,0
eprints.vu.edu.au,2,0,2,0,0
eprints.whiterose.ac.uk,15,3,12,0,0
epub.uni-bayreuth.de,1,1,0,0,0
escholarship.org,11,7,0,4,0
espace.curtin.edu.au,2,1,0,1,0
europepmc.org,262,259,3,0,0
figshare.com,32,22,0,10,0
flore.unifi.it,1,1,0,0,0
frl.publisso.de,6,6,0,0,0
fulir.irb.hr,1,1,0,0,0
gala.gre.ac.uk,1,0,1,0,0
generic.eprints.org,1,0,1,0,0
hau.collections.crest.ac.uk,2,0,2,0,0
helda.helsinki.fi,12,9,3,0,0
hindawi.com,1,1,0,0,0
https,16,10,6,0,0
hull-repository.worktribe.com,2,1,1,0,0
iconline.ipleiria.pt,2,2,0,0,0
imr.brage.unit.no,1,1,0,0,0
ink.library.smu.edu.sg,7,5,0,2,0
ir.canterbury.ac.nz,9,0,0,9,0
ira.lib.polyu.edu.hk,2,0,2,0,0
irep.ntu.ac.uk,1,0,1,0,0
iris.unica.it,1,0,0,1,0
iris.unipa.it,1,1,0,0,0
iris.unito.it,4,4,0,0,0
jupiter.its.unimelb.edu.au,32,31,0,1,0
kar.kent.ac.uk,1,0,1,0,0
kristiania.brage.unit.no,1,1,0,0,0
kuscholarworks.ku.edu,2,2,0,0,0
library.wur.nl,4,4,0,0,0
libres.uncg.edu,1,1,0,0,0
lirias2repo.kuleuven.be,3,3,0,0,0
localhost,4,4,0,0,0
lra.le.ac.uk,1,1,0,0,0
lup.lub.lu.se,1,1,0,0,0
mdpi.com,210,198,0,12,0
minerva.usc.es,1,1,0,0,0
mro.massey.ac.nz,109,77,32,0,0
munin.uit.no,9,7,2,0,0
napier-surface.worktribe.com,1,0,1,0,0
nectar.northampton.ac.uk,1,0,1,0,0
nih.brage.unit.no,1,1,0,0,0
nora.nerc.ac.uk,3,0,3,0,0
nottingham-repository.worktribe.com,8,4,4,0,0
nrl.northumbria.ac.uk,4,0,4,0,0
ntnuopen.ntnu.no,4,2,0,2,0
oceanrep.geomar.de,1,0,1,0,0
ojs.pkp.sfu.ca,1,1,0,0,0
openaccess.city.ac.uk,1,0,1,0,0
openarchive.usn.no,1,1,0,0,0
openpub.fmach.it,2,2,0,0,0
openrepository.aut.ac.nz,17,13,0,4,0
openresearch-repository.anu.edu.au,3,2,0,1,0
opinvisindi.is,1,1,0,0,0
opus.lib.uts.edu.au,5,4,0,1,0
ora.ox.ac.uk,6,3,0,3,0
orbilu.uni.lu,2,1,0,1,0
ore.exeter.ac.uk,1,1,0,0,0
oro.open.ac.uk,5,0,5,0,0
oskar-bordeaux.fr,1,1,0,0,0
osti.gov,6,0,0,6,0
ourarchive.otago.ac.nz,1,1,0,0,0
pearl.plymouth.ac.uk,2,0,0,2,0
plymsea.ac.uk,2,0,2,0,0
psasir.upm.edu.my,1,0,1,0,0
pub.epsilon.slu.se,4,4,0,0,0
publications.aston.ac.uk,1,0,1,0,0
pure.atira.dk,18,14,0,4,0
pure.ed.ac.uk,19,13,4,2,0
pure.eur.nl,2,2,0,0,0
pure.mpg.de,7,4,0,3,0
pure.qub.ac.uk,1,1,0,0,0
pure.rug.nl,5,5,0,0,0
qmro.qmul.ac.uk,5,1,0,4,0
rabida.uhu.es,1,1,0,0,0
real.mtak.hu,2,0,2,0,0
repositori.irta.cat,2,2,0,0,0
repositori.upf.edu,7,6,1,0,0
repositorio.cuc.edu.co,1,1,0,0,0
repositorio.iscte-iul.pt,2,1,1,0,0
repositorio.ulima.edu.pe,1,1,0,0,0
repositorium.sdum.uminho.pt,1,0,0,1,0
repository.bilkent.edu.tr,1,1,0,0,0
repository.cshl.edu,1,0,1,0,0
repository.essex.ac.uk,9,0,9,0,0
repository.gsi.de,2,2,0,0,0
repository.kaust.edu.sa,2,0,0,2,0
repository.nwu.ac.za,2,2,0,0,0
repository.rothamsted.ac.uk,1,0,0,1,0
repository.unair.ac.id,1,0,1,0,0
repository.uwc.ac.za,2,2,0,0,0
research-information.bris.ac.uk,13,7,0,6,0
research-repository.griffith.edu.au,18,17,0,1,0
research-repository.st-andrews.ac.uk,10,7,3,0,0
research.bangor.ac.uk,1,0,0,1,0
research.chalmers.se,2,1,0,1,0
research.vu.nl,3,2,0,1,0
researcharchive.lincoln.ac.nz,9,9,0,0,0
researcharchive.wintec.ac.nz,5,0,5,0,0
researchbank.ac.nz,2,1,0,0,0
researchcommons.waikato.ac.nz,7,3,2,2,0
researchonline.gcu.ac.uk,1,0,1,0,0
researchonline.jcu.edu.au,14,0,14,0,0
researchonline.ljmu.ac.uk,4,0,4,0,0
researchonline.lshtm.ac.uk,6,0,3,3,0
researchonline.rvc.ac.uk,2,0,2,0,0
researchportal.port.ac.uk,2,0,0,2,0
researchrepository.murdoch.edu.au,6,6,0,0,0
rgu-repository.worktribe.com,1,0,1,0,0
riubu.ubu.es,1,1,0,0,0
rke.abertay.ac.uk,1,1,0,0,0
ro.ecu.edu.au,3,3,0,0,0
ro.uow.edu.au,4,3,0,1,0
rua.ua.es,1,0,0,1,0
ruj.uj.edu.pl,1,1,0,0,0
scholarcommons.usf.edu,1,1,0,0,0
scholarlycommons.obu.edu,1,1,0,0,0
scholarlypublications.universiteitleiden.nl,1,1,0,0,0
scholarworks.wm.edu,1,0,0,1,0
sdu.dk,2,2,0,0,0
serval.unil.ch,1,1,0,0,0
share.osf.io,6,0,0,6,0
shura.shu.ac.uk,1,0,1,0,0
sintef.brage.unit.no,1,0,0,1,0
spiral.imperial.ac.uk,4,1,0,3,0
sro.sussex.ac.uk,1,0,1,0,0
strathprints.strath.ac.uk,2,0,2,0,0
t-stor.teagasc.ie,5,4,0,1,0
tara.tcd.ie,1,1,0,0,0
tilburguniversity.edu,2,2,0,0,0
tsukuba.repo.nii.ac.jp,1,1,0,0,0
tudelft.nl,1,1,0,0,0
ucacris,1,1,0,0,0
ueaeprints.uea.ac.uk,7,0,7,0,0
uhra.herts.ac.uk,2,1,0,1,0
ulir.ul.ie,2,1,0,1,0
univoak.eu,1,0,0,1,0
uobrep.openrepository.com,2,2,0,0,0
upcommons.upc.edu,3,3,0,0,0
urm_publish,3,0,3,0,0
usir.salford.ac.uk,2,0,0,2,0
v-lib-bura1.brunel.ac.uk,1,1,0,0,0
vtechworks.lib.vt.edu,1,1,0,0,0
westminsterresearch.westminster.ac.uk,2,0,2,0,0
wlv.openrepository.com,2,0,2,0,0
wrap.warwick.ac.uk,6,3,2,1,0
www.duo.uio.no,8,7,1,0,0
www.open-access.bcu.ac.uk,1,0,1,0,0
www.repository.cam.ac.uk,16,11,0,5,0
www.research-collection.ethz.ch,4,4,0,0,0
www.research.unipd.it,1,0,0,1,0
www.researchbank.ac.nz,1,1,0,0,0
www.zora.uzh.ch,5,0,5,0,0
zaguan.unizar.es,3,3,0,0,0
zenodo.org,13,7,0,6,0
