"DOI","Error"
"10.1136/bmj.m4571","Line did not execute"
"10.1177/1460458220906069","Line did not execute"
"10.1071/ANv60n18-FO","Invalid DOI"
"10.1177/2515245920958687","Line did not execute"
"10.1098/rspb.2020.0948/rspb20200948","Invalid DOI"
"10.1098/rsos.200373rsos200373","Invalid DOI"
"10.1098/rsos.200566rsos200566","Invalid DOI"
"10.3233/SHTI200381","DOI not in crossref"
"10.1177/2158244020932672","Line did not execute"
"10.1177/2158244020926508","Line did not execute"
"10.6531/JFS.20200324(3).0003","Invalid DOI"
"10.34632/jsta.2020.9487","DOI not in crossref"
"10.5836/ijam/2020-09-107","Invalid DOI"
"10.18462/iir.rankine.2020.1124","DOI not in crossref"
"10.18462/iir.iccc.2020.292123","DOI not in crossref"
"10.18462/iir.iccc.2020.292896","DOI not in crossref"
"10.6133/apjcn.202009_29(3).0024","DOI not in crossref"
"10.1177/1609406920964345","Line did not execute"
"10.4119/ijcv-3774","DOI not in crossref"
"10.1177/2055116920905038","Line did not execute"
"10.3966/160792642020032102020","DOI not in crossref"
"10.1177/2158244020903423","Line did not execute"
"10.20507/MAIJournal.2021.10.2.8","Invalid DOI"
"10.20507/MAIJournal.2021.10.2.11","Invalid DOI"
"10.21423/jume-v14i2a386","DOI not in crossref"
"10.1027/2157-3891/a000023","Invalid DOI"
"10.1027/2157-3891/a000027","Invalid DOI"
"10.30492/ijcce.2020.40341","DOI not in crossref"
"10.1071/AN20194","Invalid DOI"
"10.18461/ijfsd.v12i4.96","DOI not in crossref"
"10.1177/2096531120931106","Line did not execute"
"10.10.3389/fcomm.2021.786465","Invalid DOI"
"10.1177/21582440211058188","Line did not execute"
"10.1177/20551169211052889","Line did not execute"
"10.17151/bccm.2021.25.1.4","Invalid DOI"
"10.17169/fqs-22.2.3712","DOI not in crossref"
"10.1177/21582440211023170","Line did not execute"
"10.1177/23409444211022755","Line did not execute"
"10.11609/jott.6107.13.6.18441-18452","Invalid DOI"
"10.1177/2055102920988445","Line did not execute"
"10.1177/2158244020985510","Line did not execute"
"10.1177/16094069211064679","Line did not execute"
"10.4230/LIPIcs.GIScience.2021.II.13","DOI not in crossref"
"10.1177/23779608211011310","Line did not execute"
"10.1128/AEM.1613-20","Invalid DOI"
"10.5303/JKAS.2020.53.6.161","DOI not in crossref"
"10.1177/1609406920946114","Line did not execute"
"10.16829/j.slxb.150505","Invalid DOI"
"10.3389/fgene.2021.731355","Line did not execute"
"10.1079/9781789244830","Invalid DOI"
"10.2979/victorianstudies.63.2.10","Invalid DOI"
"10.12032/TMR20210606233","DOI not in crossref"
"10.19227/jzar.v813.401","Invalid DOI"
"10.5130/cjig.vi24.7541","Invalid DOI"
"10.6531/JFS.202003_24(3).0003","DOI not in crossref"
"10.1016/j.ijintrcl.2020.09.003","Invalid DOI"
"10.1177/2515245920957607","Line did not execute"
"10.2376/0003-925X-72-192","Invalid DOI"
"10.1016/j.ijdrr.2010.101625","Invalid DOI"
"10.2143/EP.27.1.3288826","DOI not in crossref"
"10.1016/j.j.2021.05.022","Invalid DOI"
"10.1002/14551858.00002845.pub3","Invalid DOI"
"0","DOI not in crossref"
