WoS Subject,closed,gold,diamond,bronze,green,hybrid,Total,% Open,Closed/AAM embargoed,Closed/AAM immediate,Potential % open
Acoustics,3,0,0,0,1,0,4,25,3,0,100
Agriculture,116,141,3,23,11,20,314,63,98,12,98
Allergy,0,0,0,0,1,0,1,100,0,0,100
Anesthesiology,0,0,0,1,0,0,1,100,0,0,100
Anthropology,10,0,1,1,1,0,13,23,9,0,92
Archaeology,1,0,0,0,0,0,1,0,1,0,100
Architecture,1,0,0,0,0,0,1,0,1,0,100
Area Studies,6,0,0,0,1,0,7,14,4,1,85
Art,2,0,0,0,0,0,2,0,2,0,100
Arts & Humanities - Other Topics,4,1,0,0,1,0,6,33,3,1,100
Asian Studies,1,0,0,0,1,0,2,50,1,0,100
Astronomy & Astrophysics,2,1,0,12,11,3,29,93,1,0,96
Audiology & Speech-Language Pathology,2,0,3,0,0,1,6,66,1,0,83
Automation & Control Systems,4,0,0,0,0,0,4,0,2,1,75
Behavioral Sciences,9,1,0,0,0,1,11,18,9,0,100
Biochemistry & Molecular Biology,67,37,2,8,5,12,131,48,47,2,86
Biodiversity & Conservation,14,11,0,1,3,6,35,60,11,3,100
Biomedical Social Sciences,8,0,0,1,2,0,11,27,7,1,100
Biophysics,16,0,0,0,0,0,16,0,16,0,100
Biotechnology & Applied Microbiology,27,19,2,4,9,9,70,61,22,5,100
Business & Economics,333,19,4,12,37,9,414,19,228,102,99
Cardiovascular System & Cardiology,3,2,0,1,0,0,6,50,1,0,66
Cell Biology,10,5,0,2,0,2,19,47,10,0,100
Chemistry,108,45,8,6,17,8,192,43,89,4,92
Classics,1,0,0,0,0,0,1,0,0,1,100
Communication,60,12,1,2,5,3,83,27,35,21,95
Computer Science,105,28,2,8,21,3,167,37,68,13,85
Construction & Building Technology,23,7,0,0,3,0,33,30,17,6,100
Criminology & Penology,5,0,0,0,0,0,5,0,4,1,100
Crystallography,3,0,0,0,1,0,4,25,2,1,100
Cultural Studies,7,0,0,0,1,2,10,30,5,2,100
Demography,3,0,0,0,1,0,4,25,2,0,75
"Dentistry, Oral Surgery & Medicine",0,0,0,1,0,0,1,100,0,0,100
Dermatology,3,0,0,0,0,0,3,0,3,0,100
Development Studies,7,0,0,1,0,1,9,22,7,0,100
Developmental Biology,0,0,0,0,0,1,1,100,0,0,100
Education & Educational Research,73,3,1,7,3,5,92,20,51,12,89
Electrochemistry,0,0,0,0,1,0,1,100,0,0,100
Emergency Medicine,2,0,0,1,0,0,3,33,2,0,100
Endocrinology & Metabolism,10,6,0,2,0,2,20,50,10,0,100
Energy & Fuels,13,3,0,0,2,2,20,35,13,0,100
Engineering,152,51,1,9,21,3,237,35,98,35,91
Entomology,17,4,0,3,0,1,25,32,13,0,84
Environmental Sciences & Ecology,141,109,2,19,26,20,317,55,118,15,97
Ethnic Studies,8,0,1,1,1,1,12,33,2,2,66
Evolutionary Biology,8,15,0,5,3,3,34,76,6,1,97
Family Studies,7,0,1,0,0,0,8,12,6,1,100
"Film, Radio & Television",4,0,0,0,0,0,4,0,1,2,75
Fisheries,4,0,0,2,0,1,7,42,4,0,100
Food Science & Technology,201,49,2,22,12,19,305,34,171,13,94
Forestry,4,2,0,0,2,0,8,50,3,1,100
Gastroenterology & Hepatology,3,2,0,1,1,0,7,57,1,1,85
General & Internal Medicine,5,14,4,3,0,0,26,80,2,3,100
Genetics & Heredity,11,23,1,8,3,8,54,79,8,1,96
Geochemistry & Geophysics,14,1,0,3,4,2,24,41,13,0,95
Geography,38,1,2,0,2,3,46,17,37,1,100
Geology,64,19,3,2,6,16,110,41,60,0,96
Geriatrics & Gerontology,22,2,0,1,6,1,32,31,14,8,100
Government & Law,23,0,0,1,3,1,28,17,18,5,100
Health Care Sciences & Services,13,24,4,3,2,1,47,72,10,3,100
Hematology,0,0,0,1,0,0,1,100,0,0,100
History,9,0,0,0,1,2,12,25,5,2,83
History & Philosophy of Science,7,0,0,0,1,0,8,12,4,3,100
Imaging Science & Photographic Technology,13,7,1,1,6,0,28,53,8,0,82
Immunology,7,6,5,1,1,3,23,69,5,2,100
Infectious Diseases,11,14,8,1,1,1,36,69,11,0,100
Information Science & Library Science,8,3,0,1,3,2,17,52,5,3,100
Instruments & Instrumentation,11,15,0,0,0,0,26,57,4,6,96
Integrative & Complementary Medicine,0,0,1,0,0,0,1,100,0,0,100
International Relations,14,0,0,0,0,1,15,6,12,2,100
Life Sciences & Biomedicine - Other Topics,10,6,1,4,2,2,25,60,9,1,100
Linguistics,13,0,0,0,2,1,16,18,8,2,81
Literature,8,0,0,0,0,2,10,20,0,7,90
Marine & Freshwater Biology,30,7,0,2,0,5,44,31,30,0,100
Materials Science,27,12,2,2,4,4,51,47,19,1,86
Mathematical & Computational Biology,4,3,0,0,1,3,11,63,4,0,100
Mathematical Methods In Social Sciences,2,0,0,0,1,0,3,33,2,0,100
Mathematics,29,8,0,0,18,9,64,54,22,6,98
Mechanics,1,1,0,0,2,0,4,75,1,0,100
Medical Ethics,2,0,0,0,1,0,3,33,2,0,100
Medical Informatics,1,14,1,0,1,2,19,94,1,0,100
Metallurgy & Metallurgical Engineering,1,1,0,0,1,0,3,66,1,0,100
Meteorology & Atmospheric Sciences,16,5,2,1,6,9,39,58,16,0,100
Microbiology,22,58,0,2,14,8,104,78,19,3,100
Mineralogy,3,2,0,0,0,1,6,50,3,0,100
Mining & Mineral Processing,0,1,0,0,0,0,1,100,0,0,100
Music,7,0,0,0,0,0,7,0,3,4,100
Mycology,1,0,0,2,0,1,4,75,1,0,100
Neurosciences & Neurology,19,10,0,3,8,3,43,55,13,3,93
Nuclear Science & Technology,1,0,0,0,0,0,1,0,1,0,100
Nursing,26,9,0,6,3,2,46,43,22,3,97
Nutrition & Dietetics,42,66,0,10,6,12,136,69,32,8,98
Obstetrics & Gynecology,4,3,0,0,1,0,8,50,2,0,75
Oceanography,9,0,0,1,0,1,11,18,8,0,90
Oncology,4,2,0,2,3,1,12,66,2,1,91
Operations Research & Management Science,17,0,1,1,0,1,20,15,15,0,90
Ophthalmology,1,1,0,0,0,0,2,50,0,1,100
Optics,8,1,0,0,1,0,10,20,4,2,80
Orthopedics,2,4,0,2,0,0,8,75,1,1,100
Paleontology,4,0,0,0,0,0,4,0,3,0,75
Parasitology,9,5,2,1,2,1,20,55,9,0,100
Pathology,3,0,0,0,2,0,5,40,1,2,100
Pediatrics,4,4,0,1,2,1,12,66,4,0,100
Pharmacology & Pharmacy,13,9,1,0,0,2,25,48,10,0,88
Philosophy,3,0,0,0,0,2,5,40,0,3,100
Physical Geography,9,0,0,0,2,1,12,25,9,0,100
Physics,35,21,0,1,20,6,83,57,21,13,98
Physiology,12,7,0,2,1,2,24,50,9,3,100
Plant Sciences,12,29,2,3,6,8,60,80,11,0,98
Polymer Science,9,2,0,0,1,0,12,25,7,0,83
Psychiatry,20,5,0,5,6,1,37,45,18,2,100
Psychology,84,14,4,26,27,13,168,50,53,29,98
Public Administration,17,0,1,3,1,2,24,29,17,0,100
"Public, Environmental & Occupational Health",41,43,2,7,18,9,120,65,24,12,95
"Radiology, Nuclear Medicine & Medical Imaging",3,0,0,1,3,0,7,57,3,0,100
Rehabilitation,12,0,0,0,0,1,13,7,10,2,100
Religion,9,0,0,1,1,0,11,18,5,3,90
Remote Sensing,7,7,1,0,2,0,17,58,4,0,82
Reproductive Biology,2,0,0,0,0,1,3,33,2,0,100
Research & Experimental Medicine,3,11,0,1,1,0,16,81,0,1,87
Respiratory System,2,2,0,0,0,0,4,50,1,0,75
Rheumatology,0,4,0,1,0,0,5,100,0,0,100
Robotics,2,0,0,0,0,0,2,0,1,0,50
Science & Technology - Other Topics,48,133,1,6,16,10,214,77,32,6,95
Social Issues,6,0,0,0,3,0,9,33,5,0,88
Social Sciences - Other Topics,50,80,1,5,5,9,150,66,40,6,97
Social Work,10,3,0,3,1,1,18,44,7,3,100
Sociology,21,0,1,1,2,1,26,19,17,4,100
Spectroscopy,2,0,0,0,0,0,2,0,2,0,100
Sport Sciences,30,6,0,0,2,4,42,28,21,4,88
Substance Abuse,18,0,1,4,4,1,28,35,17,1,100
Surgery,4,0,0,1,1,0,6,33,2,1,83
Telecommunications,7,18,0,0,4,0,29,75,2,4,96
Theater,3,0,0,0,0,0,3,0,2,1,100
Thermodynamics,3,1,0,0,0,0,4,25,3,0,100
Toxicology,3,8,0,0,0,1,12,75,2,0,91
Transportation,15,0,1,0,3,2,21,28,13,0,90
Tropical Medicine,1,1,2,0,0,0,4,75,1,0,100
Urban Studies,7,0,2,1,4,0,14,50,7,0,100
Urology & Nephrology,0,1,0,1,0,0,2,100,0,0,100
Veterinary Sciences,147,115,1,14,12,6,295,50,132,4,96
Virology,1,8,1,1,0,0,11,90,1,0,100
Water Resources,28,4,1,3,3,7,46,39,28,0,100
Women's Studies,16,0,0,0,0,0,16,100,0,0,100
Zoology,31,79,0,4,3,1,118,73,26,3,98
