Repository,Items,Published Version,Accepted Version,Submitted Version,Null
DiVA.org,2,2,0,0,0
EVASTAR-Karlsruhe.de,2,2,0,0,0
HAL,14,13,0,1,0
RePEc,8,6,0,2,0
aaltodoc.aalto.fi,1,1,0,0,0
ageconsearch.umn.edu,3,3,0,0,0
agritrop.cirad.fr,1,1,0,0,0
alma.44SUR_INST,1,0,1,0,0
arXiv.org,1,0,0,1,0
archive.ugent.be,1,1,0,0,0
centaur.reading.ac.uk,4,0,4,0,0
cgspace.cgiar.org,1,1,0,0,0
cronfa.swan.ac.uk,1,0,1,0,0
deepblue.lib.umich.edu,1,1,0,0,0
digital.csic.es,4,3,0,1,0
digital.library.adelaide.edu.au,2,2,0,0,0
digitalcommons.lsu.edu,1,1,0,0,0
digitalcommons.uri.edu,2,2,0,0,0
directory.doabooks.org,1,0,0,1,0
dirros.openscience.si,1,1,0,0,0
discovery.dundee.ac.uk,1,1,0,0,0
doc.rero.ch,4,3,0,1,0
dora,1,1,0,0,0
dro.dur.ac.uk.OAI2,5,0,5,0,0
dspace.stir.ac.uk,1,1,0,0,0
dspace.uni.lodz.pl,1,1,0,0,0
dugi-doc,2,2,0,0,0
e-archivo.uc3m.es,1,1,0,0,0
e-space.mmu.ac.uk,2,0,2,0,0
econstor.eu,10,9,0,1,0
eprint.ncl.ac.uk,1,1,0,0,0
eprints.bournemouth.ac.uk,1,0,1,0,0
eprints.glos.ac.uk,1,0,1,0,0
eprints.kingston.ac.uk,2,2,0,0,0
eprints.lancs.ac.uk,1,0,1,0,0
eprints.lincoln.ac.uk,1,0,1,0,0
eprints.qut.edu.au,6,5,0,1,0
eprints.soas.ac.uk,1,0,1,0,0
eprints.soton.ac.uk,1,0,1,0,0
eprints.ucl.ac.uk.OAI2,7,5,0,2,0
eprints.usq.edu.au,1,0,1,0,0
eprints.utas.edu.au,1,0,1,0,0
eprints.whiterose.ac.uk,9,5,4,0,0
escholarship.org,1,0,0,1,0
europepmc.org,56,55,1,0,0
frl.publisso.de,2,2,0,0,0
gala.gre.ac.uk,1,0,1,0,0
hau.collections.crest.ac.uk,1,0,1,0,0
https,2,1,1,0,0
idus.us.es,2,2,0,0,0
ir.canterbury.ac.nz,3,2,0,1,0
iris.uniroma1.it,1,1,0,0,0
jdc.jefferson.edu,1,1,0,0,0
jupiter.its.unimelb.edu.au,16,15,0,1,0
kops.uni-konstanz.de,6,5,0,1,0
lib.dr.iastate.edu,1,1,0,0,0
library.wur.nl,5,5,0,0,0
libres.uncg.edu,1,1,0,0,0
macau.uni-kiel.de,1,1,0,0,0
mdpi.com,56,53,0,3,0
nora.nerc.ac.uk,6,0,6,0,0
oai.bibliothek.uni-kassel.de,1,1,0,0,0
opus-zb.helmholtz-muenchen.de,1,1,0,0,0
opus.lib.uts.edu.au,1,1,0,0,0
orbi.ulg.ac.be,1,1,0,0,0
ore.exeter.ac.uk,1,0,1,0,0
oro.open.ac.uk,1,0,1,0,0
osti.gov,1,0,0,1,0
oulu.fi,1,1,0,0,0
ourarchive.otago.ac.nz,1,0,0,1,0
pub.cicero.oslo.no,1,0,0,1,0
pub.epsilon.slu.se,1,1,0,0,0
pure.atira.dk,3,1,0,2,0
pure.ed.ac.uk,3,1,0,2,0
pure.iiasa.ac.at,1,0,1,0,0
pure.mpg.de,1,1,0,0,0
pure.qub.ac.uk,1,1,0,0,0
real.mtak.hu,1,0,1,0,0
refubium.fu-berlin.de,4,3,0,1,0
repositori.irta.cat,1,1,0,0,0
repositori.udl.cat,1,1,0,0,0
repositorio.ul.pt,2,2,0,0,0
repository.essex.ac.uk,1,0,1,0,0
repository.rothamsted.ac.uk,1,1,0,0,0
repository.unair.ac.id,1,0,1,0,0
repository.uwc.ac.za,1,1,0,0,0
research-repository.griffith.edu.au,2,2,0,0,0
research-repository.st-andrews.ac.uk,1,1,0,0,0
research.bangor.ac.uk,2,1,0,1,0
researcharchive.lincoln.ac.nz,321,276,0,45,0
researchbank.ac.nz,1,1,0,0,0
researchcommons.waikato.ac.nz,1,1,0,0,0
researchonline.jcu.edu.au,1,0,1,0,0
researchonline.ljmu.ac.uk,2,0,2,0,0
researchonline.lshtm.ac.uk,2,0,2,0,0
researchportal.port.ac.uk,1,0,0,1,0
researchrepository.murdoch.edu.au,2,2,0,0,0
scholar.sun.ac.za,2,2,0,0,0
sdu.dk,1,1,0,0,0
share.osf.io,1,1,0,0,0
spiral.imperial.ac.uk,2,2,0,0,0
sro.sussex.ac.uk,1,0,1,0,0
t-stor.teagasc.ie,3,2,0,1,0
tudelft.nl,1,1,0,0,0
urm_publish,1,0,1,0,0
usiena-air.unisi.it,1,1,0,0,0
vubissmart,1,1,0,0,0
wrap.eprints.org,1,0,1,0,0
www.research-collection.ethz.ch,2,2,0,0,0
www.zora.uzh.ch,2,0,2,0,0
zenodo.org,9,9,0,0,0
