Department,Total,closed,gold,diamond,bronze,green,hybrid,Journal articles,Open,% Open,Closed/AAM embargoed,Closed/AAM immediate,Potential % open
"2 Lincoln Agritech Limited, Lincoln University",1,1,0,0,0,0,0,1,0,0%,1,0,100%
"AERU, Lincoln University",1,1,0,0,0,0,0,1,0,0%,1,0,100%
"AERU, PO Box 85084, Lincoln University",1,0,0,0,0,0,1,1,1,100%,0,0,100%
"AGLS Faculty, Lincoln University",2,1,0,0,0,1,0,2,1,50%,1,0,100%
"AgResearch Limited, Hamilton, New Zealand, Lincoln University",1,0,0,0,1,0,0,1,1,100%,0,0,100%
"AgResearch Lincoln Research Centre, Christchurch, New Zealand, Faculty of Agriculture and Life Sciences, Lincoln University",1,0,1,0,0,0,0,1,1,100%,0,0,100%
"AgResearch Lincoln Research Centre, Christchurch, PB 4749, New Zealand, Faculty of Agriculture and Life Sciences, Lincoln University",1,0,1,0,0,0,0,1,1,100%,0,0,100%
"AgResearch, Lincoln Research Centre, Christchurch, New Zealand, Faculty of Agriculture and Life Sciences, Lincoln University",4,4,0,0,0,0,0,4,0,0%,4,0,100%
"AgResearch, Lincoln Science Centre, Christchurch, New Zealand, Faculty of Agriculture and Life Sciences, Lincoln University",5,1,1,0,0,2,1,5,4,80%,1,0,100%
"AgResearch, Lincoln Science Centre, Hamilton, New Zealand, Faculty of Agriculture and Life Sciences, Lincoln University",1,0,1,0,0,0,0,1,1,100%,0,0,100%
"AgResearch, Lincoln Science Centre, Lincoln, New Zealand, Department of Soil and Physical Sciences, Lincoln University",1,0,1,0,0,0,0,1,1,100%,0,0,100%
"AgResearch, Lincoln Science Centre, Lincoln, New Zealand, Faculty of Agriculture and Life Sciences, Lincoln University",1,1,0,0,0,0,0,1,0,0%,1,0,100%
"AgResearch, Lincoln Science Centre, Private Bag 4749, Christchurch, 8140, New Zealand, Faculty of Agriculture and Life Sciences, Lincoln University",4,0,2,0,0,0,2,4,4,100%,0,0,100%
"AgResearch, Lincoln Science Centre, Private Bag 4749, Christchurch, 8140, New Zealand, Faculty of Agriculture and Life Sciences, P O Box 84, Lincoln University",2,0,1,0,0,0,1,2,2,100%,0,0,100%
"AgResearch, Lincoln University",1,0,0,0,0,1,0,1,1,100%,0,0,100%
"AgResearch, Ltd., Lincoln Research Centre, Proteins and Metabolites Team, Lincoln, New Zealand, Department of Wine, Food and Molecular Biosciences, Lincoln University",1,0,0,0,1,0,0,1,1,100%,0,0,100%
"Agresearch Grasslands, Tennent Drive, Fitzherbert, Palmerston North, New Zealand, Faculty of Life Sciences, Lincoln University",1,0,0,0,0,0,1,1,1,100%,0,0,100%
"Agri-Food Systems, Lincoln University",1,0,1,0,0,0,0,1,1,100%,0,0,100%
"Agribusiness and Economics Research Unit (AERU), Lincoln University",2,0,2,0,0,0,0,2,2,100%,0,0,100%
"Agribusiness and Economics Research Unit, Faculty of Agribusiness & Commerce, Lincoln University",1,1,0,0,0,0,0,1,0,0%,1,0,100%
"Agribusiness and Economics Research Unit, Lincoln University",4,2,2,0,0,0,0,4,2,50%,2,0,100%
"Agricultural Economics Research Unit (AERU), Lincoln University",1,1,0,0,0,0,0,1,0,0%,1,0,100%
"Agricultural and Life Sciences Division, Lincoln University",1,0,1,0,0,0,0,1,1,100%,0,0,100%
"Agriculture and Life Sciences Division, Lincoln University",2,1,1,0,0,0,0,2,1,50%,1,0,100%
"Agriculture and Life Sciences, Lincoln University",3,2,0,0,0,0,1,3,1,33%,1,1,100%
"Agrobusiness and Economics Research Unit, Lincoln University",1,1,0,0,0,0,0,1,0,0%,0,1,100%
Amarachukwu Anthony Anyanwu. Lincoln University,1,1,0,0,0,0,0,1,0,0%,1,0,100%
"Animal and Human Health Program, Faculty of Agribusiness and Commerce, Lincoln University",1,0,1,0,0,0,0,1,1,100%,0,0,100%
"AsureQuality, Lincoln University",1,1,0,0,0,0,0,1,0,0%,1,0,100%
"BHU Future Farming Centre, Lincoln University",1,0,1,0,0,0,0,1,1,100%,0,0,100%
"Bio Protection Research Centre, Lincoln University",2,0,0,0,0,0,2,2,2,100%,0,0,100%
"Bio-Protection Centre, Lincoln University",1,0,0,0,1,0,0,1,1,100%,0,0,100%
"Bio-Protection Research Center, Lincoln University",2,1,1,0,0,0,0,2,1,50%,1,0,100%
"Bio-Protection Research Centre, Lincoln University",70,27,15,1,4,6,17,70,43,61%,26,1,100%
"Bio-Protection Research Centre, P.O. Box 85084, Lincoln University",1,1,0,0,0,0,0,1,0,0%,1,0,100%
"Bio-Protection Research Centre, PO Box 85084, Lincoln University",2,1,1,0,0,0,0,2,1,50%,1,0,100%
"BioProtection Research Centre, Lincoln University",1,0,0,0,0,0,1,1,1,100%,0,0,100%
"Bioprotection Aotearoa, Lincoln University",1,0,0,0,0,0,1,1,1,100%,0,0,100%
"Bioprotection Research Centre, Lincoln University",2,2,0,0,0,0,0,2,0,0%,2,0,100%
"CSIRO Agriculture and Food, Narrabri, NSW, Australia, Faculty of Agriculture and Life Sciences, Lincoln University",1,0,1,0,0,0,0,1,1,100%,0,0,100%
"Canterbury Agriculture and Science Centre, Lincoln University",1,1,0,0,0,0,0,1,0,0%,1,0,100%
"Canterbury District Health Board, Christchurch, New Zealand, Research Management Office, Lincoln University",1,0,0,0,0,1,0,1,1,100%,0,0,100%
"Canterbury Museum, Christchurch, New Zealand, Department of Pest-management and Conservation, Lincoln University",1,1,0,0,0,0,0,1,0,0%,1,0,100%
"Cawthron Institute, Nelson, New Zealand, Centre for Wildlife Management and Conservation, Lincoln University",1,0,0,0,0,1,0,1,1,100%,0,0,100%
"Center for Advanced Computational Solutions (C-fACS), Lincoln University",1,1,0,0,0,0,0,0,0,,0,0,0%
"Center for Ecological Genomics and Wildlife Conservation, Department of Zoology, University of Johannesburg, Auckland Park, 2006, South Africa, Department of Pest-Management and Conservation, Faculty of Agriculture and Life Sciences, Lincoln University",1,0,1,0,0,0,0,1,1,100%,0,0,100%
"Center for Ecological Genomics and Wildlife Conservation, Department of Zoology, University of Johannesburg, Auckland Park, South Africa, Department of Pest-Management and Conservation, Faculty of Agriculture and Life Sciences, Lincoln University",1,0,1,0,0,0,0,1,1,100%,0,0,100%
"Center for Ecological Genomics and Wildlife Conservation, University of Johannesburg, Auckland Park, 2006, South Africa, Department of Pest-management and Conservation, Faculty of Agriculture and Life Sciences, Lincoln University",1,0,1,0,0,0,0,1,1,100%,0,0,100%
"Center for Ecological Genomics and Wildlife Conservation, University of Johannesburg, Auckland Park, South Africa, Department of Pest-management and Conservation, Faculty of Agriculture and Life Sciences, Lincoln University",1,1,0,0,0,0,0,1,0,0%,1,0,100%
"Center for International Cooperation, Ministry of Agriculture, Jakarta, Indonesia, Faculty of Agribusiness and Commerce, Lincoln University",1,1,0,0,0,0,0,1,0,0%,0,1,100%
"Center of Plant, Soil Interaction and Natural Resources Biotechnology, Scientific and Biotechnological Bioresource Nucleus (BIOREN-UFRO), Universidad de La Frontera, Temuco, 4780000, Chile, Doctorado en Ciencias de Recursos Naturales, Universidad de La Frontera, Avenida Francisco Salazar, 01145, P.O. Box 54-D, Temuco, 4780000, Chile, Faculty of Agriculture and Life Sciences, Lincoln University",1,1,0,0,0,0,0,1,0,0%,0,0,0%
"Centre for Advanced Computational Solutions (C-fACS), Department of Molecular Biosciences, Lincoln University",1,1,0,0,0,0,0,1,0,0%,1,0,100%
"Centre for Advanced Computational Solutions (C-fACS), Faculty of Agriculture and Life Sciences, Lincoln University",1,0,1,0,0,0,0,1,1,100%,0,0,100%
"Centre for Advanced Computational Solutions (C-fACS), Lincoln University",3,1,2,0,0,0,0,3,2,66%,1,0,100%
"Centre for Advanced Computational Solutions and Department of Molecular Biosciences, Lincoln University",1,1,0,0,0,0,0,1,0,0%,0,0,0%
"Centre for Agri-Environmental Research, School of Agriculture, Policy and Development, University of Reading, Reading, Berkshire  RG6 6AR, United Kingdom, Faculty of Agribusiness and Commerce, Lincoln University",1,0,0,0,0,1,0,1,1,100%,0,0,100%
"Centre for Coastal Biogeochemistry, Faculty of Science and Engineering, Southern Cross University, Lismore, NSW, Australia, Now at Department of Soil and Physical Sciences, Lincoln University",1,1,0,0,0,0,0,1,0,0%,0,0,0%
"Centre for Excellence – Designing Future Productive Landscapes, Lincoln University",1,1,0,0,0,0,0,1,0,0%,1,0,100%
"Centre for Food Research and Innovation, Department of Wine, Food and Molecular Bioscience, Lincoln University",1,1,0,0,0,0,0,1,0,0%,0,0,0%
"Centre for Food Research and Innovation, Department of Wine, Food and Molecular Biosciences, Faculty of Agriculture & Life Sciences, Lincoln University",1,1,0,0,0,0,0,1,0,0%,1,0,100%
"Centre for Food Research and Innovation, Department of Wine, Food and Molecular Biosciences, Lincoln University",4,3,0,0,0,1,0,4,1,25%,3,0,100%
"Centre for Food Research and Innovation, Lincoln University",2,0,2,0,0,0,0,2,2,100%,0,0,100%
"Centre for Soil and Environmental Research, Lincoln University",9,9,0,0,0,0,0,9,0,0%,9,0,100%
"Centre for Wildlife Management & Conservation, Lincoln University",2,1,1,0,0,0,0,2,1,50%,1,0,100%
"Centre for Wildlife Management and Conservation, Lincoln University",2,0,1,0,0,1,0,2,2,100%,0,0,100%
"Centre of Advanced Computational Solutions (C-fACS), Lincoln University",1,0,1,0,0,0,0,1,1,100%,0,0,100%
"Centre of Advanced Computational Solutions and Department of Molecular Biosciences, Lincoln University",1,1,0,0,0,0,0,1,0,0%,0,0,0%
"Centre of Excellence (DFPL), Faculty of Agriculture and Life Sciences, Lincoln University",1,0,0,0,1,0,0,1,1,100%,0,0,100%
"Centre of Excellence Designing Future Productive Landscapes, Lincoln University",1,0,1,0,0,0,0,1,1,100%,0,0,100%
"Centre of Excellence, Designing Future Productive Landscapes, Lincoln University",1,0,1,0,0,0,0,1,1,100%,0,0,100%
"Centre of Excellence: Designing Future Production Landscapes, Faculty of Agriculture and Life Sciences, Lincoln University",1,1,0,0,0,0,0,1,0,0%,1,0,100%
"Centre of Excellence: Sustainable Tourism for Regions Landscapes and Communities, Lincoln University",1,0,0,0,0,1,0,1,1,100%,0,0,100%
"Centre of Excellence: Sustainable Tourism for Regions, Landscapes and Communities, Lincoln University",4,3,1,0,0,0,0,4,1,25%,3,0,100%
"Centre of Excellence: Sustainable Tourism, Lincoln University",1,0,1,0,0,0,0,1,1,100%,0,0,100%
"Centre of Excellence—Food for Future Consumers, Department of Wine, Food and Molecular Biosciences, Faculty of Agriculture and Life Sciences, Lincoln University",2,0,1,1,0,0,0,2,2,100%,0,0,100%
"Centrum für Naturkunde (CeNak), Universität Hamburg, Hamburg, Germany, Department of Pest-management and Conservation, Lincoln University",1,1,0,0,0,0,0,1,0,0%,1,0,100%
"College of Agricultural Sciences, Department of Veterinary Medicine, Guangdong Ocean University, Zhanjiang, China, Faculty of Agriculture and Life Sciences, Department of Wine, Food, and Molecular Biosciences, Lincoln University",1,0,1,0,0,0,0,1,1,100%,0,0,100%
"College of Agriculture and Forestry Science, Linyi University, Linyi, 276000, China, Department of Soil and Physical Sciences, Lincoln University",1,1,0,0,0,0,0,1,0,0%,1,0,100%
"College of Food Science and Technology, Hebei Agricultural University, Baoding, 073001, China, Department of Wine, Food and Molecular Biosciences, Faculty of Agriculture & Life Sciences, Lincoln University",2,0,2,0,0,0,0,2,2,100%,0,0,100%
"College of Food Science and Technology, Hebei Agricultural University, Baoding, China, Department of Wine, Food and Molecular Biosciences, Faculty of Agriculture & Life Sciences, Lincoln University",1,1,0,0,0,0,0,1,0,0%,1,0,100%
"College of Resources and Environmental Engineering, Ludong University, Yantai, Shandong  264025, China, Key Laboratory of Plant Nutrition and the Agri-environment in Northwest China, Ministry of Agriculture, Northwest A&F University, Yangling, Shaanxi  712100, China, Faculty of Agriculture and Life Science, Lincoln University",1,1,0,0,0,0,0,1,0,0%,1,0,100%
"Complex Systems, Big Data and Informatics (CSBII), Lincoln University",1,1,0,0,0,0,0,1,0,0%,1,0,100%
"Complex Systems, Big Data and Informatics Initiative (CSBII), Lincoln University",2,2,0,0,0,0,0,1,0,0%,1,0,50%
"Complex Systems, Big Data and Informatics Initiative (CSBII), New Zealand, Centre for Advanced Computational Solutions, Lincoln University",1,1,0,0,0,0,0,1,0,0%,1,0,100%
"DFPL (Centre for Excellence), Lincoln University",1,1,0,0,0,0,0,1,0,0%,1,0,100%
"DairyNZ Ltd, Canterbury Agriculture and Science Centre, Lincoln University",2,2,0,0,0,0,0,2,0,0%,2,0,100%
"DairyNZ Ltd, Lincoln University",3,0,0,0,0,1,2,3,3,100%,0,0,100%
"DairyNZ Ltd., Lincoln University",3,0,0,0,3,0,0,3,3,100%,0,0,100%
"DairyNZ, Canterbury Agriculture Science Centre, Lincoln University",1,1,0,0,0,0,0,1,0,0%,1,0,100%
"DairyNZ, Lincoln University",1,0,0,0,0,0,1,1,1,100%,0,0,100%
"Department Land Management and Systems, Lincoln University",1,0,0,0,0,0,1,1,1,100%,0,0,100%
"Department TRADE Research Entity, Faculty of Economics and Management Sciences, North-West University, Potchefstroom, South Africa, Faculty of Agribusiness and Commerce, Lincoln University",1,0,1,0,0,0,0,1,1,100%,0,0,100%
"Department Wine, Food and Molecular Biosciences, Lincoln University",1,0,1,0,0,0,0,1,1,100%,0,0,100%
"Department of Accounting and Finance, Faculty of Agribusiness and Commerce, Lincoln University",1,1,0,0,0,0,0,1,0,0%,0,1,100%
"Department of Accounting, Economics and Finance, Lincoln University",1,1,0,0,0,0,0,1,0,0%,0,1,100%
"Department of Agribusiness and Commerce, Lincoln University",2,1,0,0,0,1,0,2,1,50%,0,1,100%
"Department of Agribusiness and Markets, Faculty of Agribusiness and Commerce, Lincoln University",1,0,1,0,0,0,0,1,1,100%,0,0,100%
"Department of Agribusiness and Markets, Faculty of Commerce, Lincoln University",1,1,0,0,0,0,0,1,0,0%,0,1,100%
"Department of Agribusiness and Markets, Lincoln University",10,3,4,2,0,1,0,10,7,70%,2,1,100%
"Department of Agricultural Economics and Rural Development, University of Goettingen, Germany, Department of Global Value Chains and Trade, Lincoln University",1,1,0,0,0,0,0,1,0,0%,1,0,100%
"Department of Agricultural Science, Faculty of Agriculture and Life Sciences, Lincoln University",1,0,1,0,0,0,0,1,1,100%,0,0,100%
"Department of Agricultural Science, Lincoln University",2,0,2,0,0,0,0,2,2,100%,0,0,100%
"Department of Agricultural Sciences, Faculty of Agricultural and Life Sciences, Lincoln University",1,1,0,0,0,0,0,1,0,0%,0,1,100%
"Department of Agricultural Sciences, Faculty of Agriculture and Life Sciences, Lincoln University",9,3,4,0,0,2,0,9,6,66%,3,0,100%
"Department of Agricultural Sciences, Lincoln University",2,1,1,0,0,0,0,2,1,50%,1,0,100%
"Department of Agriculture and Life Sciences, Lincoln University",1,0,1,0,0,0,0,1,1,100%,0,0,100%
"Department of Biological Sciences, Louisiana State University, Baton Rouge, LA, United States, The Bio-Protection Research Centre, Lincoln University",1,0,0,0,1,0,0,1,1,100%,0,0,100%
"Department of Biosystems Engineering, Shiraz University, Shiraz, 71441, Iran, Lincoln Agritech Ltd., Lincoln University",1,0,0,1,0,0,0,1,1,100%,0,0,100%
"Department of Botany and Plant Pathology, Oregon State University, Corvallis, OR  97331, United States, Bio-Protection Research Centre, Lincoln University",1,1,0,0,0,0,0,1,0,0%,1,0,100%
"Department of Business and Finance, Department of Accounting, Finance and Economics, Faculty of Commerce, Lincoln University",1,1,0,0,0,0,0,1,0,0%,1,0,100%
"Department of Business and Finance, Faculty of Agribusiness and Commerce, Lincoln University",1,1,0,0,0,0,0,1,0,0%,0,1,100%
"Department of Civil Engineering, Faculty of Engineering, University of Peradeniya, Peradeniya, 20400, Sri Lanka, Department of Soil and Physical Sciences, Lincoln University",1,1,0,0,0,0,0,1,0,0%,1,0,100%
"Department of Computer Science, Faculty of Computer and Information Technology, Jerash University, Jerash, Jordan, Complex Systems, Big Data and Informatics Initiative (CSBII), Lincoln University",1,1,0,0,0,0,0,0,0,,0,0,0%
"Department of Conservation, New Zealand, Lincoln University",1,1,0,0,0,0,0,1,0,0%,1,0,100%
"Department of Conservation, Private Bag 4715, Christchurch, New Zealand, Centre for Wildlife Management & Conservation, Lincoln University",1,0,1,0,0,0,0,1,1,100%,0,0,100%
"Department of Ecology, Lincoln University",3,2,1,0,0,0,0,3,1,33%,2,0,100%
"Department of Environmental Management, Faculty of Environment, Society and Design, Lincoln University",2,0,2,0,0,0,0,2,2,100%,0,0,100%
"Department of Environmental Management, Lincoln University",11,9,0,0,0,0,2,11,2,18%,8,1,100%
"Department of Financial and Business Analysis, Lincoln University",2,1,0,0,0,1,0,2,1,50%,1,0,100%
"Department of Financial and Business System, Faculty of Agribusiness and Commerce, Lincoln University",4,3,1,0,0,0,0,4,1,25%,1,2,100%
"Department of Financial and Business Systems, Faculty of Agribusiness and Commerce, Lincoln University",4,1,3,0,0,0,0,4,3,75%,1,0,100%
"Department of Financial and Business Systems, Lincoln University",10,8,1,0,1,0,0,10,2,20%,6,2,100%
"Department of Food Science, Faculty of Science and Technology, Aarhus University, Kirstinebjergvej 10, Aarslev, 5792, Denmark, Department of Wine, Food and Molecular Biosciences, Faculty of Agriculture and Life Sciences, Lincoln University",1,1,0,0,0,0,0,1,0,0%,1,0,100%
"Department of Food Science, University of Otago, PO Box 56, Dunedin, 9054, New Zealand, Department of Wine, Food and Molecular Biosciences, Lincoln University",1,0,1,0,0,0,0,1,1,100%,0,0,100%
"Department of Global Value Chain & Trade, Faculty of Agribusiness and Commerce, Lincoln University",2,0,0,0,0,0,2,2,2,100%,0,0,100%
"Department of Global Value Chain and Trade, Lincoln University",2,2,0,0,0,0,0,2,0,0%,1,1,100%
"Department of Global Value Chains & Trade, Faculty of Agribusiness & Commerce, Lincoln University",1,1,0,0,0,0,0,1,0,0%,1,0,100%
"Department of Global Value Chains and Trade, Faculty of Agribusiness and Commerce, Lincoln University",42,33,4,0,2,1,2,42,9,21%,31,2,100%
"Department of Global Value Chains and Trade, Lincoln University",5,4,1,0,0,0,0,5,1,20%,3,1,100%
"Department of Global Value Chains, Faculty of Agribusiness and Commerce, Lincoln University",1,1,0,0,0,0,0,1,0,0%,1,0,100%
"Department of International Economics, Thuongmai University, Hanoi, Viet Nam, Department of Financial and Business Systems, Lincoln University",1,0,1,0,0,0,0,1,1,100%,0,0,100%
"Department of Land Management and Systems, Faculty of Agribusiness and Commerce, Lincoln University",2,0,1,0,0,0,1,2,2,100%,0,0,100%
"Department of Land Management and Systems, Lincoln University",10,4,4,2,0,0,0,10,6,60%,3,0,90%
"Department of Land Management and Systems, Orchard O05, Lincoln University",1,0,1,0,0,0,0,1,1,100%,0,0,100%
"Department of Pest Management and Conservation, Lincoln University",4,3,1,0,0,0,0,4,1,25%,3,0,100%
"Department of Pest-Management and Conservation, Faculty of Agriculture & Life Sciences, Lincoln University",1,0,1,0,0,0,0,1,1,100%,0,0,100%
"Department of Pest-Management and Conservation, Faculty of Agriculture and Life Sciences, Lincoln University",2,0,2,0,0,0,0,2,2,100%,0,0,100%
"Department of Pest-Management and Conservation, Lincoln University",3,1,2,0,0,0,0,3,2,66%,1,0,100%
"Department of Pest-management and Conservation, Faculty of Agriculture & Life Sciences, Lincoln University",1,1,0,0,0,0,0,1,0,0%,1,0,100%
"Department of Pest-management and Conservation, Faculty of Agriculture and Life Sciences, Lincoln University",7,4,1,0,2,0,0,7,3,42%,4,0,100%
"Department of Pest-management and Conservation, Lincoln University",10,6,1,0,1,1,1,10,4,40%,6,0,100%
"Department of Pest‐Management and Conservation, Faculty of Agriculture and Life Sciences, Lincoln University",1,0,1,0,0,0,0,1,1,100%,0,0,100%
"Department of Political Science and International Relations, University of Canterbury, Christchurch, New Zealand, Department of Environmental Management, Lincoln University",1,0,0,0,0,1,0,1,1,100%,0,0,100%
"Department of Radiology, University of Otago Christchurch, Christchurch, 8011, New Zealand, Department of Wine, Food and Molecular Biosciences, Lincoln University",1,0,1,0,0,0,0,1,1,100%,0,0,100%
"Department of Soil Science, Faculty of Agriculture and Life Sciences, Lincoln University",1,1,0,0,0,0,0,1,0,0%,1,0,100%
"Department of Soil Science, Lincoln University",4,3,1,0,0,0,0,4,1,25%,3,0,100%
"Department of Soil and Physical Sciences, Faculty of Agriculture and Life Science, Lincoln University",5,4,0,0,1,0,0,5,1,20%,4,0,100%
"Department of Soil and Physical Sciences, Faculty of Agriculture and Life Sciences, Lincoln University",9,8,0,0,0,0,1,9,1,11%,7,1,100%
"Department of Soil and Physical Sciences, Lincoln University",33,20,4,1,1,3,4,33,13,39%,20,0,100%
"Department of Tourism, Lincoln University",1,1,0,0,0,0,0,0,0,,0,0,0%
"Department of Tourism, Sport & Society, Lincoln University",2,1,0,0,0,0,1,2,1,50%,0,0,50%
"Department of Tourism, Sport and Society, Faculty of Environment, Society and Design, Lincoln University",2,2,0,0,0,0,0,2,0,0%,2,0,100%
"Department of Tourism, Sport and Society, Lincoln University",17,12,4,0,0,0,1,16,4,25%,10,2,94%
"Department of Tourism, Sport, and Society, Lincoln University",1,0,1,0,0,0,0,1,1,100%,0,0,100%
"Department of Wine Food and Molecular Biosciences, Faculty of Agriculture and Life Sciences, Lincoln University",12,12,0,0,0,0,0,11,0,0%,11,0,91%
"Department of Wine Food and Molecular Biosciences, Lincoln University",3,3,0,0,0,0,0,3,0,0%,2,0,66%
"Department of Wine and Food Science, Waite Research Institute, University of Adelaide (UA), Waite Campus, PMB 1, Glen Osmond, SA  5064, Australia, Australian Research Council Training Centre for Innovative Wine Production, UA, Waite Campus, PMB 1, Glen Osmond, SA  5064, Australia, Faculty of Agriculture and Life Sciences, Lincoln University",1,0,1,0,0,0,0,1,1,100%,0,0,100%
"Department of Wine, Food & Molecular Biosciences, Faculty of Agriculture and Life Sciences, Lincoln University",1,1,0,0,0,0,0,1,0,0%,0,0,0%
"Department of Wine, Food & Molecular Biosciences, Lincoln University",2,1,1,0,0,0,0,2,1,50%,1,0,100%
"Department of Wine, Food Molecular Biosciences, Lincoln University",2,2,0,0,0,0,0,2,0,0%,2,0,100%
"Department of Wine, Food and Molecular Bioscience, Lincoln University",1,0,1,0,0,0,0,1,1,100%,0,0,100%
"Department of Wine, Food and Molecular Biosciences, Faculty of Agriculture & Life Sciences, Lincoln University",16,12,4,0,0,0,0,16,4,25%,10,2,100%
"Department of Wine, Food and Molecular Biosciences, Faculty of Agriculture and Life Sciences, Lincoln University",34,12,18,1,0,3,0,34,22,64%,11,1,100%
"Department of Wine, Food and Molecular Biosciences, Lincoln University",71,49,13,0,5,4,0,58,22,37%,31,5,81%
"Department of Wine, Food, and Molecular Biosciences, Faculty of Agriculture and Life Science, Lincoln University",1,1,0,0,0,0,0,1,0,0%,0,0,0%
"Department of Wine, Food, and Molecular Biosciences, Faculty of Agriculture and Life Sciences, Lincoln University",1,0,0,0,0,1,0,1,1,100%,0,0,100%
"Department of Wine, Food, and Molecular Biosciences, Lincoln University",1,1,0,0,0,0,0,1,0,0%,1,0,100%
"Department of Wine,Food and Molecular Biosciences, Lincoln University",1,0,1,0,0,0,0,1,1,100%,0,0,100%
"Dept of Agricultural Sciences, Lincoln University",1,1,0,0,0,0,0,1,0,0%,1,0,100%
"Dept. of Civil Engineering, Faculty of Engineering, University of Peradeniya, Peradeniya, 20400, Sri Lanka, Dept. of Soil and Physical Sciences, Lincoln University",2,1,0,0,0,0,1,2,1,50%,1,0,100%
"Dept. of Soil and Physical Sciences, Lincoln University",2,1,0,0,0,0,1,2,1,50%,1,0,100%
"Dryland Pasture Research, Field Research Centre, Faculty of Agriculture & Life Sciences, Lincoln University",1,1,0,0,0,0,0,1,0,0%,1,0,100%
"Dryland Pasture Research, Field Research Centre, Lincoln University",1,1,0,0,0,0,0,1,0,0%,1,0,100%
"Dryland Pastures Research, Field Research Centre, Faculty of Agriculture & Life Sciences, Lincoln University",1,0,0,0,0,0,1,1,1,100%,0,0,100%
"Dryland Pastures Research, Field Research Centre, Faculty of Agriculture and Life Sciences, Lincoln University",3,0,0,0,0,0,3,3,3,100%,0,0,100%
"Electrical and Computer Engineering Department, The George Washington University, Washington, DC  20052, United States, Lincoln Agritech Ltd., Lincoln University",1,1,0,0,0,0,0,1,0,0%,0,1,100%
"Entomology Research Collection, Bio-Protection Research Centre, Lincoln University",3,2,0,1,0,0,0,3,1,33%,2,0,100%
"Faculty of Agribusiness and Commerce, Department of Financial and Business Systems, Lincoln University",1,1,0,0,0,0,0,1,0,0%,1,0,100%
"Faculty of Agribusiness and Commerce, Lincoln University",33,24,4,1,0,2,2,32,9,28%,18,5,96%
"Faculty of Agribusiness and Trade, Lincoln University",2,2,0,0,0,0,0,2,0,0%,2,0,100%
"Faculty of Agricultural Sciences, Lincoln University",1,0,1,0,0,0,0,1,1,100%,0,0,100%
"Faculty of Agricultural and Life Sciences, Lincoln University",4,2,1,0,0,0,1,4,2,50%,2,0,100%
"Faculty of Agriculture & Life Sciences, Field Research Centre, Lincoln University",1,1,0,0,0,0,0,1,0,0%,1,0,100%
"Faculty of Agriculture & Life Sciences, Lincoln University",6,6,0,0,0,0,0,6,0,0%,6,0,100%
"Faculty of Agriculture Life Sciences, Lincoln University",1,0,0,0,1,0,0,1,1,100%,0,0,100%
"Faculty of Agriculture and Life Science, Lincoln University",9,5,1,0,1,1,1,9,4,44%,5,0,100%
"Faculty of Agriculture and Life Sciences, Department of Agricultural Sciences, Lincoln University",1,1,0,0,0,0,0,1,0,0%,1,0,100%
"Faculty of Agriculture and Life Sciences, Department of Wine, Food, and Molecular Biosciences, Lincoln University",1,0,1,0,0,0,0,1,1,100%,0,0,100%
"Faculty of Agriculture and Life Sciences, Lincoln University",113,60,31,0,5,8,9,113,53,46%,53,3,96%
"Faculty of Agriculture and Life Sciences, P O Box 85084, Lincoln University",1,1,0,0,0,0,0,1,0,0%,1,0,100%
"Faculty of Agriculture and Life Sciences, P.O. Box 85084, Lincoln University",1,1,0,0,0,0,0,1,0,0%,1,0,100%
"Faculty of Agriculture and Life Sciences, PO Box 85084, Lincoln University",4,3,0,0,0,0,1,4,1,25%,1,0,50%
"Faculty of Animal Science and Technology, Gansu Key Laboratory of Herbivorous Animal Biotechnology, Gansu Agricultural University, Lanzhou, 730070, China, Gene-Marker Laboratory, Faculty of Agricultural and Life Sciences, Lincoln University",1,1,0,0,0,0,0,1,0,0%,1,0,100%
"Faculty of Banking, University of Economics – the University of Danang, Danang, Viet Nam, Faculty of Agribusiness and Commerce, Lincoln University",1,1,0,0,0,0,0,1,0,0%,1,0,100%
"Faculty of Banking, University of Economics, University of Danang, Danang, Viet Nam, Faculty of Agribusiness and Commerce, Lincoln University",1,1,0,0,0,0,0,1,0,0%,1,0,100%
"Faculty of Biology and Psychology, University of Goettingen, Goettingen, Germany, Faculty of Agriculture and Life Sciences, Lincoln University",1,1,0,0,0,0,0,1,0,0%,0,1,100%
"Faculty of Business Management, National Economics University, Vietnam and Lincoln University",1,1,0,0,0,0,0,1,0,0%,1,0,100%
"Faculty of Commerce, Lincoln University",1,1,0,0,0,0,0,1,0,0%,0,1,100%
"Faculty of Environment, Society & Design, Lincoln University",2,1,0,0,0,0,1,2,1,50%,1,0,100%
"Faculty of Environment, Society and Design, Department of Environmental Management, Lincoln University",1,1,0,0,0,0,0,1,0,0%,1,0,100%
"Faculty of Environment, Society and Design, Lincoln University",16,10,3,0,0,2,1,14,5,35%,9,0,87%
"Faculty of Environment, Society, and Design, Lincoln University",1,1,0,0,0,0,0,1,0,0%,1,0,100%
"Faculty of Life Sciences, Lincoln University",1,0,0,0,0,0,1,1,1,100%,0,0,100%
"Faculty of Veterinary and Agricultural Sciences, School of Agriculture and Food, University of Melbourne, Parkville, VIC  3010, Australia, Department of Wine, Food and Molecular Biosciences, Faculty of Agriculture and Life Sciences, Lincoln University",1,0,1,0,0,0,0,1,1,100%,0,0,100%
"Field Research Centre, Agriculture & Life Sciences Faculty, Lincoln University",1,1,0,0,0,0,0,1,0,0%,1,0,100%
"Field Research Centre, Agriculture and Life Sciences Faculty, Lincoln University",1,0,0,0,0,0,1,1,1,100%,0,0,100%
"Field Research Centre, Department of Agricultural Sciences, Lincoln University",1,0,0,0,0,0,1,1,1,100%,0,0,100%
"Field Research Centre, Faculty of Agriculture & Life Sciences, Lincoln University",2,2,0,0,0,0,0,2,0,0%,2,0,100%
"Field Research Centre, Faculty of Agriculture Life Sciences, Lincoln University",1,1,0,0,0,0,0,1,0,0%,1,0,100%
"Field Research Centre, Lincoln University",4,4,0,0,0,0,0,4,0,0%,4,0,100%
"Food & Bio-Based Products Group, AgResearch Ltd, Private Bag 4749, Christchurch, 8140, New Zealand, Wine, Food & Molecular Biosciences, Lincoln University",1,1,0,0,0,0,0,1,0,0%,1,0,100%
"Food Chemistry and Technology Department, Teagasc Food Research Centre, Moorepark, Fermoy, Co. Cork, Ireland, Department of Wine, Food and Molecular Biosciences, Lincoln University",1,1,0,0,0,0,0,1,0,0%,1,0,100%
"Food Group, Department of Wine, Food and Molecular Biosciences, Agriculture and Life Sciences, Lincoln University",1,1,0,0,0,0,0,1,0,0%,1,0,100%
"Food Group, Department of Wine, Food and Molecular Biosciences, Lincoln University",3,3,0,0,0,0,0,3,0,0%,1,2,100%
"Food Science, Department of Wine, Food and Molecular Biosciences, Lincoln University",4,4,0,0,0,0,0,4,0,0%,4,0,100%
"Forage Science Group, AgResearch, Christchurch, New Zealand, Bio-Protection Research Centre, Lincoln University",1,1,0,0,0,0,0,1,0,0%,1,0,100%
"Forage Science, AgResearch, Lincoln Research Centre, Christchurch, New Zealand, Bio-Protection Research Centre, Lincoln University",1,1,0,0,0,0,0,1,0,0%,1,0,100%
"Forestry and Wood Technology Discipline, Khulna University, Khulna, 9208, Bangladesh, Department of Pest Management & Conservation, Faculty of Agriculture and Life Sciences, Lincoln University",1,0,1,0,0,0,0,1,1,100%,0,0,100%
"Gansu Key Laboratory of Herbivorous Animal Biotechnology, Faculty of Animal Science and Technology, Gansu Agricultural University, Lanzhou, 730070, China, Gene-Marker Laboratory, Faculty of Agriculture and Life Science, Lincoln University",2,1,0,0,1,0,0,2,1,50%,1,0,100%
"Gansu Key Laboratory of Herbivorous Animal Biotechnology, Faculty of Animal Science and Technology, Gansu Agricultural University, Lanzhou, 730070, China, Gene-Marker Laboratory, Faculty of Agriculture and Life Sciences, Lincoln University",1,0,0,0,0,0,1,1,1,100%,0,0,100%
"Gansu Key Laboratory of Herbivorous Animal Biotechnology, Faculty of Animal Science and Technology, Gansu Agricultural University, Lanzhou, 730070, China, International Science and Technology Cooperation Base of Meat Sheep and Meat Cattle Genetic Improvement in Northwest of China, Gansu Agricultural University, Lanzhou, 730070, China, Gene-Marker Laboratory, Faculty of Agricultural and Life Sciences, Lincoln University",1,0,1,0,0,0,0,1,1,100%,0,0,100%
"Gansu Key Laboratory of Herbivorous Animal Biotechnology, Faculty of Animal Science and Technology, Gansu Agricultural University, Lanzhou, 730070, China, International Wool Research Institute, Faculty of Animal Science and Technology, Gansu Agricultural University, Lanzhou, 730070, China, Gene-Marker Laboratory, Faculty of Agriculture and Life Sciences, Lincoln University",1,0,1,0,0,0,0,1,1,100%,0,0,100%
"Gansu Key Laboratory of Herbivorous Animal Biotechnology, Faculty of Animal Science and Technology, Gansu Agricultural University, Lanzhou, 730070, China, International Wool Research Institute, Faculty of Animal Science and Technology, Gansu Agricultural University, Lanzhou, 730070, China, Gene‐Marker Laboratory, Faculty of Agriculture and Life Sciences, Lincoln University",1,0,1,0,0,0,0,1,1,100%,0,0,100%
"Gansu Key Laboratory of Herbivorous Animal Biotechnology, Faculty of Animal Science and Technology, Gansu Agricultural University, Lanzhou, 730070, China, International Wool Research Institute, Gansu Agricultural University, Lanzhou, 730070, China, Gene-Marker Laboratory, Faculty of Agriculture and Life Sciences, Lincoln University",1,0,1,0,0,0,0,1,1,100%,0,0,100%
"Gansu Key Laboratory of Herbivorous Animal Biotechnology, Faculty of Animal Science and Technology, Gansu Agricultural University, Lanzhou, China, Gene-Marker Laboratory, Faculty of Agriculture and Life Sciences, Lincoln University",1,0,1,0,0,0,0,1,1,100%,0,0,100%
"Gansu Key Laboratory of Herbivorous Animal Biotechnology, Faculty of Animal Science and Technology, Gansu Agricultural University, Lanzhou, China, Intl. Sci. and Technol. Coop. Base of Meat Sheep and Meat Cattle Genetic Improvement in Northwest of China, Gansu Agricultural University, Lanzhou, China, Gene-Marker Laboratory, Faculty of Agricultural and Life Sciences, Lincoln University",1,0,0,0,0,0,1,1,1,100%,0,0,100%
"Gene-Marker Laboratory, Department of Agricultural Sciences, Faculty of Agriculture and Life Sciences, Lincoln University",1,0,1,0,0,0,0,1,1,100%,0,0,100%
"Gene-Marker Laboratory, Department of Agricultural Sciences, Lincoln University",4,3,1,0,0,0,0,4,1,25%,3,0,100%
"Gene-Marker Laboratory, Faculty of Agricultural and Life Sciences, Lincoln University",3,2,1,0,0,0,0,3,1,33%,2,0,100%
"Gene-Marker Laboratory, Faculty of Agriculture and Life Sciences, Lincoln University",4,1,2,0,0,1,0,4,3,75%,1,0,100%
"Global Value Chains and Trade, Lincoln University",2,1,1,0,0,0,0,2,1,50%,0,1,100%
"Guest Editor Faculty of Agriculture and Life Sciences, Lincoln University",1,0,0,0,1,0,0,1,1,100%,0,0,100%
"Holistic Sustainability Consultancy, c/o Environment, Society & Design Division, Lincoln University",1,1,0,0,0,0,0,1,0,0%,1,0,100%
"II, Bio-Protection Research Centre, Lincoln University",1,1,0,0,0,0,0,1,0,0%,1,0,100%
"Institute of Food Science and Technology, CAAS/Key Laboratory of Agro-Products Processing, Ministry of Agriculture, Beijing, 100193, China, Department of Wine, Food and Molecular Biosciences, Lincoln University",1,0,1,0,0,0,0,1,1,100%,0,0,100%
"Institute of Food and Nutrition Development, Ministry of Agriculture and Rural Affairs, Beijing, China, Department of Global Value Chains and Trade, Faculty of Agribusiness and Commerce, Lincoln University",1,1,0,0,0,0,0,1,0,0%,1,0,100%
"InterAg, Private Bag 3123, Hamilton, 3204, New Zealand, Department of Agricultural Sciences, Lincoln University",1,0,1,0,0,0,0,1,1,100%,0,0,100%
"International Science and Technology Cooperation Base of Meat Sheep and Meat Cattle Genetic Improvement in Northwest of China, Gansu Agricultural University, Lanzhou, 730070, China, Gene-Marker Laboratory, Faculty of Agricultural and Life Sciences, Lincoln University",1,0,1,0,0,0,0,1,1,100%,0,0,100%
"International Wool Research Institute, College of Animal Science and Technology, Gansu Agricultural University, Lanzhou, 730070, China, Gene-Marker Laboratory, Faculty of Agriculture and Life Sciences, Lincoln University",1,0,1,0,0,0,0,1,1,100%,0,0,100%
"International Wool Research Institute, Faculty of Animal Science and Technology, Gansu Agricultural University, Lanzhou, 730070, China, Faculty of Agricultural and Life Sciences, Lincoln University",1,1,0,0,0,0,0,1,0,0%,1,0,100%
"International Wool Research Institute, Gansu Agricultural University, Lanzhou, 730070, China, Gene-Marker Laboratory, Faculty of Agricultural and Life Sciences, Lincoln University",1,0,1,0,0,0,0,1,1,100%,0,0,100%
"International Wool Research Institute, Gansu Agricultural University, Lanzhou, 730070, China, Gene-Marker Laboratory, Faculty of Agriculture and Life Sciences, Lincoln University",2,0,2,0,0,0,0,2,2,100%,0,0,100%
"International Wool Research Institute, Gansu Agricultural University, Lanzhou, 730070, China, Gene-marker Laboratory, Faculty of Agricultural and Life Sciences, Lincoln University",1,0,1,0,0,0,0,1,1,100%,0,0,100%
"Intl. Sci. and Technol. Coop. Base of Meat Sheep and Meat Cattle Genetic Improvement in Northwest of China, Gansu Agricultural University, Lanzhou, China, Gene-Marker Laboratory, Faculty of Agricultural and Life Sciences, Lincoln University",1,0,0,0,0,0,1,1,1,100%,0,0,100%
"Jr., Sustainable Intensification Program, International Maize and Wheat Improvement Center (CIMMYT), Texcoco, 56237, Mexico, Lincoln Agritech Ltd, Lincoln University",1,0,1,0,0,0,0,1,1,100%,0,0,100%
"Key Laboratory of Agro-products Quality and Safety Control in Storage and Transport Process, Ministry of Agriculture and Rural Affairs/Institute of Food Science and Technology, Chinese Academy of Agricultural Sciences, Beijing, 100193, China, Department of Wine, Food and Molecular Biosciences, Lincoln University",1,1,0,0,0,0,0,1,0,0%,1,0,100%
"Land Management and Systems, Faculty of Agribusiness and Commerce, Lincoln University",2,0,1,0,0,0,1,2,2,100%,0,0,100%
"Learning, Teaching and Library, Lincoln University",1,0,1,0,0,0,0,1,1,100%,0,0,100%
"Lincoln Agritech Limited, Lincoln University",2,1,1,0,0,0,0,1,1,100%,0,0,50%
"Lincoln Agritech Ltd, Engineering Drive, Lincoln University",1,0,1,0,0,0,0,1,1,100%,0,0,100%
"Lincoln Agritech Ltd., Lincoln University",2,2,0,0,0,0,0,2,0,0%,1,1,100%
"Lincoln Science Centre, AgResearch, Private Bag 4749, Christchurch, 8140, New Zealand, Faculty of Agriculture and Life Sciences, Lincoln University",1,1,0,0,0,0,0,1,0,0%,1,0,100%
"Lincoln Science Centre, Private Bag 4749, Christchurch, 8140, New Zealand, Bio-Protection Research Centre, Lincoln University",1,0,1,0,0,0,0,1,1,100%,0,0,100%
"Lincoln Univ, AERU",4,3,0,0,0,0,1,4,1,25%,3,0,100%
"Lincoln Univ, AGLS Fac",2,1,0,0,0,1,0,2,1,50%,1,0,100%
"Lincoln Univ, AgRes",1,0,0,0,0,1,0,1,1,100%,0,0,100%
"Lincoln Univ, Agr & Life Sci",3,1,0,0,0,0,2,3,2,66%,0,1,100%
"Lincoln Univ, Agr & Life Sci Div",3,1,2,0,0,0,0,3,2,66%,1,0,100%
"Lincoln Univ, Agr & Life Sci Fac",1,1,0,0,0,0,0,1,0,0%,1,0,100%
"Lincoln Univ, AgriBusiness Grp",1,0,1,0,0,0,0,1,1,100%,0,0,100%
"Lincoln Univ, Agribusiness & Econ Res Unit",3,1,2,0,0,0,0,3,2,66%,1,0,100%
"Lincoln Univ, Agribusiness & Econ Res Unit AERU",1,0,1,0,0,0,0,1,1,100%,0,0,100%
"Lincoln Univ, Agribusiness Grp",1,0,0,1,0,0,0,1,1,100%,0,0,100%
"Lincoln Univ, Agrifood Syst",1,0,1,0,0,0,0,1,1,100%,0,0,100%
"Lincoln Univ, Agrobusiness & Econ Res Unit",1,1,0,0,0,0,0,1,0,0%,0,1,100%
"Lincoln Univ, AsureQual",1,1,0,0,0,0,0,1,0,0%,1,0,100%
"Lincoln Univ, BHU Future Farming Ctr",1,0,1,0,0,0,0,1,1,100%,0,0,100%
"Lincoln Univ, Bio Protect Ctr",1,0,0,0,1,0,0,1,1,100%,0,0,100%
"Lincoln Univ, Bio Protect Res Ctr",5,2,1,0,0,0,2,5,3,60%,2,0,100%
"Lincoln Univ, BioProtect Res Ctr",3,1,0,0,0,0,2,3,2,66%,1,0,100%
"Lincoln Univ, Bioprotect Ctr",2,1,0,0,1,0,0,2,1,50%,0,0,50%
"Lincoln Univ, Bioprotect Res Centre",1,1,0,0,0,0,0,1,0,0%,1,0,100%
"Lincoln Univ, Bioprotect Res Ctr",95,39,21,3,5,7,20,95,56,58%,38,1,100%
"Lincoln Univ, Canterbury",1,0,0,0,0,0,1,1,1,100%,0,0,100%
"Lincoln Univ, Canterbury 7647",1,0,0,0,0,0,1,1,1,100%,0,0,100%
"Lincoln Univ, Canterbury Agr & Sci Ctr",3,3,0,0,0,0,0,3,0,0%,3,0,100%
"Lincoln Univ, Canterbury Museum",1,1,0,0,0,0,0,1,0,0%,1,0,100%
"Lincoln Univ, Christchurch",1,1,0,0,0,0,0,1,0,0%,1,0,100%
"Lincoln Univ, Complex Syst Big Data & Informat Initiat CSBII",3,2,1,0,0,0,0,3,1,33%,2,0,100%
"Lincoln Univ, Ctr Adv Computat Solut",1,1,0,0,0,0,0,1,0,0%,1,0,100%
"Lincoln Univ, Ctr Adv Computat Solut C fACS",5,2,3,0,0,0,0,5,3,60%,2,0,100%
"Lincoln Univ, Ctr Excellence DFPL",1,1,0,0,0,0,0,0,0,,0,0,0%
"Lincoln Univ, Ctr Excellence Designing Future Prod Landscape",1,0,1,0,0,0,0,1,1,100%,0,0,100%
"Lincoln Univ, Ctr Excellence Designing Future Prod Landscapes",1,0,1,0,0,0,0,1,1,100%,0,0,100%
"Lincoln Univ, Ctr Excellence Designing Future Product Landscape",1,1,0,0,0,0,0,1,0,0%,1,0,100%
"Lincoln Univ, Ctr Excellence Sustainable Tourism",1,0,1,0,0,0,0,1,1,100%,0,0,100%
"Lincoln Univ, Ctr Excellence Sustainable Tourism Reg Landscapes",5,4,0,0,0,1,0,5,1,20%,4,0,100%
"Lincoln Univ, Ctr Excellence: Sustainable Tourism Reg Landscape",1,0,1,0,0,0,0,1,1,100%,0,0,100%
"Lincoln Univ, Ctr Food Res & Innovat",7,4,2,0,0,1,0,7,3,42%,3,0,85%
"Lincoln Univ, Ctr Soil & Environm Res",10,10,0,0,0,0,0,10,0,0%,10,0,100%
"Lincoln Univ, Ctr Wildlife Management & Conservat",1,0,1,0,0,0,0,1,1,100%,0,0,100%
"Lincoln Univ, DFPL Ctr Excellence",1,1,0,0,0,0,0,1,0,0%,1,0,100%
"Lincoln Univ, Dairy NZ Ltd",1,0,0,0,1,0,0,1,1,100%,0,0,100%
"Lincoln Univ, DairyNZ",3,3,0,0,0,0,0,3,0,0%,1,2,100%
"Lincoln Univ, DairyNZ Ltd",6,2,1,0,2,1,0,6,4,66%,2,0,100%
"Lincoln Univ, Dept Accounting Econ & Finance",2,1,1,0,0,0,0,2,1,50%,0,1,100%
"Lincoln Univ, Dept Agr Sci",13,7,5,0,1,0,0,13,6,46%,5,2,100%
"Lincoln Univ, Dept Agribusiness & Commerce",3,2,0,0,0,1,0,3,1,33%,0,2,100%
"Lincoln Univ, Dept Agribusiness & Markets",10,4,3,2,0,1,0,10,6,60%,3,1,100%
"Lincoln Univ, Dept Agribusiness & Mkt",1,0,1,0,0,0,0,1,1,100%,0,0,100%
"Lincoln Univ, Dept Business & Finance",3,2,0,1,0,0,0,3,1,33%,1,1,100%
"Lincoln Univ, Dept Ecol",2,1,1,0,0,0,0,2,1,50%,1,0,100%
"Lincoln Univ, Dept Environm Management",13,9,1,0,1,0,2,13,4,30%,9,0,100%
"Lincoln Univ, Dept Financial & Business Anal",1,1,0,0,0,0,0,1,0,0%,1,0,100%
"Lincoln Univ, Dept Financial & Business Syst",16,7,7,0,1,1,0,16,9,56%,5,2,100%
"Lincoln Univ, Dept Global Value Chain & Trade",2,2,0,0,0,0,0,2,0,0%,1,1,100%
"Lincoln Univ, Dept Global Value Chains & Trade",13,13,0,0,0,0,0,13,0,0%,9,4,100%
"Lincoln Univ, Dept Land Management & Syst",10,2,5,2,0,0,1,10,8,80%,2,0,100%
"Lincoln Univ, Dept Mol Biosci",2,0,2,0,0,0,0,2,2,100%,0,0,100%
"Lincoln Univ, Dept Pest Management",1,0,1,0,0,0,0,1,1,100%,0,0,100%
"Lincoln Univ, Dept Pest Management & Conservat",18,10,5,0,0,2,1,18,8,44%,10,0,100%
"Lincoln Univ, Dept Pestmanagement & Conservat",1,1,0,0,0,0,0,1,0,0%,1,0,100%
"Lincoln Univ, Dept Soil & Phys Sci",42,26,4,1,1,3,7,42,16,38%,25,0,97%
"Lincoln Univ, Dept Soil Sci",4,3,1,0,0,0,0,4,1,25%,3,0,100%
"Lincoln Univ, Dept Tourism Sport & Soc",23,14,6,1,0,0,2,23,9,39%,10,4,100%
"Lincoln Univ, Dept Wine Food & Mol BioSci",1,1,0,0,0,0,0,1,0,0%,0,1,100%
"Lincoln Univ, Dept Wine Food & Mol Biosci",96,57,23,1,8,5,2,96,39,40%,49,6,97%
"Lincoln Univ, Dept Wine Food & Mol Biosciences",1,1,0,0,0,0,0,1,0,0%,1,0,100%
"Lincoln Univ, Dept Wine Food Mol Biosci",1,1,0,0,0,0,0,1,0,0%,1,0,100%
"Lincoln Univ, Econ",1,1,0,0,0,0,0,1,0,0%,0,1,100%
"Lincoln Univ, Ellesmere Junct Rd",1,0,1,0,0,0,0,1,1,100%,0,0,100%
"Lincoln Univ, Environm Soc & Design Div",1,1,0,0,0,0,0,1,0,0%,1,0,100%
"Lincoln Univ, Fac Agr & Life Sci",302,162,89,2,12,18,19,302,140,46%,144,11,97%
"Lincoln Univ, Fac Agr & LifeSci",1,0,1,0,0,0,0,1,1,100%,0,0,100%
"Lincoln Univ, Fac Agr Sci",1,0,1,0,0,0,0,1,1,100%,0,0,100%
"Lincoln Univ, Fac Agribusiness & Commerce",103,69,15,2,2,7,8,98,34,34%,54,10,95%
"Lincoln Univ, Fac Agribusiness & Trade",2,2,0,0,0,0,0,2,0,0%,2,0,100%
"Lincoln Univ, Fac Commerce",2,2,0,0,0,0,0,2,0,0%,0,2,100%
"Lincoln Univ, Fac Environm Soc & Design",28,17,6,0,1,3,1,26,11,42%,13,1,89%
"Lincoln Univ, Fac Life Sci",2,0,1,0,0,0,1,2,2,100%,0,0,100%
"Lincoln Univ, Farm Management",1,0,0,0,0,1,0,1,1,100%,0,0,100%
"Lincoln Univ, Field Res Ctr",3,3,0,0,0,0,0,3,0,0%,3,0,100%
"Lincoln Univ, Food Grp",1,1,0,0,0,0,0,1,0,0%,0,1,100%
"Lincoln Univ, Food Sci",2,2,0,0,0,0,0,2,0,0%,2,0,100%
"Lincoln Univ, Forbes 611",1,1,0,0,0,0,0,1,0,0%,1,0,100%
"Lincoln Univ, Forbes 611 POB 85084",1,1,0,0,0,0,0,1,0,0%,1,0,100%
"Lincoln Univ, Global Value Chains & Trade",2,1,1,0,0,0,0,2,1,50%,0,1,100%
"Lincoln Univ, Hist",2,2,0,0,0,0,0,2,0,0%,1,1,100%
"Lincoln Univ, Land Management & Syst",2,1,1,0,0,0,0,2,1,50%,0,0,50%
"Lincoln Univ, Landscape Architecture",1,1,0,0,0,0,0,1,0,0%,1,0,100%
"Lincoln Univ, Lincoln",2,1,0,0,1,0,0,2,1,50%,0,1,100%
"Lincoln Univ, Lincoln Agritech Ltd",7,4,3,0,0,0,0,7,3,42%,1,3,100%
"Lincoln Univ, Lincoln Agritech Ltd 2",1,1,0,0,0,0,0,1,0,0%,1,0,100%
"Lincoln Univ, POB 85084",3,1,0,0,1,1,0,3,2,66%,1,0,100%
"Lincoln Univ, Pest Management & Conservat Dept",1,1,0,0,0,0,0,1,0,0%,1,0,100%
"Lincoln Univ, Plant Biosecur",1,0,0,0,0,0,1,1,1,100%,0,0,100%
"Lincoln Univ, Private Bag 4800",1,1,0,0,0,0,0,1,0,0%,1,0,100%
"Lincoln Univ, Property & Valuat",1,0,1,0,0,0,0,1,1,100%,0,0,100%
"Lincoln Univ, Protect Res Ctr",1,0,1,0,0,0,0,1,1,100%,0,0,100%
"Lincoln Univ, Recreat Ctr",2,0,2,0,0,0,0,2,2,100%,0,0,100%
"Lincoln Univ, Res Management Off",1,0,0,0,0,1,0,1,1,100%,0,0,100%
"Lincoln Univ, Sch Agr & Life Sci",3,3,0,0,0,0,0,3,0,0%,2,1,100%
"Lincoln Univ, Sch Landscape Architecture",9,3,3,1,1,1,0,9,6,66%,3,0,100%
"Lincoln Univ, Seed Res Ctr",3,2,1,0,0,0,0,3,1,33%,2,0,100%
"Lincoln Univ, Teaching & Lib",1,0,1,0,0,0,0,1,1,100%,0,0,100%
"Lincoln Univ, Tourism",1,1,0,0,0,0,0,1,0,0%,1,0,100%
"Lincoln Univ, Waterways Ctr Freshwater Management",2,2,0,0,0,0,0,2,0,0%,2,0,100%
"Lincoln Univ, Whare Wanaka Aoraki",1,1,0,0,0,0,0,1,0,0%,0,1,100%
"Lincoln Univ, Wine Food & Mol Sci",1,1,0,0,0,0,0,1,0,0%,1,0,100%
"Lincoln Univ, Yili Innovat Ctr Oceania",2,2,0,0,0,0,0,2,0,0%,2,0,100%
Lincoln University,90,54,12,2,8,4,10,74,36,48%,28,8,80%
"Micropaleontology Laboratory, Geological Oceanography Division, National Institute of OceanographyGoa, India, Lincoln University",1,1,0,0,0,0,0,1,0,0%,1,0,100%
"National Economics University, Hanoi, Viet Nam, Lincoln University",1,1,0,0,0,0,0,1,0,0%,0,1,100%
"National Economics University, Vietnam and Lincoln University",2,2,0,0,0,0,0,2,0,0%,2,0,100%
"National Institute of Water and Atmospheric Research, Christchurch, New Zealand, Department of Environmental Management, Lincoln University",1,0,0,0,1,0,0,1,1,100%,0,0,100%
"Pest Management and Conservation Department, Lincoln University",1,1,0,0,0,0,0,1,0,0%,1,0,100%
"Plant Biosecurity Cooperative Research Centre, Bruce, ACT, Australia, The Bio-Protection Research Centre, Lincoln University",1,1,0,0,0,0,0,1,0,0%,1,0,100%
"Proteins and Metabolites Team, Agresearch, Christchurch, New Zealand, Faculty of Agriculture and Life Sciences, Lincoln University",1,1,0,0,0,0,0,1,0,0%,1,0,100%
"Putuo Hospital, Shanghai University of Traditional Chinese Medicine, Shanghai, China, Department of Wine, Food, and Molecular Bioscience, Faculty of Life Science, Lincoln University",1,0,1,0,0,0,0,1,1,100%,0,0,100%
"Recreation Centre, Lincoln University",2,0,2,0,0,0,0,2,2,100%,0,0,100%
"Research Fellow, Faculty of Environment, Society and Design, Lincoln University",1,1,0,0,0,0,0,1,0,0%,1,0,100%
"Resilient Agriculture, AgResearch, Lincoln Research Centre, Christchurch, New Zealand, Bio-Protection Research Centre, Lincoln University",1,0,1,0,0,0,0,1,1,100%,0,0,100%
"School of Agriculture and Food, Faculty of Veterinary and Agricultural Sciences, The University of Melbourne, Parkville, Australia, Department of Wine, Food and Molecular Biosciences, Faculty of Agriculture and Life Sciences, Lincoln University",1,0,0,0,1,0,0,1,1,100%,0,0,100%
"School of Agriculture and Food, Faculty of Veterinary and Agricultural Sciences, The University of Melbourne, Parkville, Victoria  3010, Australia, Faculty of Agriculture and Life Sciences, Lincoln University",1,0,0,0,0,1,0,1,1,100%,0,0,100%
"School of Agriculture and Food, Faculty of Veterinary and Agricultural Sciences, University of Melbourne, Melbourne, VIC  3010, Australia, Department of Wine, Food and Molecular Biosciences, Faculty of Agriculture and Life Sciences, Lincoln University",1,0,1,0,0,0,0,1,1,100%,0,0,100%
"School of Agriculture and Food, Faculty of Veterinary and Agricultural Sciences, University of MelbourneVIC  3010, Australia, Faculty of Agriculture and Life Sciences, Lincoln University",1,0,1,0,0,0,0,1,1,100%,0,0,100%
"School of Agriculture and Life Sciences, Lincoln University",2,2,0,0,0,0,0,2,0,0%,2,0,100%
"School of Banking and Finance, National Economics University, Hanoi, Viet Nam, Department of Agribusiness and Commerce, Lincoln University",1,1,0,0,0,0,0,1,0,0%,0,1,100%
"School of Banking and Finance, National Economics University, Hanoi, Viet Nam, Department of Financial and Business Systems, Lincoln University",1,0,0,0,1,0,0,1,1,100%,0,0,100%
"School of Banking and Finance, National Economics University, Hanoi, Viet Nam, Lincoln University",1,1,0,0,0,0,0,1,0,0%,0,1,100%
"School of Food Science and Engineering, Ministry of Education Engineering Research Centre of Starch & Protein Processing, Guangdong Province Key Laboratory for Green Processing of Natural Products and Product Safety, Overseas Expertise Introduction Center for Discipline Innovation of Food Nutrition and Human Health (111 Center), South China University of Technology, Guangzhou, 510640, China, Department of Wine, Food Molecular Biosciences, Lincoln University",1,1,0,0,0,0,0,1,0,0%,1,0,100%
"School of Food Science and Engineering, South China University of Technology, 381 Wushan Road, Guangzhou, 510640, China, Centre for Food Research and Innovation, Department of Wine, Food and Molecular Biosciences, Lincoln University",1,1,0,0,0,0,0,1,0,0%,1,0,100%
"School of Food Science and Engineering, South China University of Technology, 381 Wushan Road, Guangzhou, Guangdong  510640, China, Centre for Food Research and Innovation, Department of Wine, Food and Molecular Biosciences, Lincoln University",2,2,0,0,0,0,0,2,0,0%,2,0,100%
"School of Food Science and Engineering, South China University of Technology, Guangzhou, Guangdong  510640, China, Department of Wine, Food and Molecular Biosciences, Centre for Food Research and Innovation, Lincoln University",1,1,0,0,0,0,0,1,0,0%,1,0,100%
"School of Food Science and Engineering, South China University of Technology, Overseas Expertise Introduction Center for Discipline Innovation of Food Nutrition and Human Health (111 Center), Guangzhou, China, Department of Wine, Food Molecular Biosciences, Lincoln University",1,1,0,0,0,0,0,1,0,0%,1,0,100%
"School of Geography, University of Otago, Dunedin, New Zealand, School of Landscape Architecture, Lincoln University",1,0,0,0,1,0,0,1,1,100%,0,0,100%
"School of Landscape Architecture, Faculty of Environment, Society and Design, Lincoln University",5,1,3,0,0,1,0,5,4,80%,1,0,100%
"School of Landscape Architecture, Lincoln University",6,2,3,1,0,0,0,6,4,66%,2,0,100%
"School of Sciences, RMIT University, Melbourne, Australia, Department of Wine, Food and Molecular Biosciences, Lincoln University",1,0,0,0,1,0,0,1,1,100%,0,0,100%
"Scion, PO Box 29237, Riccarton, Christchurch, 8440, New Zealand, BioProtection Research Centre, Lincoln University",1,1,0,0,0,0,0,1,0,0%,1,0,100%
"Seed Research Centre, Lincoln University",4,4,0,0,0,0,0,4,0,0%,4,0,100%
"The AgriBusiness Group, Lincoln University",1,0,1,0,0,0,0,1,1,100%,0,0,100%
"The Agribusiness Group, Lincoln University",1,0,0,1,0,0,0,1,1,100%,0,0,100%
"The BHU Future Farming Centre, Lincoln, Canterbury, 7640, New Zealand, Faculty of Agricultural Sciences, Lincoln University",1,0,1,0,0,0,0,1,1,100%,0,0,100%
"The Bio-Protection Centre, Lincoln University",1,1,0,0,0,0,0,1,0,0%,0,0,0%
"The Bio-Protection Research Centre, Lincoln University",7,2,1,0,0,0,4,7,5,71%,2,0,100%
"The Bio-Protection Research Centre, School of Biological Sciences, University of Canterbury, Christchurch, New Zealand, The Bio-Protection Research Centre, Lincoln University",1,0,1,0,0,0,0,1,1,100%,0,0,100%
"The George Washington University, Washington, DC  20052, United States, Lincoln Agritech Ltd., Lincoln University",1,1,0,0,0,0,0,0,0,,0,0,0%
"The New Zealand Institute for Plant and Food Research Limited, Private Bag 4704, Christchurch, 8140, New Zealand, Faculty of Agriculture and Life Sciences, Lincoln University",1,0,0,0,0,0,1,1,1,100%,0,0,100%
"The State Key Laboratory of Grassland Agro-ecosystems, Lanzhou University, College of Pastoral Agriculture Science and Technology, Lanzhou, 730020, China, Department of Soil and Physical Sciences, Lincoln University",1,1,0,0,0,0,0,1,0,0%,1,0,100%
"The University of Pennsylvania, United States, The Lincoln University",1,1,0,0,0,0,0,1,0,0%,1,0,100%
"Tianjin Key Laboratory of Food Biotechnology, College of Biotechnology and Food Science, Tianjin University of Commerce, Tianjin, 300134, China, Department of Wine, Food and Molecular Biosciences, Lincoln University",1,1,0,0,0,0,0,1,0,0%,1,0,100%
"Tianjin Key Laboratory of Food Biotechnology, College of Biotechnology and Food Sciences, Tianjin University of Commerce, Tianjin, 300314, China, Department of Wine, Food and Molecular Biosciences, Lincoln University",1,0,1,0,0,0,0,1,1,100%,0,0,100%
"Tianjin Key Laboratory of Food and Biotechnology, School of Biotechnology and Food Science, Tianjin University of Commerce, Tianjin, 300134, China, Centre for Food Research and Innovation, Department of Wine, Food and Molecular Bioscience, Lincoln University",2,2,0,0,0,0,0,2,0,0%,0,0,0%
"Tianjin Key Laboratory of Food and Biotechnology, School of Biotechnology and Food Science, Tianjin University of Commerce, Tianjin, 300134, China, Department of Wine, Food and Molecular Biosciences, Faculty of Agriculture and Life Sciences, Lincoln University",2,1,1,0,0,0,0,2,1,50%,1,0,100%
Tourism at Lincoln University,1,1,0,0,0,0,0,1,0,0%,1,0,100%
"University of Edinburgh Business School, 29 Buccleuch Pl, Edinburgh, EH8 9JS, United Kingdom, Scotland's Rural College, Peter Wilson Building King's Buildings, West Mains Rd, Edinburgh, EH9 3JG, United Kingdom, Land Management and Systems, Faculty of Agribusiness and Commerce, Lincoln University",2,0,0,0,0,1,0,0,0,,0,0,0%
"Wanglin Ma is at, Department of Global Value Chains and Trade, Faculty of Agribusiness and Commerce, Lincoln University",1,1,0,0,0,0,0,1,0,0%,1,0,100%
"Waterways Centre for Freshwater Management, Lincoln University",2,2,0,0,0,0,0,2,0,0%,2,0,100%
"Waterways Centre for Freshwater Management, University of Canterbury and Lincoln University",3,2,0,0,0,0,1,3,1,33%,2,0,100%
"Wine Food and Molecular Sciences, Lincoln University",1,1,0,0,0,0,0,1,0,0%,1,0,100%
"Wine, Food and Molecular Biosciences, Lincoln University",1,0,1,0,0,0,0,1,1,100%,0,0,100%
"Yili Innovation Center Oceania, Lincoln University",1,1,0,0,0,0,0,1,0,0%,1,0,100%
"Yili Innovation Centre Oceania, Lincoln University",1,1,0,0,0,0,0,1,0,0%,1,0,100%
"Zero Invasive Predators, 39 Waiapu Road, Wellington, 6012, New Zealand, Department of Pest Management, Lincoln University",1,0,1,0,0,0,0,1,1,100%,0,0,100%
