WoS Subject,closed,gold,diamond,bronze,green,hybrid,Total,% Open,Closed/AAM embargoed,Closed/AAM immediate,Potential % open
Agriculture,156,37,4,15,14,24,250,37,133,14,96
Architecture,1,0,0,0,0,0,1,0,1,0,100
Area Studies,1,0,0,0,0,0,1,0,0,1,100
Automation & Control Systems,1,0,0,0,0,0,1,0,0,0,0
Behavioral Sciences,2,0,0,0,0,1,3,33,2,0,100
Biochemistry & Molecular Biology,14,7,0,1,0,3,25,44,13,1,100
Biodiversity & Conservation,8,8,1,1,1,8,27,70,7,1,100
Biophysics,1,0,0,0,0,0,1,0,1,0,100
Biotechnology & Applied Microbiology,15,3,2,3,4,1,28,46,13,1,96
Business & Economics,83,10,3,1,6,2,105,20,54,24,95
Cardiovascular System & Cardiology,0,2,0,0,0,0,2,100,0,0,100
Cell Biology,0,2,0,0,0,1,3,100,0,0,100
Chemistry,28,6,0,2,1,1,38,26,24,1,92
Computer Science,3,1,1,0,0,0,5,40,2,0,80
Construction & Building Technology,1,0,0,0,0,0,1,0,1,0,100
Cultural Studies,2,0,0,0,0,0,2,0,2,0,100
Demography,1,0,0,0,0,0,1,0,1,0,100
Development Studies,4,0,0,0,0,1,5,20,4,0,100
Developmental Biology,0,0,0,1,0,0,1,100,0,0,100
Education & Educational Research,0,0,0,0,1,0,1,100,0,0,100
Endocrinology & Metabolism,0,0,0,0,1,0,1,100,0,0,100
Energy & Fuels,1,1,0,0,0,0,2,50,1,0,100
Engineering,13,4,0,0,1,0,18,27,9,3,94
Entomology,17,2,0,0,2,2,23,26,17,0,100
Environmental Sciences & Ecology,76,36,0,5,10,24,151,49,72,2,98
Evolutionary Biology,2,0,0,0,0,0,2,0,2,0,100
Fisheries,2,1,0,0,0,1,4,50,2,0,100
Food Science & Technology,111,51,3,11,11,7,194,42,98,9,97
Forestry,2,2,0,0,0,1,5,60,2,0,100
General & Internal Medicine,0,1,0,0,0,0,1,100,0,0,100
Genetics & Heredity,3,11,0,1,1,2,18,83,3,0,100
Geochemistry & Geophysics,3,1,0,0,0,0,4,25,0,3,100
Geography,14,0,0,0,3,1,18,22,13,1,100
Geology,7,2,0,1,1,0,11,36,6,0,90
Geriatrics & Gerontology,0,0,0,0,1,0,1,100,0,0,100
Government & Law,1,0,0,0,0,0,1,0,0,1,100
History,2,0,0,0,0,0,2,0,2,0,100
History & Philosophy of Science,1,0,0,0,0,0,1,0,1,0,100
Imaging Science & Photographic Technology,4,0,0,0,0,0,4,0,1,3,100
Immunology,4,0,0,0,0,0,4,0,3,1,100
Information Science & Library Science,1,0,0,0,0,0,1,0,0,1,100
Instruments & Instrumentation,0,2,0,0,1,0,3,100,0,0,100
Integrative & Complementary Medicine,0,0,1,0,0,0,1,100,0,0,100
Legal Medicine,1,0,0,0,0,0,1,0,1,0,100
Life Sciences & Biomedicine - Other Topics,4,1,0,1,2,3,11,63,4,0,100
Marine & Freshwater Biology,4,0,0,0,0,1,5,20,4,0,100
Materials Science,0,1,0,0,0,0,1,100,0,0,100
Mathematical & Computational Biology,3,2,0,0,0,0,5,40,3,0,100
Mathematics,0,0,1,0,0,0,1,100,0,0,100
Meteorology & Atmospheric Sciences,7,4,0,2,1,0,14,50,6,0,92
Microbiology,19,6,0,5,3,1,34,44,15,4,100
Mycology,1,0,1,1,0,0,3,66,1,0,100
Neurosciences & Neurology,0,2,0,0,0,0,2,100,0,0,100
Nutrition & Dietetics,21,5,0,1,2,0,29,27,21,0,100
Oceanography,1,0,0,0,0,2,3,66,1,0,100
Oncology,0,1,0,0,0,0,1,100,0,0,100
Ophthalmology,1,0,0,0,0,0,1,0,1,0,100
Orthopedics,1,0,0,0,0,0,1,0,0,1,100
Parasitology,1,0,0,0,0,0,1,0,1,0,100
Pathology,1,0,0,0,0,0,1,0,1,0,100
Pediatrics,1,0,0,0,0,0,1,0,1,0,100
Pharmacology & Pharmacy,0,5,0,0,0,0,5,100,0,0,100
Physical Geography,3,0,0,2,1,3,9,66,3,0,100
Physics,2,0,0,0,0,0,2,0,2,0,100
Physiology,2,0,0,0,0,0,2,0,2,0,100
Plant Sciences,18,15,0,1,3,3,40,55,18,0,100
Polymer Science,3,0,0,0,0,0,3,0,3,0,100
Psychology,1,0,0,0,0,0,1,0,1,0,100
Public Administration,5,0,0,0,1,2,8,37,4,1,100
"Public, Environmental & Occupational Health",0,4,0,0,1,0,5,100,0,0,100
"Radiology, Nuclear Medicine & Medical Imaging",1,0,0,0,0,0,1,0,0,0,0
Rehabilitation,1,0,0,0,0,0,1,0,0,1,100
Remote Sensing,4,0,0,1,0,0,5,20,1,3,100
Reproductive Biology,2,0,0,1,0,0,3,33,2,0,100
Science & Technology - Other Topics,9,25,2,0,3,4,43,79,8,1,100
Social Issues,0,1,0,0,0,0,1,100,0,0,100
Social Sciences - Other Topics,38,2,0,1,0,2,43,11,32,5,97
Sociology,3,0,0,1,1,0,5,40,2,1,100
Spectroscopy,0,0,0,0,0,1,1,100,0,0,100
Sport Sciences,4,2,0,0,0,1,7,42,3,1,100
Telecommunications,0,1,0,0,0,0,1,100,0,0,100
Toxicology,1,2,0,0,0,0,3,66,1,0,100
Transportation,4,0,0,0,0,0,4,0,4,0,100
Urban Studies,3,0,0,0,0,1,4,25,3,0,100
Veterinary Sciences,10,21,1,1,0,2,35,71,10,0,100
Water Resources,11,3,0,2,0,1,17,35,11,0,100
Zoology,6,15,0,0,0,0,21,71,5,0,95
