"DOI","Error"
"10.3969/j.issn.1673-5005.2019.05.018","DOI not in crossref"
"10.3233/SHTI190598","DOI not in crossref"
"10.4230/LIPIcs.MFCS.2019.25","DOI not in crossref"
"10.3390/su11113063","Line did not execute"
"10.6133/apjcn.201903_28(1).0018","DOI not in crossref"
"10.34190/IKM.19.032","Invalid DOI"
"10.18462/iir.icr.2019.1308","Invalid DOI"
"10.18462/iir.icr.2019.1374","Invalid DOI"
"10.13140/RG.2.2.16512.89608","DOI not in crossref"
"10.18154/RWTH-CONV-239924","DOI not in crossref"
"10.18462/iir.icr.2019.0450","Invalid DOI"
"10.18462/iir.icr.2019.0451","Invalid DOI"
"10.18462/iir.icr.2019.1058","Invalid DOI"
"10.18462/iir.icr.2019.1084","Invalid DOI"
"10.3389/fevo.2019.153","Invalid DOI"
"10.1128/AEM.1613-20","Invalid DOI"
"10.1071/ANv60n18-FO","Invalid DOI"
"10.1098/rspb.2020.0948/rspb20200948","Invalid DOI"
"10.1098/rsos.200373rsos200373","Invalid DOI"
"10.3233/SHTI200381","DOI not in crossref"
"10.6531/JFS.20200324(3).0003","Invalid DOI"
"10.5836/ijam/2020-09-107","Invalid DOI"
"10.18462/iir.iccc.2020.292896","DOI not in crossref"
"10.18462/iir.rankine.2020.1124","DOI not in crossref"
"10.18462/iir.iccc.2020.292123","DOI not in crossref"
"10.4119/ijcv-3774","DOI not in crossref"
"10.3966/160792642020032102020","DOI not in crossref"
"10.1080/10408398.2020.1854169","Invalid DOI"
"10.5303/JKAS.2020.53.6.161","DOI not in crossref"
"10.1016/j.ijintrcl.2020.09.003","Invalid DOI"
"10.6133/apjcn.202009_29(3).0024","DOI not in crossref"
"10.1016/j.ijdrr.2010.101625","Invalid DOI"
"10.6531/JFS.202003_24(3).0003","DOI not in crossref"
"10.1002/14551858.00002845.pub3","Invalid DOI"
"10.19227/jzar.v813.401","Invalid DOI"
"10.1136/vetrec-2019-105535","Invalid DOI"
"10.1016/52589-7500(19)30130-X","Invalid DOI"
"10.20506/rst.38.2.3001","Invalid DOI"
"10.1136/vr.l05136","Invalid DOI"
"10.2979/victorianstudies.61.3.21","Invalid DOI"
"10.3220/LBF1582798632000","DOI not in crossref"
"10.5117/9789462983724_CH01","Invalid DOI"
