Repository,Items,Published Version,Accepted Version,Submitted Version,Null
DiVA.org,15,14,0,1,0
EVASTAR-Karlsruhe.de,1,1,0,0,0
HAL,41,22,0,19,0
RePEc,13,3,0,10,0
aber.ac.uk,3,2,0,1,0
accedacris.ulpgc.es,1,1,0,0,0
addi.ehu.es,1,1,0,0,0
ageconsearch.umn.edu,2,1,0,1,0
agritrop.cirad.fr,1,1,0,0,0
air.unimi.it,1,1,0,0,0
aquila.usm.edu,1,1,0,0,0
arXiv.org,89,0,1,88,0
archimer.ifremer.fr,4,1,0,3,0
archiv.ub.uni-heidelberg.de,1,1,0,0,0
archive.ugent.be,2,2,0,0,0
arro.anglia.ac.uk,1,0,1,0,0
atrium.lib.uoguelph.ca,1,0,1,0,0
aura.abdn.ac.uk,2,1,0,1,0
authors.library.caltech.edu,21,0,21,0,0
boa.unimib.it,1,1,0,0,0
boris.unibe.ch,4,4,0,0,0
cdm21054.contentdm.oclc.org,1,1,0,0,0
cds.cern.ch,1,1,0,0,0
centaur.reading.ac.uk,2,0,2,0,0
cgspace.cgiar.org,1,0,0,1,0
circle.library.ubc.ca,2,2,0,0,0
cris.maastrichtuniversity.nl,1,1,0,0,0
cris.unibo.it,3,3,0,0,0
cronfa.swan.ac.uk,4,3,1,0,0
ddd.uab.cat,1,1,0,0,0
dialnet.unirioja.es,3,0,0,3,0
digibug.ugr.es,1,1,0,0,0
digital.csic.es,8,6,0,2,0
digital.library.adelaide.edu.au,2,2,0,0,0
digitalcommons.csumb.edu,1,1,0,0,0
digitalcommons.fiu.edu,1,1,0,0,0
digitalcommons.unl.edu,1,1,0,0,0
digitalcommons.usu.edu,2,1,0,1,0
diposit.ub.edu,8,6,2,0,0
discovery.dundee.ac.uk,4,1,1,2,0
doab-books,1,0,0,1,0
dora.dmu.ac.uk,1,0,0,1,0
dro.deakin.edu.au,1,1,0,0,0
dro.dur.ac.uk.OAI2,3,0,3,0,0
dspace.lboro.ac.uk,2,0,2,0,0
dspace.stir.ac.uk,2,2,0,0,0
econstor.eu,1,0,0,1,0
edpsciences.org,1,0,0,1,0
elib.dlr.de,2,0,2,0,0
epic.awi.de,1,1,0,0,0
eprint.ncl.ac.uk,2,0,0,2,0
eprints.bournemouth.ac.uk,1,0,1,0,0
eprints.gla.ac.uk,7,0,7,0,0
eprints.keele.ac.uk,9,0,9,0,0
eprints.kingston.ac.uk,1,1,0,0,0
eprints.kmu.ac.ir,1,0,1,0,0
eprints.lancs.ac.uk,5,0,5,0,0
eprints.leedsbeckett.ac.uk,4,0,4,0,0
eprints.lib.hokudai.ac.jp,1,1,0,0,0
eprints.lincoln.ac.uk,4,0,4,0,0
eprints.qut.edu.au,6,3,0,3,0
eprints.soton.ac.uk,14,0,14,0,0
eprints.ucl.ac.uk.OAI2,13,8,0,5,0
eprints.usq.edu.au,6,0,2,4,0
eprints.utas.edu.au,12,0,12,0,0
eprints.vu.edu.au,2,0,2,0,0
eprints.whiterose.ac.uk,19,14,5,0,0
epub.uni-bayreuth.de,1,1,0,0,0
escholarship.org,11,8,0,3,0
espace.curtin.edu.au,2,1,0,1,0
espace.library.uq.edu.au,2,1,0,1,0
europepmc.org,460,451,9,0,0
figshare.com,18,9,0,9,0
flore.unifi.it,1,1,0,0,0
frl.publisso.de,3,3,0,0,0
fulir.irb.hr,1,1,0,0,0
gala.gre.ac.uk,3,0,3,0,0
generic.eprints.org,2,0,2,0,0
hau.collections.crest.ac.uk,1,0,1,0,0
helda.helsinki.fi,3,2,0,1,0
helvia.uco.es,2,2,0,0,0
hindawi.com,6,6,0,0,0
hira.hope.ac.uk,1,0,1,0,0
http,14,0,8,0,0
https,6,5,0,1,0
hull-repository.worktribe.com,1,1,0,0,0
icrisat,1,0,1,0,0
imr.brage.unit.no,1,1,0,0,0
infoscience.epfl.ch,1,0,0,1,0
ink.library.smu.edu.sg,5,2,1,2,0
ir.canterbury.ac.nz,8,0,0,8,0
ir.vanderbilt.edu,1,1,0,0,0
irep.ntu.ac.uk,1,0,1,0,0
iris.unito.it,3,2,0,1,0
jdecs1.ecs.soton.ac.uk,1,0,1,0,0
jupiter.its.unimelb.edu.au,17,15,0,2,0
kar.kent.ac.uk,3,0,3,0,0
kobv.de-opus4-uni-potsdam,2,2,0,0,0
kuscholarworks.ku.edu,2,2,0,0,0
lib.dr.iastate.edu,4,3,1,0,0
library.wur.nl,2,2,0,0,0
lirias2repo.kuleuven.be,2,1,0,1,0
localhost,1,1,0,0,0
lra.le.ac.uk,1,0,0,1,0
lup.lub.lu.se,1,1,0,0,0
mdpi.com,10,9,0,1,0
mro.massey.ac.nz,53,38,15,0,0
munin.uit.no,1,1,0,0,0
napier-surface.worktribe.com,1,0,0,1,0
nhm.openrepository.com,1,0,1,0,0
nmbu.brage.unit.no,1,0,0,1,0
nora.nerc.ac.uk,1,0,1,0,0
nottingham-repository.worktribe.com,11,2,7,2,0
nrl.northumbria.ac.uk,2,0,2,0,0
nsuworks.nova.edu,1,0,0,1,0
ntnuopen.ntnu.no,6,1,0,5,0
oapen,1,1,0,0,0
oatao.univ-toulouse.fr,1,0,1,0,0
oceanrep.geomar.de,1,0,1,0,0
ojs.ciatweb.ciat.cgiar.org,1,1,0,0,0
ojs.pkp.sfu.ca,2,2,0,0,0
ojs.www.ijic.org,1,1,0,0,0
oma.vliz.be,1,1,0,0,0
open.uct.ac.za,1,1,0,0,0
openaccess.sgul.ac.uk,5,0,5,0,0
openair.rgu.ac.uk,1,0,1,0,0
openpub.fmach.it,1,1,0,0,0
openrepository.aut.ac.nz,11,9,0,2,0
openresearch-repository.anu.edu.au,5,2,0,3,0
opus.lib.uts.edu.au,6,4,0,2,0
ora.ox.ac.uk,7,4,0,3,0
ore.exeter.ac.uk,1,1,0,0,0
oro.open.ac.uk,7,0,7,0,0
osti.gov,4,0,0,4,0
pearl.plymouth.ac.uk,1,0,0,1,0
prism.ucalgary.ca,1,1,0,0,0
prodinra.inra.fr,1,1,0,0,0
psasir.upm.edu.my,1,0,1,0,0
pub.epsilon.slu.se,2,1,1,0,0
publications.aston.ac.uk,1,0,1,0,0
publikationen.ub.uni-frankfurt.de,1,0,0,1,0
pure.atira.dk,27,16,3,8,0
pure.ed.ac.uk,12,6,1,5,0
pure.knaw.nl,1,0,0,1,0
pure.mpg.de,15,12,0,3,0
pure.qub.ac.uk,2,2,0,0,0
pure.rug.nl,6,5,0,1,0
qmro.qmul.ac.uk,8,2,0,6,0
qspace.qu.edu.qa,2,1,0,1,0
real.mtak.hu,4,0,4,0,0
repositori.irta.cat,1,1,0,0,0
repositori.udl.cat,2,2,0,0,0
repositori.uji.es,1,1,0,0,0
repositorio-aberto.up.pt,1,1,0,0,0
repositorio.iscte-iul.pt,1,0,1,0,0
repositorioacademico.upc.edu.pe,2,2,0,0,0
repositorium.sdum.uminho.pt,2,1,0,1,0
repository.arizona.edu,2,2,0,0,0
repository.essex.ac.uk,2,0,2,0,0
repository.gsi.de,2,2,0,0,0
repository.kaust.edu.sa,1,0,0,1,0
repository.nwu.ac.za,5,4,0,1,0
research-information.bris.ac.uk,8,5,0,3,0
research-repository.griffith.edu.au,13,12,1,0,0
research-repository.st-andrews.ac.uk,13,6,6,1,0
research.chalmers.se,2,1,0,1,0
research.vu.nl,2,1,0,1,0
researcharchive.lincoln.ac.nz,7,7,0,0,0
researcharchive.wintec.ac.nz,1,0,1,0,0
researchbank.ac.nz,7,7,0,0,0
researchbank.acu.edu.au,1,1,0,0,0
researchcommons.waikato.ac.nz,8,4,2,2,0
researchonline.gcu.ac.uk,1,0,1,0,0
researchonline.jcu.edu.au,14,0,14,0,0
researchonline.ljmu.ac.uk,4,0,4,0,0
researchonline.lshtm.ac.uk,10,0,10,0,0
researchonline.rvc.ac.uk,1,0,1,0,0
researchportal.port.ac.uk,2,2,0,0,0
researchrepository.murdoch.edu.au,6,6,0,0,0
researchrepository.ucd.ie,1,1,0,0,0
rgu-repository.worktribe.com,2,0,2,0,0
ri.conicet.gov.ar,1,1,0,0,0
ricerca.uniba.it,1,1,0,0,0
ro.ecu.edu.au,1,1,0,0,0
ro.uow.edu.au,7,4,0,3,0
ruj.uj.edu.pl,1,1,0,0,0
s-space.snu.ac.kr,1,1,0,0,0
scholarcommons.sc.edu,1,1,0,0,0
scholarspace.manoa.hawaii.edu,1,1,0,0,0
scholarworks.smith.edu,1,0,0,1,0
scielo,2,1,0,1,0
sdu.dk,2,2,0,0,0
semanticscholar.org,80,0,0,80,0
share.osf.io,1,0,0,1,0
sintef.brage.unit.no,3,0,0,3,0
spiral.imperial.ac.uk,3,1,1,1,0
strathprints.strath.ac.uk,3,0,3,0,0
t-stor.teagasc.ie,7,5,0,2,0
tilburguniversity.edu,2,2,0,0,0
tudelft.nl,1,1,0,0,0
ucacris,1,1,0,0,0
ueaeprints.uea.ac.uk,6,0,6,0,0
uknowledge.uky.edu,1,1,0,0,0
ulir.ul.ie,1,0,0,1,0
univoak.eu,1,0,0,1,0
upcommons.upc.edu,2,2,0,0,0
urm_publish,3,0,3,0,0
uvadoc.uva.es,2,0,0,2,0
v-lib-bura1.brunel.ac.uk,1,1,0,0,0
vtechworks.lib.vt.edu,1,1,0,0,0
westminsterresearch.westminster.ac.uk,4,0,4,0,0
wlv.openrepository.com,1,0,1,0,0
wrap.warwick.ac.uk,2,0,1,1,0
www.duo.uio.no,4,3,0,1,0
www.repository.cam.ac.uk,17,8,0,9,0
www.research-collection.ethz.ch,4,4,0,0,0
www.ucm.es,1,0,1,0,0
www.zora.uzh.ch,5,0,5,0,0
zaguan.unizar.es,4,4,0,0,0
zenodo.org,9,5,0,4,0
