WoS Subject,closed,gold,diamond,bronze,green,hybrid,Total,% Open,Closed/AAM embargoed,Closed/AAM immediate,Potential % open
Acoustics,1,0,0,0,0,0,1,0,1,0,100
Agriculture,133,88,2,25,6,21,275,51,108,18,97
Allergy,1,0,0,0,0,1,2,50,1,0,100
Anatomy & Morphology,0,2,0,0,1,0,3,100,0,0,100
Anesthesiology,1,0,0,1,0,0,2,50,0,0,50
Anthropology,8,0,1,2,0,0,11,27,7,0,90
Archaeology,1,0,0,0,0,0,1,0,1,0,100
Architecture,2,1,0,1,0,0,4,50,2,0,100
Area Studies,6,0,0,0,0,0,6,0,5,0,83
Art,1,0,0,0,1,0,2,50,1,0,100
Arts & Humanities - Other Topics,15,0,0,0,0,0,15,0,13,1,93
Asian Studies,2,0,0,0,0,0,2,0,2,0,100
Astronomy & Astrophysics,2,1,0,3,24,3,33,93,2,0,100
Audiology & Speech-Language Pathology,1,0,0,0,0,0,1,0,1,0,100
Automation & Control Systems,1,0,0,1,0,0,2,50,1,0,100
Behavioral Sciences,10,1,0,0,0,0,11,9,10,0,100
Biochemistry & Molecular Biology,54,23,1,11,10,17,116,53,48,3,97
Biodiversity & Conservation,10,8,0,1,2,4,25,60,7,3,100
Biomedical Social Sciences,6,0,0,0,0,0,6,0,4,2,100
Biophysics,15,0,0,2,1,0,18,16,14,0,94
Biotechnology & Applied Microbiology,32,13,1,7,1,10,64,50,29,2,98
Business & Economics,265,3,4,6,35,6,319,16,173,89,99
Cardiovascular System & Cardiology,2,0,0,1,0,0,3,33,1,1,100
Cell Biology,12,2,0,7,0,1,22,45,11,0,95
Chemistry,130,34,4,1,23,12,204,36,101,2,86
Communication,55,1,1,3,3,2,65,15,35,18,96
Computer Science,95,19,0,5,12,1,132,28,70,8,87
Construction & Building Technology,15,4,0,0,0,0,19,21,10,5,100
Criminology & Penology,3,0,0,0,1,0,4,25,2,1,100
Crystallography,2,1,0,0,2,0,5,60,1,0,80
Cultural Studies,9,0,0,0,0,2,11,18,7,2,100
Demography,1,0,0,0,0,0,1,0,1,0,100
"Dentistry, Oral Surgery & Medicine",2,0,0,0,0,0,2,0,2,0,100
Dermatology,2,0,0,0,0,1,3,33,2,0,100
Development Studies,7,0,0,0,0,0,7,0,7,0,100
Education & Educational Research,74,2,1,3,5,2,87,14,51,13,88
Electrochemistry,0,0,0,0,1,0,1,100,0,0,100
Emergency Medicine,2,0,0,1,0,0,3,33,2,0,100
Endocrinology & Metabolism,12,4,0,3,1,3,23,47,11,0,95
Energy & Fuels,13,5,0,0,1,0,19,31,11,0,89
Engineering,143,35,1,9,16,7,211,32,98,31,93
Entomology,17,3,1,1,0,1,23,26,11,0,73
Environmental Sciences & Ecology,118,74,3,12,19,23,249,52,98,15,97
Ethnic Studies,10,0,3,0,0,0,13,23,5,1,69
Evolutionary Biology,9,14,0,4,4,8,39,76,6,1,94
Family Studies,3,0,3,0,0,0,6,50,3,0,100
"Film, Radio & Television",6,0,0,0,1,0,7,14,3,2,85
Fisheries,8,0,0,1,1,0,10,20,8,0,100
Food Science & Technology,155,24,1,25,13,12,230,32,144,1,95
Forestry,3,0,1,0,0,0,4,25,2,1,100
Gastroenterology & Hepatology,3,2,0,0,1,1,7,57,1,0,71
General & Internal Medicine,8,15,3,2,0,1,29,72,2,3,89
Genetics & Heredity,20,22,1,3,3,8,57,64,18,1,98
Geochemistry & Geophysics,15,1,0,0,2,2,20,25,13,0,90
Geography,30,3,2,2,1,1,39,23,25,4,97
Geology,47,15,2,1,9,13,87,45,45,1,98
Geriatrics & Gerontology,22,3,0,1,4,1,31,29,13,9,100
Government & Law,13,0,0,0,3,1,17,23,10,3,100
Health Care Sciences & Services,17,13,1,1,2,1,35,51,13,4,100
Hematology,0,0,0,1,0,0,1,100,0,0,100
History,14,0,0,1,0,2,17,17,8,2,76
History & Philosophy of Science,6,0,0,0,0,1,7,14,5,1,100
Imaging Science & Photographic Technology,7,8,3,1,2,0,21,66,7,0,100
Immunology,7,5,4,1,2,4,23,69,5,1,95
Infectious Diseases,16,9,6,2,1,1,35,54,16,0,100
Information Science & Library Science,10,0,0,2,0,0,12,16,4,6,100
Instruments & Instrumentation,10,9,0,1,0,0,20,50,3,7,100
Integrative & Complementary Medicine,0,0,1,0,0,0,1,100,0,0,100
International Relations,8,0,0,1,0,1,10,20,8,0,100
Life Sciences & Biomedicine - Other Topics,9,7,0,8,3,4,31,70,7,1,96
Linguistics,13,0,0,0,0,0,13,0,9,3,92
Literature,2,0,0,0,0,0,2,0,0,2,100
Marine & Freshwater Biology,28,0,0,0,2,1,31,9,28,0,100
Materials Science,25,11,1,1,7,3,48,47,14,4,85
Mathematical & Computational Biology,4,3,0,1,1,1,10,60,3,0,90
Mathematical Methods In Social Sciences,2,0,0,0,0,0,2,0,2,0,100
Mathematics,30,6,1,1,18,5,61,50,21,5,93
Mechanics,2,0,0,0,3,0,5,60,2,0,100
Medical Informatics,0,4,0,0,1,2,7,100,0,0,100
Metallurgy & Metallurgical Engineering,0,1,0,0,2,0,3,100,0,0,100
Meteorology & Atmospheric Sciences,8,2,2,0,5,7,24,66,8,0,100
Microbiology,25,50,0,10,4,7,96,73,24,1,100
Mineralogy,3,1,0,0,0,1,5,40,3,0,100
Mining & Mineral Processing,0,1,0,0,0,0,1,100,0,0,100
Music,8,0,0,0,0,0,8,0,3,4,87
Mycology,3,0,0,0,0,1,4,25,3,0,100
Neurosciences & Neurology,18,4,0,3,2,1,28,35,15,3,100
Nuclear Science & Technology,2,0,0,0,0,0,2,0,1,1,100
Nursing,24,1,0,7,2,2,36,33,21,1,94
Nutrition & Dietetics,43,58,0,7,2,11,121,64,34,5,96
Obstetrics & Gynecology,5,1,0,0,0,0,6,16,3,0,66
Oceanography,7,0,0,0,1,0,8,12,7,0,100
Oncology,4,3,0,1,6,4,18,77,4,0,100
Operations Research & Management Science,16,0,0,0,0,1,17,5,13,1,88
Ophthalmology,2,2,0,0,0,0,4,50,1,1,100
Optics,4,0,0,0,5,1,10,60,3,0,90
Orthopedics,1,3,0,2,1,0,7,85,0,1,100
Paleontology,3,0,0,0,0,0,3,0,3,0,100
Parasitology,12,6,2,1,2,0,23,47,12,0,100
Pathology,3,0,0,1,1,0,5,40,1,2,100
Pediatrics,4,2,0,0,1,3,10,60,2,2,100
Pharmacology & Pharmacy,17,10,1,1,0,1,30,43,16,0,96
Philosophy,1,0,0,0,0,0,1,0,0,1,100
Physical Geography,7,1,0,0,5,1,14,50,6,1,100
Physics,30,15,0,0,26,9,80,62,21,6,96
Physiology,12,9,0,5,2,2,30,60,10,2,100
Plant Sciences,21,25,3,5,4,9,67,68,17,0,94
Polymer Science,12,0,0,0,3,0,15,20,10,0,86
Psychiatry,12,3,0,4,5,1,25,52,11,1,100
Psychology,72,7,1,5,21,3,109,33,46,25,99
Public Administration,20,1,1,0,2,1,25,20,19,1,100
"Public, Environmental & Occupational Health",47,34,2,7,10,7,107,56,36,9,98
"Radiology, Nuclear Medicine & Medical Imaging",1,1,0,0,0,0,2,50,1,0,100
Rehabilitation,16,0,0,0,2,0,18,11,15,1,100
Religion,5,1,0,1,1,0,8,37,3,1,87
Remote Sensing,1,8,1,0,2,0,12,91,1,0,100
Reproductive Biology,3,0,0,0,0,0,3,0,3,0,100
Research & Experimental Medicine,4,4,0,0,1,0,9,55,2,1,88
Respiratory System,2,1,0,1,0,0,4,50,1,0,75
Rheumatology,0,3,0,1,0,0,4,100,0,0,100
Robotics,1,0,0,1,1,0,3,66,0,0,66
Science & Technology - Other Topics,41,111,0,9,11,10,182,77,30,7,97
Social Issues,2,0,0,0,3,0,5,60,2,0,100
Social Sciences - Other Topics,51,17,2,1,6,4,81,37,40,6,93
Social Work,17,8,0,1,2,0,28,39,12,5,100
Sociology,14,0,3,1,1,0,19,26,10,4,100
Sport Sciences,29,4,0,1,3,2,39,25,19,6,89
Substance Abuse,10,0,1,4,3,0,18,44,10,0,100
Surgery,3,0,0,2,1,0,6,50,2,0,83
Telecommunications,4,15,0,0,2,0,21,80,2,2,100
Theater,2,0,0,0,0,0,2,0,0,2,100
Thermodynamics,4,1,0,0,0,0,5,20,4,0,100
Toxicology,6,6,0,0,0,0,12,50,6,0,100
Transportation,16,0,0,1,3,3,23,30,15,1,100
Tropical Medicine,0,3,2,0,0,0,5,100,0,0,100
Urban Studies,8,0,2,0,2,0,12,33,8,0,100
Urology & Nephrology,0,0,0,2,1,0,3,100,0,0,100
Veterinary Sciences,178,84,1,9,7,8,287,37,157,5,94
Virology,1,5,0,1,0,1,8,87,1,0,100
Water Resources,29,0,2,2,5,6,44,34,28,1,100
Women's Studies,15,0,0,0,0,0,15,100,0,0,100
Zoology,44,1,1,1,3,1,51,13,37,6,98
