WoS Subject,closed,gold,diamond,bronze,green,hybrid,Total,% Open,Closed/AAM embargoed,Closed/AAM immediate,Potential % open
Acoustics,6,8,1,2,0,0,17,64,3,1,88
Agriculture,15,3,0,2,4,3,27,44,15,0,100
Anesthesiology,0,0,0,1,1,0,2,100,0,0,100
Anthropology,1,0,0,1,0,1,3,66,0,0,66
Area Studies,9,0,0,2,1,0,12,25,6,1,83
Art,1,1,0,0,1,0,3,66,1,0,100
Arts & Humanities - Other Topics,3,2,0,1,0,0,6,50,1,1,83
Astronomy & Astrophysics,3,1,27,29,59,28,147,97,2,0,99
Audiology & Speech-Language Pathology,16,0,0,2,2,0,20,20,5,9,90
Automation & Control Systems,3,45,0,4,2,2,56,94,2,0,98
Behavioral Sciences,7,0,0,3,5,3,18,61,6,1,100
Biochemistry & Molecular Biology,31,12,0,4,6,13,66,53,26,2,95
Biodiversity & Conservation,18,15,0,2,3,4,42,57,11,4,92
Biomedical Social Sciences,6,0,0,1,3,0,10,40,5,1,100
Biophysics,7,1,0,1,3,1,13,46,7,0,100
Biotechnology & Applied Microbiology,8,5,0,1,5,3,22,63,6,1,95
Business & Economics,89,2,3,6,41,11,152,41,49,32,94
Cardiovascular System & Cardiology,2,0,0,0,0,1,3,33,2,0,100
Cell Biology,7,0,0,0,2,0,9,22,6,1,100
Chemistry,75,24,8,3,26,12,148,49,53,4,87
Classics,1,0,0,0,0,0,1,0,0,1,100
Communication,7,0,0,5,4,0,16,56,3,1,81
Computer Science,67,18,2,4,27,12,130,48,33,7,79
Construction & Building Technology,39,5,2,3,7,1,57,31,27,1,80
Criminology & Penology,8,0,0,0,0,1,9,11,3,5,100
Crystallography,2,0,0,0,1,1,4,50,2,0,100
Cultural Studies,3,0,0,0,1,0,4,25,2,0,75
"Dentistry, Oral Surgery & Medicine",1,0,0,1,0,0,2,50,0,0,50
Dermatology,1,0,0,0,0,0,1,0,1,0,100
Development Studies,3,0,0,0,1,2,6,50,3,0,100
Developmental Biology,1,0,0,0,0,0,1,0,1,0,100
Education & Educational Research,69,8,1,9,17,7,111,37,56,7,94
Electrochemistry,3,1,0,1,3,0,8,62,3,0,100
Emergency Medicine,2,0,0,0,0,0,2,0,2,0,100
Endocrinology & Metabolism,3,8,0,0,1,0,12,75,2,0,91
Energy & Fuels,40,11,0,2,9,0,62,35,38,0,96
Engineering,304,59,5,22,68,18,476,36,237,30,92
Entomology,6,2,0,0,1,0,9,33,6,0,100
Environmental Sciences & Ecology,140,111,1,18,40,39,349,59,113,7,94
Ethnic Studies,2,0,0,2,0,0,4,50,0,0,50
Evolutionary Biology,9,4,0,5,5,8,31,70,3,0,80
Family Studies,9,0,0,0,0,0,9,0,6,3,100
"Film, Radio & Television",2,0,0,0,1,0,3,33,2,0,100
Fisheries,6,1,0,1,0,2,10,40,5,1,100
Food Science & Technology,9,4,0,1,0,1,15,40,9,0,100
Forestry,16,9,8,1,3,5,42,61,16,0,100
Gastroenterology & Hepatology,1,0,0,0,0,0,1,0,0,1,100
General & Internal Medicine,4,15,1,2,2,1,25,84,2,1,96
Genetics & Heredity,5,1,0,2,2,2,12,58,5,0,100
Geochemistry & Geophysics,16,2,0,1,7,3,29,44,10,3,89
Geography,20,0,2,7,3,6,38,47,17,2,97
Geology,83,40,3,15,23,20,184,54,75,3,97
Geriatrics & Gerontology,5,0,0,0,1,0,6,16,5,0,100
Government & Law,15,0,0,4,3,6,28,46,12,2,96
Health Care Sciences & Services,4,8,0,0,2,1,15,73,4,0,100
History,5,0,0,1,0,0,6,16,5,0,100
History & Philosophy of Science,2,0,0,0,2,1,5,60,2,0,100
Imaging Science & Photographic Technology,11,5,1,1,2,0,20,45,0,1,50
Immunology,0,1,1,1,2,0,5,100,0,0,100
Infectious Diseases,0,1,1,0,1,0,3,100,0,0,100
Information Science & Library Science,2,0,1,0,3,0,6,66,1,1,100
Instruments & Instrumentation,6,11,0,1,4,10,32,81,3,3,100
Integrative & Complementary Medicine,2,0,1,0,0,0,3,33,0,0,33
International Relations,12,0,0,1,1,3,17,29,7,3,88
Legal Medicine,0,0,0,0,1,0,1,100,0,0,100
Life Sciences & Biomedicine - Other Topics,7,1,0,6,8,7,29,75,5,2,100
Linguistics,23,3,0,0,4,5,35,34,9,14,100
Literature,2,0,0,0,0,0,2,0,2,0,100
Marine & Freshwater Biology,26,10,0,5,1,4,46,43,24,1,97
Materials Science,70,24,3,5,27,7,136,48,52,2,88
Mathematical & Computational Biology,6,2,0,1,5,5,19,68,6,0,100
Mathematical Methods In Social Sciences,5,0,0,0,0,0,5,0,5,0,100
Mathematics,28,5,5,3,17,2,60,53,20,3,91
Mechanics,14,0,0,0,6,0,20,30,10,4,100
Medical Ethics,1,0,0,0,0,0,1,0,1,0,100
Medical Informatics,9,3,0,0,3,1,16,43,9,0,100
Metallurgy & Metallurgical Engineering,3,4,0,0,4,0,11,72,3,0,100
Meteorology & Atmospheric Sciences,14,22,3,4,10,3,56,75,13,0,98
Microbiology,9,10,0,1,5,3,28,67,9,0,100
Mineralogy,3,0,0,0,1,0,4,25,3,0,100
Mining & Mineral Processing,2,0,0,0,1,0,3,33,2,0,100
Music,1,0,0,0,0,0,1,0,0,1,100
Neurosciences & Neurology,18,5,0,2,6,5,36,50,14,0,88
Nuclear Science & Technology,0,0,0,1,0,0,1,100,0,0,100
Nursing,4,0,0,0,0,1,5,20,3,1,100
Nutrition & Dietetics,10,3,0,0,0,0,13,23,7,1,84
Obstetrics & Gynecology,1,1,0,0,0,0,2,50,0,0,50
Oceanography,13,2,0,4,0,1,20,35,12,0,95
Oncology,3,2,0,0,0,0,5,40,3,0,100
Operations Research & Management Science,11,0,0,0,2,2,15,26,11,0,100
Ophthalmology,0,1,0,1,0,0,2,100,0,0,100
Optics,14,0,0,0,5,0,19,26,12,0,89
Orthopedics,1,0,0,0,0,0,1,0,1,0,100
Otorhinolaryngology,9,0,0,2,1,0,12,25,8,0,91
Paleontology,2,0,0,0,0,2,4,50,2,0,100
Parasitology,1,0,0,0,0,0,1,0,1,0,100
Pediatrics,7,2,0,0,3,0,12,41,5,0,83
Pharmacology & Pharmacy,2,11,0,0,1,0,14,85,1,0,92
Philosophy,7,0,0,0,5,1,13,46,6,0,92
Physical Geography,13,8,0,6,3,4,34,61,10,1,94
Physics,38,17,116,1,35,47,254,85,14,21,98
Physiology,4,3,0,0,1,0,8,50,3,1,100
Plant Sciences,16,8,0,8,5,4,41,60,11,0,87
Polymer Science,3,2,0,0,2,1,8,62,2,0,87
Psychiatry,16,3,0,2,1,2,24,33,11,3,91
Psychology,64,11,2,11,17,14,119,46,47,15,98
Public Administration,9,0,0,4,0,5,18,50,6,3,100
"Public, Environmental & Occupational Health",21,20,0,5,3,3,52,59,17,4,100
"Radiology, Nuclear Medicine & Medical Imaging",11,2,0,2,2,0,17,35,8,0,82
Rehabilitation,23,0,0,1,3,1,28,17,14,7,92
Religion,0,2,0,1,0,0,3,100,0,0,100
Remote Sensing,1,9,1,1,0,0,12,91,0,1,100
Research & Experimental Medicine,0,11,0,0,0,0,11,100,0,0,100
Respiratory System,1,0,0,0,1,1,3,66,1,0,100
Robotics,3,0,0,0,1,1,5,40,3,0,100
Science & Technology - Other Topics,63,81,5,5,27,11,192,67,43,4,91
Social Issues,1,0,0,1,1,0,3,66,1,0,100
Social Sciences - Other Topics,65,12,1,10,18,7,113,42,49,13,97
Social Work,8,0,0,1,0,0,9,11,6,2,100
Sociology,11,1,0,4,5,1,22,50,5,6,100
Spectroscopy,5,0,0,0,1,0,6,16,4,0,83
Sport Sciences,8,7,0,0,5,1,21,61,5,3,100
Substance Abuse,1,0,0,1,0,0,2,50,1,0,100
Surgery,5,0,0,0,0,0,5,0,4,0,80
Telecommunications,11,12,1,0,5,0,29,62,0,7,86
Thermodynamics,12,0,0,0,5,0,17,29,12,0,100
Toxicology,6,1,0,1,0,1,9,33,4,1,88
Transplantation,0,1,0,0,0,0,1,100,0,0,100
Transportation,16,1,2,2,4,1,26,38,11,2,88
Urban Studies,8,0,0,1,0,0,9,11,5,3,100
Urology & Nephrology,0,0,0,0,1,0,1,100,0,0,100
Veterinary Sciences,0,1,0,0,0,0,1,100,0,0,100
Virology,1,1,0,0,0,0,2,50,1,0,100
Water Resources,40,14,0,1,2,6,63,36,38,0,96
Women's Studies,0,0,0,0,1,0,1,100,0,0,100
Zoology,20,3,0,6,2,2,33,39,14,4,93
