Repository,Items,Published Version,Accepted Version,Submitted Version,Null
DiVA.org,21,19,0,2,0
EVASTAR-Karlsruhe.de,88,87,1,0,0
HAL,62,34,0,28,0
RePEc,36,11,0,25,0
aaltodoc.aalto.fi,2,2,0,0,0
aber.ac.uk,1,1,0,0,0
academiccommons.columbia.edu,1,0,0,1,0
accedacris.ulpgc.es,1,1,0,0,0
air.unimi.it,5,3,0,2,0
aisberg.unibg.it,144,114,0,30,0
alma.44SUR_INST,1,0,1,0,0
animalstudiesrepository.org,1,1,0,0,0
arXiv.org,332,0,3,329,0
archimer.ifremer.fr,3,3,0,0,0
archive.ugent.be,131,131,0,0,0
arpi.unipi.it,80,64,0,16,0
arro.anglia.ac.uk,2,0,2,0,0
art.torvergata.it,1,0,0,1,0
arts.units.it,36,28,0,8,0
aura.abdn.ac.uk,1,1,0,0,0
authors.library.caltech.edu,179,0,179,0,0
bib-pubdb1.desy.de,139,139,0,0,0
biopen.bi.no,1,0,0,1,0
bora.uib.no,2,1,0,1,0
boris.unibe.ch,4,4,0,0,0
bradscholars.brad.ac.uk,1,1,0,0,0
bura.brunel.ac.uk,80,67,0,13,0
cds.cern.ch,162,128,0,34,0
centaur.reading.ac.uk,2,0,2,0,0
clok.uclan.ac.uk,1,0,1,0,0
comum.rcaap.pt,1,1,0,0,0
cris.maastrichtuniversity.nl,2,2,0,0,0
cris.unibo.it,49,41,0,8,0
cronfa.swan.ac.uk,7,4,3,0,0
cuscholar,2,0,0,2,0
d-scholarship.pitt.edu,2,0,2,0,0
darchive.mblwhoilibrary.org,7,6,0,1,0
dare.uva.nl,7,5,0,2,0
ddfv.ufv.es,1,1,0,0,0
deepblue.lib.umich.edu,2,2,0,0,0
derby.openrepository.com,1,0,0,1,0
dergipark.org.tr,1,1,0,0,0
dial.uclouvain.be,1,1,0,0,0
dialnet.unirioja.es,2,0,0,2,0
digibug.ugr.es,4,4,0,0,0
digibuo.uniovi.es,27,23,0,4,0
digital.csic.es,152,116,0,36,0
digital.library.adelaide.edu.au,6,5,0,1,0
digitalcollection.zhaw.ch,2,2,0,0,0
digitalcommons.chapman.edu,1,1,0,0,0
digitalcommons.library.umaine.edu,2,0,0,2,0
digitalcommons.lsu.edu,9,6,0,3,0
digitalcommons.unl.edu,1,1,0,0,0
digitalcommons.usu.edu,1,1,0,0,0
diposit.ub.edu,1,1,0,0,0
dipot.ulb.ac.be,21,15,0,6,0
discovery.dundee.ac.uk,4,2,0,2,0
dnet,38,31,0,7,0
doab-books,1,1,0,0,0
dora,171,133,37,0,0
doras.dcu.ie,1,0,1,0,0
dro.dur.ac.uk.OAI2,13,0,13,0,0
dspace.library.uu.nl,1,1,0,0,0
dspace.library.uvic.ca,1,1,0,0,0
dspace.mit.edu,193,149,0,44,0
dspace.stir.ac.uk,1,1,0,0,0
dspace.vutbr.cz,1,1,0,0,0
e-archivo.uc3m.es,1,1,0,0,0
e-docs.geo-leo.de,3,3,0,0,0
e-space.mmu.ac.uk,6,0,6,0,0
earsiv.kmu.edu.tr,151,119,0,32,0
econstor.eu,8,3,0,5,0
edoc.hu-berlin.de,1,1,0,0,0
edpsciences.org,5,2,0,3,0
elar.urfu.ru,1,1,0,0,0
elib.dlr.de,6,0,6,0,0
epic.awi.de,2,2,0,0,0
eprint.ncl.ac.uk,3,2,0,1,0
eprints.bournemouth.ac.uk,4,0,4,0,0
eprints.gla.ac.uk,6,0,6,0,0
eprints.glos.ac.uk,1,0,1,0,0
eprints.iisc.ac.in,51,0,50,1,0
eprints.keele.ac.uk,9,0,9,0,0
eprints.kingston.ac.uk,2,1,1,0,0
eprints.lancs.ac.uk,6,0,6,0,0
eprints.leedsbeckett.ac.uk,4,0,4,0,0
eprints.lincoln.ac.uk,1,0,1,0,0
eprints.lse.ac.uk,1,0,0,1,0
eprints.mdx.ac.uk,1,0,1,0,0
eprints.ncl.ac.uk,1,1,0,0,0
eprints.qut.edu.au,2,2,0,0,0
eprints.soton.ac.uk,9,0,9,0,0
eprints.ucl.ac.uk.OAI2,16,8,0,8,0
eprints.ugd.edu.mk,2,0,2,0,0
eprints.usq.edu.au,2,0,2,0,0
eprints.utas.edu.au,10,0,10,0,0
eprints.whiterose.ac.uk,34,5,29,0,0
epub.ub.uni-muenchen.de,1,0,0,1,0
eresearch.ozyegin.edu.tr,13,8,0,5,0
escholarship.org,46,11,0,35,0
escholarship.umassmed.edu,1,1,0,0,0
espace.curtin.edu.au,1,1,0,0,0
espace.library.uq.edu.au,2,2,0,0,0
estudogeral.sib.uc.pt,1,1,0,0,0
europepmc.org,124,123,1,0,0
figshare.com,5,2,1,2,0
frl.publisso.de,1,1,0,0,0
fulir.irb.hr,141,90,0,51,0
gala.gre.ac.uk,1,0,1,0,0
generic.eprints.org,19,0,19,0,0
gesis.izsoz.de,2,0,0,2,0
gfzpublic.gfz-potsdam.de,5,3,0,2,0
hau.collections.crest.ac.uk,1,0,0,1,0
helda.helsinki.fi,163,161,2,0,0
hindawi.com,3,3,0,0,0
hrcak.srce.hr,8,8,0,0,0
https,10,3,6,1,0
hull-repository.worktribe.com,6,6,0,0,0
hvlopen.brage.unit.no,1,1,0,0,0
imis.nioz.nl,2,2,0,0,0
infoscience.epfl.ch,11,8,0,3,0
ink.library.smu.edu.sg,1,1,0,0,0
ir.canterbury.ac.nz,394,165,0,229,0
ir.library.osaka-u.ac.jp,1,1,0,0,0
ira.lib.polyu.edu.hk,1,0,1,0,0
irep.ntu.ac.uk,2,0,2,0,0
iris.unibas.it,16,1,0,15,0
iris.unica.it,3,3,0,0,0
iris.unife.it,2,1,0,1,0
iris.unipa.it,3,2,0,1,0
iris.uniroma1.it,143,109,0,34,0
iris.uniroma3.it,1,1,0,0,0
iris.unito.it,144,113,0,31,0
jupiter.its.unimelb.edu.au,31,23,1,7,0
jyx.jyu.fi,2,2,0,0,0
karuspace.karu.ac.ke,1,1,0,0,0
kops.uni-konstanz.de,1,1,0,0,0
kuscholarworks.ku.edu,5,5,0,0,0
library.oapen.org,1,1,0,0,0
library.wur.nl,8,8,0,0,0
libres.uncg.edu,1,1,0,0,0
lilloa.univ-lille.fr,1,0,0,1,0
lirias2repo.kuleuven.be,9,6,3,0,0
marjon.collections.crest.ac.uk,1,0,1,0,0
mdpi.com,74,68,0,6,0
mdsoar.org,2,2,0,0,0
mediatum.ub.tum.de,3,3,0,0,0
mro.massey.ac.nz,1,1,0,0,0
munin.uit.no,1,1,0,0,0
mural.maynoothuniversity.ie,1,0,1,0,0
napier-surface.worktribe.com,2,1,1,0,0
nih.brage.unit.no,2,0,0,2,0
nora.nerc.ac.uk,14,0,14,0,0
nottingham-repository.worktribe.com,5,4,1,0,0
nrl.northumbria.ac.uk,3,0,3,0,0
oceanrep.geomar.de,4,0,4,0,0
oda.oslomet.no,1,1,0,0,0
oist.repo.nii.ac.jp,2,2,0,0,0
open.metu.edu.tr,3,2,0,1,0
openaccess.iyte.edu.tr,11,4,0,7,0
openaccess.sirnak.edu.tr,133,104,0,29,0
openrepository.aut.ac.nz,4,2,0,2,0
openresearch-repository.anu.edu.au,3,1,0,2,0
opinvisindi.is,2,2,0,0,0
opus.bibliothek.uni-wuerzburg.de,2,2,0,0,0
opus.lib.uts.edu.au,5,2,1,2,0
ora.ox.ac.uk,18,9,0,9,0
orbi.ulg.ac.be,14,8,0,6,0
oro.open.ac.uk,3,0,3,0,0
oskar-bordeaux.fr,1,1,0,0,0
osti.gov,152,1,0,151,0
oulu.fi,16,10,5,1,0
ourarchive.otago.ac.nz,2,0,0,2,0
papyrus.bib.umontreal.ca,1,1,0,0,0
pdxscholar.library.pdx.edu,1,1,0,0,0
philarchive.org,1,0,0,1,0
philpapers.org,3,0,0,3,0
philsci-archive.pitt.edu,2,0,0,2,0
plymsea.ac.uk,1,0,1,0,0
psasir.upm.edu.my,1,0,1,0,0
pub.epsilon.slu.se,2,2,0,0,0
pubblicazioni.unicam.it,1,1,0,0,0
publications.aston.ac.uk,4,0,4,0,0
publications.pik-potsdam.de,1,1,0,0,0
publikationen.sulb.uni-saarland.de,1,1,0,0,0
publikationen.ub.uni-frankfurt.de,1,1,0,0,0
pure.atira.dk,35,16,1,18,0
pure.ed.ac.uk,16,6,5,5,0
pure.eur.nl,1,1,0,0,0
pure.iiasa.ac.at,3,1,2,0,0
pure.leuphana.de,3,3,0,0,0
pure.mpg.de,7,5,0,2,0
pure.qub.ac.uk,7,6,1,0,0
pure.rug.nl,10,8,0,2,0
qmro.qmul.ac.uk,4,0,0,4,0
qspace.qu.edu.qa,1,1,0,0,0
re.public.polimi.it,1,0,0,1,0
real.mtak.hu,1,0,1,0,0
refubium.fu-berlin.de,3,2,0,1,0
repositori.udl.cat,2,1,1,0,0
repositori.upf.edu,2,2,0,0,0
repositorio-aberto.up.pt,1,1,0,0,0
repositorio.uam.es,19,19,0,0,0
repositorio.ul.pt,1,1,0,0,0
repositorio.unican.es,48,48,0,0,0
repositorium.sdum.uminho.pt,1,0,0,1,0
repository.brynmawr.edu,2,2,0,0,0
repository.essex.ac.uk,1,0,1,0,0
repository.hanyang.ac.kr,1,1,0,0,0
repository.kaust.edu.sa,2,2,0,0,0
repub.eur.nl,2,0,0,2,0
research-information.bris.ac.uk,4,3,0,1,0
research-repository.griffith.edu.au,11,9,1,1,0
research-repository.st-andrews.ac.uk,6,3,3,0,0
research.bangor.ac.uk,1,0,0,1,0
research.chalmers.se,1,1,0,0,0
research.vu.nl,2,1,0,1,0
researcharchive.lincoln.ac.nz,20,18,0,2,0
researcharchive.wintec.ac.nz,1,0,1,0,0
researchcommons.waikato.ac.nz,4,1,2,1,0
researchonline.jcu.edu.au,5,0,5,0,0
researchonline.ljmu.ac.uk,1,0,1,0,0
researchportal.port.ac.uk,2,0,0,2,0
researchrepository.murdoch.edu.au,5,5,0,0,0
researchrepository.ucd.ie,1,1,0,0,0
ri.conicet.gov.ar,6,6,0,0,0
ricerca.uniba.it,4,4,0,0,0
riunet.upv.es,3,3,0,0,0
rke.abertay.ac.uk,1,0,1,0,0
ro.ecu.edu.au,4,2,0,2,0
ro.uow.edu.au,3,1,0,2,0
rodin.uca.es,1,0,0,1,0
sapientia.ualg.pt,1,1,0,0,0
scholar.uwindsor.ca,1,1,0,0,0
scholarlypublications.universiteitleiden.nl,2,1,0,1,0
scholarworks.montana.edu,1,1,0,0,0
scholarworks.uni.edu,1,1,0,0,0
scholarworks.wm.edu,1,1,0,0,0
semanticscholar.org,2,0,0,2,0
serval.unil.ch,2,2,0,0,0
share.osf.io,10,1,0,9,0
spiral.imperial.ac.uk,138,110,0,28,0
sro.sussex.ac.uk,3,0,3,0,0
strathprints.strath.ac.uk,1,0,1,0,0
t2r2.star.titech.ac.jp,1,1,0,0,0
tara.tcd.ie,1,0,0,1,0
tilburguniversity.edu,2,0,0,2,0
tspace.library.utoronto.ca,2,1,1,0,0
tudelft.nl,4,4,0,0,0
ueaeprints.uea.ac.uk,3,0,3,0,0
uhra.herts.ac.uk,5,3,1,1,0
ulir.ul.ie,1,1,0,0,0
uni-augsburg.opus-bayern.de,3,0,0,3,0
unige.ch,5,4,1,0,0
univoak.eu,6,0,0,6,0
upcommons.upc.edu,3,3,0,0,0
urm_publish,1,0,1,0,0
v-lib-bura1.brunel.ac.uk,64,48,0,16,0
vinar.vin.bg.ac.rs,115,115,0,0,0
vtechworks.lib.vt.edu,1,1,0,0,0
vubissmart,167,144,0,23,0
wrap.warwick.ac.uk,7,4,3,0,0
www.duo.uio.no,6,5,1,0,0
www.lume.ufrgs.br,37,37,0,0,0
www.repository.cam.ac.uk,5,1,0,4,0
www.repository.utl.pt,1,1,0,0,0
www.research-collection.ethz.ch,173,173,0,0,0
www.tdx.cat,1,1,0,0,0
www.ucm.es,2,0,2,0,0
www.um.edu.mt,1,0,0,1,0
www.wellbeingintlstudiesrepository.org,1,1,0,0,0
www.zora.uzh.ch,153,12,140,1,0
zenodo.org,15,5,0,10,0
