"DOI","Error"
"10.1109/VRW50115.2020.0-219","Invalid DOI"
"10.1016/j.bl.2021.105041","Invalid DOI"
"10.1146/3457195","Invalid DOI"
"10.1109/VRW50115.2020.0-177","Invalid DOI"
"10.1109/VR46266.2020.00-37","Invalid DOI"
"10.1177/20420188211012144","Line did not execute"
"10.25771/yq2e-xc25","DOI not in crossref"
"10.1177/14613484211020584","Line did not execute"
"10.1016/j.ifaco1.2021.04.177","Invalid DOI"
"10.1177/0300060520954716","Line did not execute"
"10.1515/advgeom-2021-0018","Invalid DOI"
"10.1177/1550147721991770","Line did not execute"
"10.1016/j.sf.2021.06.009","Invalid DOI"
"10.1558/jircd.22571","Invalid DOI"
"10.11999/JEIT200226","DOI not in crossref"
"10.18757/ejtir.2020.20.4.4205","DOI not in crossref"
"10.20419/nzjecol.45.28","Invalid DOI"
"10.1558/jircd.21310","Invalid DOI"
"10.5303/JKAS.2020.53.1.9","DOI not in crossref"
"10.5303/JKAS.2020.53.6.161","DOI not in crossref"
"10.19665/j.issn1001-2400.2021.04.004","DOI not in crossref"
"10.15173/jhap.v9i4.4688","Invalid DOI"
"10.1103/PhysRevB.103.c","Invalid DOI"
"10.20507/MAIJournal.2021.10.2.10","Invalid DOI"
"10.29252/LRR.12.2.8","Invalid DOI"
"10.13745/j.esf.sf.2020.11.12","DOI not in crossref"
"10.7410/1440","DOI not in crossref"
"10.1098/rspb.2020.2454rspb","Invalid DOI"
"10.1145/3421590.3421613","Invalid DOI"
"10.14006/j.jzjgxb.2019.0259","DOI not in crossref"
"10.1098/rspb.2020.0550rspb20200550","Invalid DOI"
"10.14764/10.ASEAS-0037","DOI not in crossref"
