Repository,Items,Published Version,Accepted Version,Submitted Version,Null
DiVA.org,15,14,0,1,0
HAL,18,6,0,12,0
RePEc,25,8,0,17,0
aaltodoc.aalto.fi,2,2,0,0,0
abacus.universidadeuropea.com,1,0,0,1,0
academica-e.unavarra.es,1,1,0,0,0
accedacris.ulpgc.es,1,0,0,1,0
air.unimi.it,14,14,0,0,0
alma.44SUR_INST,1,1,0,0,0
animalstudiesrepository.org,1,0,0,1,0
arXiv.org,58,0,0,58,0
aran.library.nuigalway.ie,2,0,0,2,0
archimer.ifremer.fr,1,0,0,1,0
archive.lstmed.ac.uk,1,0,1,0,0
archive.ugent.be,2,2,0,0,0
arro.anglia.ac.uk,3,0,3,0,0
art.torvergata.it,4,4,0,0,0
aura.abdn.ac.uk,3,3,0,0,0
aut.researchgateway.ac.nz,1,0,0,1,0
authors.library.caltech.edu,7,0,7,0,0
bib-pubdb1.desy.de,2,2,0,0,0
boa.unimib.it,2,1,0,1,0
boris.unibe.ch,7,7,0,0,0
bucks.collections.crest.ac.uk,1,0,1,0,0
bura.brunel.ac.uk,4,4,0,0,0
cdm21054.contentdm.oclc.org,1,1,0,0,0
centaur.reading.ac.uk,2,0,2,0,0
clok.uclan.ac.uk,3,0,3,0,0
comum.rcaap.pt,2,2,0,0,0
cris.unibo.it,2,2,0,0,0
cronfa.swan.ac.uk,5,1,4,0,0
dare.uva.nl,3,3,0,0,0
dea.lib.unideb.hu,1,1,0,0,0
derby.openrepository.com,1,0,0,1,0
digibug.ugr.es,4,3,0,1,0
digital.csic.es,2,1,0,1,0
digital.library.adelaide.edu.au,11,11,0,0,0
digitalcommons.chapman.edu,1,1,0,0,0
digitalcommons.lsu.edu,1,1,0,0,0
digitalcommons.mtu.edu,1,1,0,0,0
digitalcommons.unl.edu,1,1,0,0,0
diposit.ub.edu,3,2,0,1,0
discovery.dundee.ac.uk,2,0,0,2,0
dnet,2,2,0,0,0
doab-books,1,1,0,0,0
dora,2,0,2,0,0
dro.deakin.edu.au,4,4,0,0,0
dro.dur.ac.uk.OAI2,4,0,4,0,0
dspace.bracu.ac.bd,5,5,0,0,0
dspace.lib.cranfield.ac.uk,1,0,0,1,0
dspace.stir.ac.uk,1,1,0,0,0
dspace.vutbr.cz,1,1,0,0,0
e-archivo.uc3m.es,1,1,0,0,0
e-space.mmu.ac.uk,3,0,3,0,0
ecommons.aku.edu,1,1,0,0,0
econstor.eu,18,5,0,13,0
edit.elte.hu,1,1,0,0,0
edpsciences.org,1,0,0,1,0
eprint.ncl.ac.uk,7,6,0,1,0
eprints.bournemouth.ac.uk,3,0,3,0,0
eprints.gla.ac.uk,9,0,9,0,0
eprints.glos.ac.uk,9,0,9,0,0
eprints.keele.ac.uk,4,0,4,0,0
eprints.kingston.ac.uk,1,0,1,0,0
eprints.lancs.ac.uk,2,0,2,0,0
eprints.leedsbeckett.ac.uk,3,0,3,0,0
eprints.lincoln.ac.uk,11,0,11,0,0
eprints.lse.ac.uk,2,0,2,0,0
eprints.mdx.ac.uk,6,0,6,0,0
eprints.ncl.ac.uk,1,1,0,0,0
eprints.qut.edu.au,9,8,0,1,0
eprints.soton.ac.uk,3,0,3,0,0
eprints.staffs.ac.uk,1,0,1,0,0
eprints.ucl.ac.uk.OAI2,13,10,0,3,0
eprints.ums.edu.my,1,0,1,0,0
eprints.usq.edu.au,8,0,8,0,0
eprints.utas.edu.au,2,0,2,0,0
eprints.vu.edu.au,7,0,7,0,0
eprints.whiterose.ac.uk,11,2,9,0,0
epub.ub.uni-muenchen.de,1,1,0,0,0
eresearch.qmu.ac.uk,1,0,0,1,0
escholarship.org,3,1,0,2,0
espace.curtin.edu.au,2,0,0,2,0
espace.library.uq.edu.au,1,1,0,0,0
europepmc.org,139,138,1,0,0
fhi.brage.unit.no,1,1,0,0,0
figshare.com,10,7,0,3,0
flore.unifi.it,1,1,0,0,0
frl.publisso.de,2,2,0,0,0
gala.gre.ac.uk,3,0,3,0,0
generic.eprints.org,1,1,0,0,0
helda.helsinki.fi,25,20,5,0,0
hesso.tind.io,2,2,0,0,0
hindawi.com,1,1,0,0,0
https,45,21,8,16,0
hull-repository.worktribe.com,5,5,0,0,0
hvlopen.brage.unit.no,1,1,0,0,0
infoscience.epfl.ch,2,2,0,0,0
ink.library.smu.edu.sg,4,3,0,1,0
ir.canterbury.ac.nz,3,1,0,2,0
ir.ymlib.yonsei.ac.kr,10,10,0,0,0
irep.ntu.ac.uk,10,0,10,0,0
iris.unica.it,1,1,0,0,0
iris.uniroma1.it,5,4,0,1,0
iris.unitn.it,2,2,0,0,0
jupiter.its.unimelb.edu.au,45,41,1,3,0
jyx.jyu.fi,4,4,0,0,0
kar.kent.ac.uk,1,0,1,0,0
kobv.de-opus4-uni-potsdam,1,1,0,0,0
kristiania.brage.unit.no,2,2,0,0,0
library.oapen.org,1,1,0,0,0
library.wur.nl,4,4,0,0,0
lirias2repo.kuleuven.be,3,3,0,0,0
localhost,3,3,0,0,0
macau.uni-kiel.de,1,1,0,0,0
mdpi.com,113,106,0,7,0
mdsoar.org,1,0,0,1,0
mro.massey.ac.nz,10,6,4,0,0
munin.uit.no,3,3,0,0,0
nih.brage.unit.no,1,1,0,0,0
nora.nerc.ac.uk,1,0,1,0,0
nordopen.nord.no,7,5,0,2,0
nottingham-repository.worktribe.com,2,0,2,0,0
nrl.northumbria.ac.uk,10,0,10,0,0
nsuworks.nova.edu,1,0,0,1,0
ntnuopen.ntnu.no,2,2,0,0,0
oceanrep.geomar.de,2,0,2,0,0
oda.hioa.no,1,0,1,0,0
oda.oslomet.no,7,7,0,0,0
ojs.revistas.rcaap.pt,2,2,0,0,0
openaccess.city.ac.uk,4,0,4,0,0
openaccess.sgul.ac.uk,1,1,0,0,0
openrepository.aut.ac.nz,338,228,6,104,0
openresearch.lsbu.ac.uk,9,0,9,0,0
opinvisindi.is,2,2,0,0,0
opus.lib.uts.edu.au,9,6,2,1,0
opus.reutlingen-university.de,1,0,0,1,0
ora.ox.ac.uk,15,12,0,3,0
orbi.ulg.ac.be,3,3,0,0,0
ore.exeter.ac.uk,1,1,0,0,0
oro.open.ac.uk,4,0,4,0,0
osti.gov,3,0,0,3,0
oulu.fi,4,2,1,1,0
ourarchive.otago.ac.nz,4,0,0,4,0
pearl.plymouth.ac.uk,7,1,0,6,0
psasir.upm.edu.my,1,0,1,0,0
pub.epsilon.slu.se,2,2,0,0,0
publications.pik-potsdam.de,1,1,0,0,0
pure.atira.dk,66,38,5,23,0
pure.ed.ac.uk,11,7,3,1,0
pure.eur.nl,9,9,0,0,0
pure.iiasa.ac.at,1,1,0,0,0
pure.mpg.de,4,1,1,2,0
pure.qub.ac.uk,2,0,2,0,0
pure.rug.nl,11,11,0,0,0
qmro.qmul.ac.uk,1,1,0,0,0
qspace.qu.edu.qa,2,2,0,0,0
real.mtak.hu,2,0,2,0,0
repositori.upf.edu,4,4,0,0,0
repositorio-aberto.up.pt,2,2,0,0,0
repositorio.cuc.edu.co,3,3,0,0,0
repositorio.iscte-iul.pt,2,2,0,0,0
repositorio.uac.pt,1,1,0,0,0
repositorio.ucp.pt,1,1,0,0,0
repositorio.unbosque.edu.co,2,2,0,0,0
repository.bilkent.edu.tr,1,1,0,0,0
repository.cardiffmet.ac.uk,28,4,24,0,0
repository.essex.ac.uk,6,0,6,0,0
repository.kaust.edu.sa,7,7,0,0,0
repository.nwu.ac.za,1,1,0,0,0
repository.ubaya.ac.id,2,0,2,0,0
repository.udca.edu.co,1,1,0,0,0
repository.uel.ac.uk,4,2,0,2,0
repository.uwc.ac.za,2,1,0,1,0
repub.eur.nl,3,3,0,0,0
research-information.bris.ac.uk,6,5,0,1,0
research-repository.griffith.edu.au,25,24,1,0,0
research-repository.st-andrews.ac.uk,5,2,2,1,0
research.chalmers.se,3,3,0,0,0
research.stmarys.ac.uk,1,0,1,0,0
research.vu.nl,1,1,0,0,0
researcharchive.lincoln.ac.nz,4,3,0,1,0
researcharchive.wintec.ac.nz,6,0,6,0,0
researchbank.ac.nz,4,2,0,0,0
researchbank.acu.edu.au,2,0,1,1,0
researchcommons.waikato.ac.nz,16,11,1,4,0
researchonline.gcu.ac.uk,1,1,0,0,0
researchonline.jcu.edu.au,18,0,18,0,0
researchonline.lshtm.ac.uk,14,6,8,0,0
researchonline.nd.edu.au,1,1,0,0,0
researchportal.port.ac.uk,1,0,0,1,0
researchrepository.murdoch.edu.au,4,3,0,1,0
revues.org,2,2,0,0,0
rgu-repository.worktribe.com,5,1,3,1,0
riunet.upv.es,2,2,0,0,0
ro.ecu.edu.au,13,11,0,2,0
ro.uow.edu.au,2,1,0,1,0
ruj.uj.edu.pl,1,0,0,1,0
run.unl.pt,2,2,0,0,0
scholarlypublications.universiteitleiden.nl,2,1,0,1,0
scholarshare.temple.edu,1,1,0,0,0
scholarsphere.psu.edu,1,0,0,1,0
sdu.dk,4,4,0,0,0
semanticscholar.org,1,0,0,1,0
serval.unil.ch,2,2,0,0,0
share.osf.io,5,1,0,4,0
shura.shu.ac.uk,15,0,15,0,0
spiral.imperial.ac.uk,18,18,0,0,0
sro.sussex.ac.uk,7,0,7,0,0
strathprints.strath.ac.uk,3,0,3,0,0
tudelft.nl,2,1,0,1,0
ub.uni-erlangen.de-opus,1,1,0,0,0
ueaeprints.uea.ac.uk,3,0,3,0,0
uhra.herts.ac.uk,2,2,0,0,0
ulir.ul.ie,4,4,0,0,0
upcommons.upc.edu,1,1,0,0,0
urm_publish,7,0,6,1,0
usir.salford.ac.uk,2,0,0,2,0
vtechworks.lib.vt.edu,1,1,0,0,0
westminsterresearch.westminster.ac.uk,4,2,2,0,0
wrap.eprints.org,1,0,1,0,0
wrap.warwick.ac.uk,7,7,0,0,0
www.duo.uio.no,6,5,0,1,0
www.lenus.ie,2,2,0,0,0
www.lume.ufrgs.br,1,1,0,0,0
www.open-access.bcu.ac.uk,5,0,4,1,0
www.repository.cam.ac.uk,9,8,0,1,0
www.research-collection.ethz.ch,2,1,0,1,0
www.researchbank.ac.nz,2,0,0,2,0
www.wellbeingintlstudiesrepository.org,1,0,0,1,0
www.zora.uzh.ch,2,0,2,0,0
zenodo.org,5,3,0,2,0
