"DOI","Error"
"10.1108/SASBE-02-2021-0022","Invalid DOI"
"10.1177/16094069211053094","Line did not execute"
"10.1177/1609406920969264","Line did not execute"
"10.4134/JKMS.j190616","DOI not in crossref"
"10.1177/2333393621995164","Line did not execute"
"10.5130/cjig.vi24.7541","Invalid DOI"
"10.13128/smp-12654","DOI not in crossref"
"10.1177/1609406920964345","Line did not execute"
"10.1177/16094069211055938","Line did not execute"
"10.1108/EJM-02-2020-0122","Invalid DOI"
"10.4103/nah.NAH_81_20","Invalid DOI"
"10.3233/SHTI200336","DOI not in crossref"
"10.1108/EBHRM-09-2020-0124","Invalid DOI"
"10.3964/j.issn.1000-0593(2020)04-1056-07","Invalid DOI"
"10.2478/hukin-2021-008","Invalid DOI"
"10.1177/2158244020986155","Line did not execute"
"10.3917/jie.031.0011","Invalid DOI"
"10.1177/23779608211011310","Line did not execute"
"10.1007/978-3-030-68972-8_4","Invalid DOI"
"10.1017/S1323358020000193","Invalid DOI"
"10.1386/jem_00022_7","DOI not in crossref"
"10.15619/NZJP/48.1.02","Invalid DOI"
"10.15619/NZJP/48.1.03","Invalid DOI"
"10.15619/NZJP/48.1.04","Invalid DOI"
"10.17159/caj/2020/30/1.8023","Invalid DOI"
"10.18420/SE2021_21","DOI not in crossref"
"10.22160/22035184/ARAS-2020-41-1-/141-165","Invalid DOI"
"10.23919/EATS52162.2021.9704818","Invalid DOI"
"10.25692/ACEN.2020.3.1","DOI not in crossref"
"10.2979/jourworlphil.5.2.01","Invalid DOI"
"10.30844/wi_2020_q5","Invalid DOI"
"10.32859/era.19.08.1-29","Invalid DOI"
"10.3303/CET2081013","DOI not in crossref"
"10.3303/CET2188002","DOI not in crossref"
"10.4324/9780367815875-8","Invalid DOI"
