WoS Subject,closed,gold,diamond,bronze,green,hybrid,Total,% Open,Closed/AAM embargoed,Closed/AAM immediate,Potential % open
Acoustics,4,0,0,0,0,0,4,0,3,1,100
Agriculture,6,0,0,0,0,1,7,14,5,0,85
Anesthesiology,7,1,0,2,0,0,10,30,6,0,90
Anthropology,1,0,0,0,1,0,2,50,1,0,100
Archaeology,1,0,0,0,0,0,1,0,1,0,100
Architecture,4,0,0,0,0,0,4,0,4,0,100
Area Studies,3,0,0,0,0,0,3,0,2,0,66
Art,3,0,0,1,0,0,4,25,2,1,100
Arts & Humanities - Other Topics,5,0,0,0,1,0,6,16,4,0,83
Asian Studies,1,0,0,0,0,0,1,0,1,0,100
Astronomy & Astrophysics,2,0,0,8,17,2,29,93,2,0,100
Audiology & Speech-Language Pathology,2,0,0,0,0,1,3,33,0,1,66
Automation & Control Systems,13,0,0,0,0,1,14,7,4,5,71
Behavioral Sciences,6,0,0,0,1,0,7,14,5,0,85
Biochemistry & Molecular Biology,11,16,0,0,0,1,28,60,8,1,92
Biodiversity & Conservation,0,6,1,0,0,1,8,100,0,0,100
Biomedical Social Sciences,4,1,0,0,4,2,11,63,3,1,100
Biophysics,5,0,0,1,0,0,6,16,5,0,100
Biotechnology & Applied Microbiology,6,0,0,1,1,0,8,25,6,0,100
Business & Economics,232,6,1,22,47,7,315,26,146,75,96
Cardiovascular System & Cardiology,8,2,0,1,2,0,13,38,4,0,69
Cell Biology,1,3,0,1,1,1,7,85,0,0,85
Chemistry,23,43,0,0,4,2,72,68,15,0,88
Communication,11,2,1,2,0,0,16,31,6,3,87
Computer Science,110,45,7,6,35,6,209,47,59,16,83
Construction & Building Technology,15,4,0,0,1,0,20,25,12,2,95
Criminology & Penology,10,0,0,0,1,1,12,16,5,5,100
Crystallography,1,0,0,0,0,0,1,0,1,0,100
Cultural Studies,2,0,0,0,0,0,2,0,2,0,100
Dance,1,0,0,0,0,0,1,0,1,0,100
"Dentistry, Oral Surgery & Medicine",2,0,0,1,0,0,3,33,2,0,100
Development Studies,2,0,0,0,0,0,2,0,2,0,100
Education & Educational Research,67,13,4,12,5,5,106,36,52,12,97
Emergency Medicine,4,1,0,0,0,0,5,20,3,1,100
Endocrinology & Metabolism,4,0,0,1,1,0,6,33,3,0,83
Energy & Fuels,28,11,0,2,1,0,42,33,22,0,85
Engineering,180,90,5,11,28,5,319,43,116,30,89
Environmental Sciences & Ecology,36,59,0,3,11,3,112,67,29,5,98
Ethnic Studies,9,0,0,0,0,1,10,10,2,4,70
Evolutionary Biology,2,1,0,1,0,0,4,50,1,0,75
Family Studies,11,0,0,0,1,1,13,15,3,8,100
"Film, Radio & Television",1,0,1,0,0,0,2,50,1,0,100
Fisheries,22,0,0,0,0,1,23,4,21,0,95
Food Science & Technology,19,11,0,0,6,1,37,48,15,3,97
Forestry,6,3,0,0,2,0,11,45,6,0,100
Gastroenterology & Hepatology,0,1,0,0,0,0,1,100,0,0,100
General & Internal Medicine,10,19,5,3,3,10,50,80,10,0,100
Genetics & Heredity,2,0,0,0,0,0,2,0,2,0,100
Geography,9,1,0,0,0,0,10,10,9,0,100
Geology,5,5,1,0,0,1,12,58,5,0,100
Geriatrics & Gerontology,9,4,0,1,4,6,24,62,5,4,100
Government & Law,9,0,0,0,3,1,13,30,8,1,100
Health Care Sciences & Services,19,13,0,2,5,4,43,55,16,3,100
Hematology,0,0,0,0,1,0,1,100,0,0,100
History,3,0,0,0,0,0,3,0,2,0,66
History & Philosophy of Science,0,0,0,0,0,1,1,100,0,0,100
Imaging Science & Photographic Technology,8,1,1,0,0,0,10,20,2,1,50
Immunology,6,0,1,0,0,0,7,14,5,0,85
Infectious Diseases,0,1,0,0,0,0,1,100,0,0,100
Information Science & Library Science,9,1,0,1,2,1,14,35,4,4,92
Instruments & Instrumentation,9,29,0,0,4,0,42,78,4,4,97
Integrative & Complementary Medicine,2,0,0,0,0,1,3,33,2,0,100
Legal Medicine,1,0,0,0,0,0,1,0,1,0,100
Life Sciences & Biomedicine - Other Topics,2,2,0,1,0,1,6,66,2,0,100
Linguistics,8,0,0,1,1,1,11,27,5,2,90
Marine & Freshwater Biology,24,1,0,1,1,2,29,17,23,0,96
Materials Science,16,7,3,0,5,0,31,48,14,0,93
Mathematical & Computational Biology,4,0,0,0,1,1,6,33,4,0,100
Mathematical Methods In Social Sciences,2,0,0,0,5,0,7,71,2,0,100
Mathematics,11,2,0,1,5,1,20,45,9,1,95
Mechanics,1,0,0,0,0,1,2,50,1,0,100
Medical Ethics,1,0,0,0,3,0,4,75,1,0,100
Medical Informatics,8,5,0,0,2,1,16,50,7,0,93
Metallurgy & Metallurgical Engineering,1,0,3,0,2,0,6,83,1,0,100
Meteorology & Atmospheric Sciences,4,0,1,0,1,0,6,33,4,0,100
Microbiology,6,1,0,0,1,1,9,33,5,0,88
Microscopy,0,0,0,1,0,1,2,100,0,0,100
Mineralogy,1,0,0,0,0,0,1,0,1,0,100
Mining & Mineral Processing,2,0,0,0,0,0,2,0,2,0,100
Neurosciences & Neurology,47,27,0,7,8,9,98,52,35,1,88
Nuclear Science & Technology,3,0,0,0,1,0,4,25,3,0,100
Nursing,31,18,0,11,8,5,73,57,27,4,100
Nutrition & Dietetics,17,11,0,2,2,1,33,48,7,7,90
Obstetrics & Gynecology,10,1,0,1,1,1,14,28,9,1,100
Oceanography,8,0,0,0,0,0,8,0,8,0,100
Oncology,3,3,0,0,1,2,9,66,3,0,100
Operations Research & Management Science,10,0,0,1,3,1,15,33,8,1,93
Ophthalmology,0,0,0,1,0,1,2,100,0,0,100
Optics,3,3,0,0,0,0,6,50,3,0,100
Orthopedics,9,12,1,2,4,1,29,68,4,1,86
Otorhinolaryngology,1,0,0,0,0,0,1,0,0,0,0
Parasitology,0,1,0,0,0,0,1,100,0,0,100
Pediatrics,4,0,0,2,1,0,7,42,2,2,100
Pharmacology & Pharmacy,9,14,0,2,0,0,25,64,5,1,88
Philosophy,1,0,0,0,0,0,1,0,1,0,100
Physical Geography,2,0,0,0,1,0,3,33,2,0,100
Physics,6,29,1,1,4,2,43,86,3,3,100
Physiology,35,8,0,5,5,3,56,37,10,24,98
Plant Sciences,6,1,0,3,1,1,12,50,5,0,91
Polymer Science,4,2,0,0,1,0,7,42,3,1,100
Psychiatry,27,5,0,5,6,3,46,41,24,2,97
Psychology,95,9,1,9,21,4,139,31,63,31,99
Public Administration,10,0,0,0,0,0,10,0,10,0,100
"Public, Environmental & Occupational Health",33,44,0,5,12,11,105,68,21,12,100
"Radiology, Nuclear Medicine & Medical Imaging",4,2,0,0,0,0,6,33,4,0,100
Rehabilitation,51,1,1,5,12,21,91,43,38,10,96
Religion,0,1,0,0,0,0,1,100,0,0,100
Remote Sensing,3,2,0,0,1,0,6,50,1,1,83
Reproductive Biology,2,0,0,0,0,0,2,0,2,0,100
Research & Experimental Medicine,4,13,0,0,0,1,18,77,4,0,100
Respiratory System,4,2,0,0,1,0,7,42,4,0,100
Rheumatology,1,6,0,1,1,0,9,88,1,0,100
Robotics,3,3,0,0,4,0,10,70,3,0,100
Science & Technology - Other Topics,26,57,0,1,11,3,98,73,22,3,98
Social Issues,3,0,0,0,3,0,6,50,3,0,100
Social Sciences - Other Topics,119,50,2,19,16,6,212,43,77,40,99
Social Work,7,0,0,1,1,1,10,30,6,1,100
Sociology,13,1,0,0,0,1,15,13,7,6,100
Sport Sciences,150,49,0,22,49,13,283,46,82,39,89
Substance Abuse,10,1,0,3,2,2,18,44,10,0,100
Surgery,5,2,0,0,1,0,8,37,4,0,87
Telecommunications,29,21,1,4,5,0,60,51,8,12,85
Theater,2,0,0,0,0,0,2,0,2,0,100
Thermodynamics,4,0,0,0,0,0,4,0,3,1,100
Toxicology,1,0,0,0,1,0,2,50,1,0,100
Transplantation,1,0,0,0,0,0,1,0,1,0,100
Transportation,11,1,0,0,2,3,17,35,6,5,100
Tropical Medicine,0,1,0,0,0,0,1,100,0,0,100
Urban Studies,4,0,0,0,0,0,4,0,2,2,100
Urology & Nephrology,1,0,0,0,0,0,1,0,1,0,100
Veterinary Sciences,5,0,0,0,0,0,5,0,5,0,100
Virology,0,1,0,1,0,0,2,100,0,0,100
Water Resources,4,1,1,0,0,0,6,33,4,0,100
Women's Studies,9,0,0,0,0,0,9,100,0,0,100
Zoology,4,0,0,0,1,0,5,20,4,0,100
