"DOI","Error"
"10.1080/00288330.2020.1857269","Line did not execute"
"10.1111/ecc.13380","Line did not execute"
"10.3390/ijerph17238833","Line did not execute"
"10.1080/14635240.2020.1843188","Line did not execute"
"10.1177/1177180120968580","Line did not execute"
"10.1016/j.ijintrcl.2020.09.003","Invalid DOI"
"10.1016/j.matlet.2020.128445","Line did not execute"
"10.1108/MEDAR-04-2020-0867","Invalid DOI"
"10.1080/14636778.2020.1829463","Line did not execute"
"10.1186/s12877-020-01740-3","Line did not execute"
"10.3390/jmse8090645","Line did not execute"
"10.1016/j.ijrmhm.2020.105267","Line did not execute"
"10.1177/1177180120948278","Line did not execute"
"10.1017/S0144686X19000370","Line did not execute"
"10.18584/iipj.2020.11.3.8262","Line did not execute"
"10.3389/fphar.2020.00935","Line did not execute"
"10.1186/s12939-020-01222-3","Line did not execute"
"10.1080/0028825X.2020.1770303","Line did not execute"
"10.1016/j.expneurol.2020.113281","Line did not execute"
"10.1016/j.ica.2020.119557","Line did not execute"
"10.1186/s12877-020-01590-z","Line did not execute"
"10.1177/1177180120919166","Line did not execute"
"10.1515/cllt-2017-0010","Line did not execute"
"10.1002/ecy.3057","Line did not execute"
"10.1002/hpja.347","Line did not execute"
"10.1111/1753-6405.12971","Line did not execute"
"10.1080/13670050.2020.1729693","Line did not execute"
"10.1016/j.msea.2019.138496","Line did not execute"
"10.13128/bae-7928","DOI not in crossref"
"10.1112/plms.12306","Line did not execute"
"10.19189/MaP.2019.OMB.StA.1816","DOI not in crossref"
"10.1080/1177083X.2019.1635497","Line did not execute"
"10.1177/0018726719893753","Line did not execute"
"10.2112/S187-002.1","Invalid DOI"
"10.2112/S187-003.1","Invalid DOI"
"10.2112/S187-004.1","Invalid DOI"
"10.2112/S187-005.1","Invalid DOI"
"10.2112/S187-007.1","Invalid DOI"
"10.2112/S187-008.1","Invalid DOI"
"10.1007/s10551-018-3869-3","Line did not execute"
"10.3390/genealogy3040074","Line did not execute"
"10.2112/5187-Preface","Invalid DOI"
"10.1080/03036758.2019.1668814","Line did not execute"
"10.1177/1177180119885663","Line did not execute"
"10.1016/j.jmart.2019.09.031","Invalid DOI"
"10.1111/nzg.12235","Line did not execute"
"10.1080/01140671.2019.1670681","Line did not execute"
"10.1080/03036758.2019.1662818","Line did not execute"
"10.1371/journal.pone.0211990","Line did not execute"
"10.3390/M1069","Line did not execute"
"10.1002/aqc.3048","Line did not execute"
"10.1177/1368431019872140","Line did not execute"
"10.1177/1359183519860230","Line did not execute"
"10.1080/10810730.2019.1637483","Line did not execute"
"10.1007/s40841-019-00130-7","Line did not execute"
"10.3390/genealogy3020032","Line did not execute"
"10.1016/j.quascirev.2019.02.019","Line did not execute"
"10.1016/j.jasrep.2018.12.009","Line did not execute"
"10.1016/j.jfluchem.2019.01.006","Line did not execute"
"10.1007/s12598-018-1159-y","Line did not execute"
"10.1080/1359866X.2018.1539214","Line did not execute"
"10.1016/j.foodchem.2018.10.039","Line did not execute"
"10.1177/1177180119828065","Line did not execute"
"10.1016/j.scitotenv.2018.10.065","Line did not execute"
"10.1186/s12877-019-1041-2","Line did not execute"
"10.1186/s12939-018-0904-z","Line did not execute"
"10.1080/1177083X.2019.1648304","Line did not execute"
"10.1071/PY19027","Line did not execute"
"10.1071/PY19025","Line did not execute"
"10.20417/nzjecol.43.35","Line did not execute"
"10.5334/ijic.s3448","Line did not execute"
"10.24384/g11c-ng05","DOI not in crossref"
"10.1080/1177083X.2019.1580752","Line did not execute"
"10.1016/j.carres.2018.10.012","Line did not execute"
"10.1016/j.amper.2019.100056","Line did not execute"
"10.1109/IVCNZ48456.2019.8961016","Line did not execute"
"10.14742/ajet.3594","Invalid DOI"
"10.18462/iir.icr.2019.0450","Invalid DOI"
"10.18462/iir.icr.2019.0451","Invalid DOI"
"10.20507/MAIJournal.2019.8.2.2","Line did not execute"
"10.2112/SI87-004.1","Line did not execute"
"10.22096/hr.2019.105277.1100","DOI not in crossref"
"10.3303/CET1976017","DOI not in crossref"
"10.3303/CET1976078","DOI not in crossref"
"10.3390/ma122333824","Invalid DOI"
"10.3969/j.issn.1671-9727.2019.01.01","DOI not in crossref"
"10.4324/9780429505669-5","Line did not execute"
"10.4324/9781315179780-11","Invalid DOI"
"10.4324/9781315179780-2","Invalid DOI"
"10.4324/9781315179780-23","Invalid DOI"
"10.4324/9781315179780-32","Invalid DOI"
"10.1037/ipp0000140","Line did not execute"
"10.15173/jhap.v8i10.4190","Invalid DOI"
"10.15286/JPS.129.4.351-382","Line did not execute"
"10.18462/iir.iccc.2020.292123","DOI not in crossref"
"10.18462/iir.rankine.2020.1124","DOI not in crossref"
"10.3233/FAIA200189","DOI not in crossref"
"10.7748/en.2020.e2031","Invalid DOI"
