Department,Total,closed,gold,diamond,bronze,green,hybrid,Journal articles,Open,% Open,Closed/AAM embargoed,Closed/AAM immediate,Potential % open
"ARC Centre of Excellence for Australian Biodiversity and Heritage, Canberra, ACT  2601, Australia, Radiocarbon Dating Laboratory, University of Waikato",1,0,0,0,0,0,1,1,1,100%,0,0,100%
"ARC Centre of Excellence for Australian Biodiversity and Heritage, Canberra, ACT, Australia, Radiocarbon Dating Laboratory, University of Waikato",1,1,0,0,0,0,0,1,0,0%,1,0,100%
"ARC Centre of Excellence for Australian Biodiversity and Heritage, College of Arts, Society and Education, James Cook University, PO Box 6811, Cairns, QLD  4870, Australia, Radiocarbon Dating Laboratory, Division of Health, Engineering, Computing and Science, University of Waikato",1,0,0,0,0,0,1,1,1,100%,0,0,100%
"ARC Centre of Excellence for Australian Biodiversity and Heritage, James Cook University, P.O. Box 6811, Cairns, QLD  4870, Australia, Waikato Radiocarbon Dating Laboratory, University of Waikato",1,0,0,0,0,1,0,1,1,100%,0,0,100%
"Academic Liaison Team, Library, The University of Waikato",1,1,0,0,0,0,0,1,0,0%,1,0,100%
"Adams Centre for High Performance, University of Waikato",4,2,0,0,0,2,0,4,2,50%,1,0,75%
"AgResearch Ltd., Ruakura Research Centre, Hamilton, 3240, New Zealand, School of Science, The University of Waikato",1,0,1,0,0,0,0,1,1,100%,0,0,100%
"AgResearch, Ruakura Research Centre, Hamilton, New Zealand, School of Science, The University of Waikato",1,1,0,0,0,0,0,1,0,0%,1,0,100%
"Analytica Laboratories, Ruakura Research Centre, Hamilton, New Zealand, Environmental Research Institute, School of Science, University of Waikato",1,1,0,0,0,0,0,1,0,0%,1,0,100%
"Anthropology Programme, Faculty of Arts and Social Sciences, University of Waikato",1,1,0,0,0,0,0,1,0,0%,0,0,0%
"Anthropology Programme, University of Waikato",3,3,0,0,0,0,0,3,0,0%,1,0,33%
"Arndt-Corden Department of Economics, Australian National University, Canberra, Australia, Waikato Management School, University of Waikato",1,1,0,0,0,0,0,0,0,,0,0,0%
"Arts and Social Sciences, The University of Waikato",1,0,0,0,0,1,0,1,1,100%,0,0,100%
"Auckland University, Auckland, New Zealand, Science and Engineering, University of Waikato",1,1,0,0,0,0,0,1,0,0%,1,0,100%
"Australian Research Council Centre of Excellence for Australian Biodiversity and Heritage, Australia, Radiocarbon Dating Laboratory, University of Waikato",1,0,0,0,0,1,0,1,1,100%,0,0,100%
"Australian Research Council Centre of Excellence for Australian Biodiversity and Heritage, Canberra, ACT, Australia, Radiocarbon Dating Laboratory, University of Waikato",1,0,1,0,0,0,0,1,1,100%,0,0,100%
"Australian Research Council Centre of Excellence for Australian Biodiversity and Heritage, Canberra, Australia, Radiocarbon Dating Laboratory, University of Waikato",1,1,0,0,0,0,0,1,0,0%,1,0,100%
"Australian Research Council Centre of Excellence for Australian Biodiversity and Heritage, Wollongong, Australia, Radiocarbon Dating Laboratory, University of Waikato",1,1,0,0,0,0,0,1,0,0%,1,0,100%
"Australian Rivers Institute and School of Environment and Science, Griffith University, Nathan, QLD, Australia, Environmental Research Institute, University of Waikato",1,0,0,0,0,0,1,1,1,100%,0,0,100%
"Australian Rivers Institute, Griffith UniversityQLD, Australia, Environmental Research Institute, University of Waikato",1,1,0,0,0,0,0,1,0,0%,1,0,100%
"BUU China-New Zealand Tourism Research Unit, The University of Waikato",1,1,0,0,0,0,0,1,0,0%,1,0,100%
"BestStart Educare, Tauranga, New Zealand, School of Education, University of Waikato",1,0,0,0,1,0,0,1,1,100%,0,0,100%
"Biogeochemistry and Ecohydrology Research, University of Waikato",1,1,0,0,0,0,0,1,0,0%,1,0,100%
"Biological Sciences, School of Science, University of Waikato",4,2,1,0,0,0,1,4,2,50%,2,0,100%
"Biological Sciences, University of Waikato",1,1,0,0,0,0,0,1,0,0%,1,0,100%
"Biological and Environmental Sciences and Engineering (BESE), Red Sea Research Center (RSRC), King Abdullah University of Science and Technology (KAUST), Thuwal, 23955-6900, Saudi Arabia, School of Science, University of Waikato",1,0,1,0,0,0,0,1,1,100%,0,0,100%
"Biology Department, Woods Hole Oceanographic Institution, Woods Hole, MA, United States, School of Science, University of Waikato",1,0,1,0,0,0,0,1,1,100%,0,0,100%
"Biomedical Unit, School of Science, University of Waikato",1,0,1,0,0,0,0,1,1,100%,0,0,100%
"Boise State University, Boise, ID, United States, University of Waikato",1,1,0,0,0,0,0,1,0,0%,1,0,100%
"Bureau de Recherche Géologique et Minière (BRGM), 3 avenue C. Guillemin, Orléans, 45060, France, Faculty of Science and Engineering, University of Waikato",1,0,1,0,0,0,0,1,1,100%,0,0,100%
"Burke Neurological Institute, White Plains, NY, United States, University of Waikato",1,0,1,0,0,0,0,1,1,100%,0,0,100%
"CROW, University of Waikato",1,0,0,0,0,1,0,1,1,100%,0,0,100%
"Canadian High Arctic Research Station, Polar Knowledge Canada, Cambridge Bay, NU, Canada, School of Science, University of Waikato",1,0,1,0,0,0,0,1,1,100%,0,0,100%
"Cawthron Institute, Private Bag 2, Nelson, 7010, New Zealand, Department of Biological Sciences, University of Waikato",2,1,1,0,0,0,0,2,1,50%,1,0,100%
"Cawthron Institute, Private Bag 2, Nelson, 7042, New Zealand, New Zealand Food Safety Science and Research Centre, Massey University, Private Bag 11-222, Palmerston North, 4442, New Zealand, School of Science, University of Waikato",1,0,0,0,0,0,1,1,1,100%,0,0,100%
"Cawthron Institute, Private Bag 2, Nelson, 7042, New Zealand, University of Waikato",2,2,0,0,0,0,0,2,0,0%,2,0,100%
"Center for Chinese Agricultural Policy, Chinese Academy of Sciences, Beijing, 100101, China, Department of Economics, University of Waikato",1,1,0,0,0,0,0,1,0,0%,1,0,100%
"Center for Chinese Agricultural Policy, Institute of Geographic Sciences and Natural Resources Research, Chinese Academy of Sciences, Beijing, 100101, China, University of Chinese Academy of Sciences, Beijing, 100149, China, Department of Economics, The University of Waikato",1,1,0,0,0,0,0,1,0,0%,1,0,100%
"Centre for Biodiversity and Ecology Research, Department of Biological Sciences, Faculty of Science and Engineering, The University of Waikato",1,1,0,0,0,0,0,1,0,0%,0,0,0%
"Centre for Biodiversity and Restoration Ecology, Victoria University of Wellington, Wellington, New Zealand, School of Graduate Research, University of Waikato",1,1,0,0,0,0,0,1,0,0%,1,0,100%
"Centre for Environmental, Resources and Energy Law, Te Piringa – Faculty of Law, University of Waikato",1,1,0,0,0,0,0,1,0,0%,1,0,100%
"Centre for Environmental, Resources and Energy Law, Te Piringa-Faculty of Law, University of Waikato",1,0,1,0,0,0,0,1,1,100%,0,0,100%
"Centre for Longitudinal Research–He Ara ki Mua, The University of Auckland, Auckland, New Zealand, Growing Up in New Zealand, The University of Auckland, Auckland, New Zealand, Population Studies and Demography, The University of Waikato",1,1,0,0,0,0,0,1,0,0%,1,0,100%
"Centre for Natural Resources and Technology, Federal University of Campina Grande, Aprígio Veloso Street, 882, Campina Grande, PB  58429-900, Brazil, Environmental Planning Programme, School of Social Sciences, The University of Waikato",1,0,0,0,0,1,0,1,1,100%,0,0,100%
"Centre for Research on Life-long Learning and Education CELE, University of Waikato",1,1,0,0,0,0,0,0,0,,0,0,0%
"Centre for Tertiary Teaching & Learning, Office of the Vice-Chancellor, The University of Waikato",1,1,0,0,0,0,0,1,0,0%,0,1,100%
"Centre for Tertiary Teaching and Learning, University of Waikato",2,1,0,1,0,0,0,2,1,50%,1,0,100%
"Centro Interdisciplinar de Investigação Marinha e Ambiental (CIIMAR), Universidade do Porto, Terminal de Cruzeiros do Porto de Leixões, Matosinhos, Portugal, Faculdade de Ciências, Universidade do Porto, Porto, Portugal, School of Science & Engineering, University of Waikato",1,0,1,0,0,0,0,1,1,100%,0,0,100%
"Centro Interdisciplinar de Investigação Marinha e Ambiental, Universidade do Porto, Terminal de Cruzeiros do Porto de Leixões, Matosinhos, 4450-208, Portugal, School of Science, University of Waikato",1,0,0,0,0,1,0,1,1,100%,0,0,100%
"Chair of Integrated Catchment Management, School of Social Sciences, University of Waikato",1,1,0,0,0,0,0,1,0,0%,1,0,100%
"Chemistry, School of Science, Faculty of Science and Engineering, University of Waikato",1,1,0,0,0,0,0,1,0,0%,1,0,100%
"Chemistry, School of Science, University of Waikato",8,3,2,0,0,2,1,8,5,62%,3,0,100%
"Chiefs Rugby Franchise, Ruakura Research Centre, Hamilton, New Zealand, Te Oranga School of Human Development and Movement Studies, University of Waikato",1,1,0,0,0,0,0,1,0,0%,1,0,100%
"China-New Zealand Tourism Research Unit, The University of Waikato",4,3,0,0,0,1,0,4,1,25%,3,0,100%
"China-New Zealand Tourism Research Unit, University of Waikato",1,1,0,0,0,0,0,1,0,0%,1,0,100%
"China-New Zealand Tourism Research Unit, Waikato Management School, University of Waikato",1,1,0,0,0,0,0,1,0,0%,0,1,100%
"Cities Research Institute, Griffith University, 170 Kessels Rd, Nathan, Brisbane, 4111, Australia, School of Social Sciences, The University of Waikato",1,0,0,0,0,1,0,1,1,100%,0,0,100%
"Civil Engineering, School of Engineering, Faculty of Science and Engineering, University of Waikato",1,1,0,0,0,0,0,1,0,0%,1,0,100%
"Coastal Marine Field Station, University of Waikato",7,2,4,0,0,0,1,7,5,71%,1,1,100%
"Coastal Marine Group, Faculty of Science and Engineering, University of Waikato",2,0,0,0,0,0,2,2,2,100%,0,0,100%
"Coastal Marine Group, School of Science, Faculty of Science and Engineering, University of Waikato",1,1,0,0,0,0,0,1,0,0%,1,0,100%
"Coastal Marine Group, School of Science, University of Waikato",2,2,0,0,0,0,0,2,0,0%,2,0,100%
"Coastal Marine Research Station, University of Waikato",1,1,0,0,0,0,0,1,0,0%,1,0,100%
"Coastal and Freshwater, Cawthron Institute, Nelson, New Zealand, Department of Biological Sciences, University of Waikato",1,0,1,0,0,0,0,1,1,100%,0,0,100%
"College of Earth, Ocean, and Environment, University of Delaware, Lewes, DE  19958, United States, International Centre for Terrestrial Antarctic Research, School of Science, University of Waikato",1,0,0,0,0,0,1,1,1,100%,0,0,100%
"College of Earth, Ocean, and Environment, University of Delaware, Lewes, DE, United States, International Centre for Terrestrial Antarctic Research, University of Waikato",1,0,1,0,0,0,0,1,1,100%,0,0,100%
"College of Education Health and Human Development, Child Well-Being Institute, University of Canterbury, Christchurch, New Zealand, School of Education, University of Waikato",1,1,0,0,0,0,0,1,0,0%,0,0,0%
"Computer Science Department, University of Waikato",5,2,0,0,1,2,0,1,0,0%,0,1,20%
"Computer Science Dept., University of Waikato",1,1,0,0,0,0,0,0,0,,0,0,0%
"Computing and Mathematical Sciences, University of Waikato",2,1,0,0,0,1,0,1,0,0%,1,0,50%
"Computing and Mathematical Sciences–Institute for Security and Crime Science, University of Waikato",1,1,0,0,0,0,0,1,0,0%,1,0,100%
"DCU Business School, Dublin City University, Dublin 9, Ireland, School of Accounting, Finance and Economics, University of Waikato",9,4,0,0,0,0,5,9,5,55%,4,0,100%
"DCU Business School, Dublin City UniversityDublin 9, Ireland, School of Accounting, Finance and Economics, University of Waikato",1,0,0,0,0,0,1,1,1,100%,0,0,100%
"Department School of Accounting, Finance and Economics, Organization, University of Waikato",1,0,0,0,0,1,0,1,1,100%,0,0,100%
"Department Sustainable Products and Processes, University of Kassel, Kurt-Wolters-Str. 3, Kassel, 34125, Germany, Sustainable Energy, Water & Resilient Systems Group, School of Engineering, University of Waikato",1,1,0,0,0,0,0,1,0,0%,1,0,100%
"Department of Accounting, University of Waikato",7,5,0,0,0,2,0,7,2,28%,1,4,100%
"Department of Accounting, Waikato Management School, The University of Waikato",1,1,0,0,0,0,0,1,0,0%,1,0,100%
"Department of Biological Science, The University of Waikato",1,0,0,0,0,1,0,1,1,100%,0,0,100%
"Department of Biological Sciences, Faculty of Science and Engineering, University of Waikato",1,1,0,0,0,0,0,1,0,0%,1,0,100%
"Department of Biological Sciences, The University of Waikato",1,1,0,0,0,0,0,1,0,0%,1,0,100%
"Department of Biological Sciences, University of Waikato",10,7,3,0,0,0,0,9,3,33%,6,0,90%
"Department of Biological and Geographical Sciences, University of Huddersfield, Queensgate, Huddersfield, HD1 3DH, United Kingdom, School of Science, University of Waikato",1,0,0,0,0,0,1,1,1,100%,0,0,100%
"Department of Biology, School of Science, University of Waikato",1,1,0,0,0,0,0,1,0,0%,1,0,100%
"Department of Biosystems Engineering, University of São Paulo College of Animal Science and Food Engineering, Av. Duque de Caxias Norte 225, CEP 13635-900 Pirassununga, SP, Brazil, Faculty of Science and Engineering, University of Waikato",1,1,0,0,0,0,0,1,0,0%,1,0,100%
"Department of Chemical and Biological Engineering, School of Engineering, Faculty of Science and Engineering, University of Waikato",1,1,0,0,0,0,0,1,0,0%,0,0,0%
"Department of Chemistry, School of Science, University of Waikato",4,4,0,0,0,0,0,4,0,0%,2,0,50%
"Department of Chemistry, UiT The Arctic University of Norway, TromsøN-9037, Norway, School of Science, University of Waikato",1,0,1,0,0,0,0,1,1,100%,0,0,100%
"Department of Chemistry, University of Waikato",1,1,0,0,0,0,0,1,0,0%,0,1,100%
"Department of Computer Science, The University of Waikato",3,1,0,0,0,2,0,3,2,66%,1,0,100%
"Department of Computer Science, University of Chile, Chile, Department of Computer Science, University of Waikato",1,0,0,0,0,1,0,0,0,,0,0,0%
"Department of Computer Science, University of Waikato",36,13,1,1,1,19,1,13,9,69%,2,1,33%
"Department of Computing and Mathematical Sciences, University of Waikato",1,0,1,0,0,0,0,1,1,100%,0,0,100%
"Department of Early Childhood Education, The Education University of Hong Kong, Hong Kong, Te, Huataki Waiora Faculty of Health, Sport, and Human Performance, University of Waikato",1,1,0,0,0,0,0,1,0,0%,1,0,100%
"Department of Earth and Ocean Sciences, University of Waikato",2,0,1,0,0,1,0,2,2,100%,0,0,100%
"Department of Economics and Finance, University of Waikato",2,1,0,0,0,0,1,2,1,50%,1,0,100%
"Department of Economics, National Institute of Demographic and Economic Analysis, University of Waikato",1,1,0,0,0,0,0,0,0,,0,0,0%
"Department of Economics, School of Accounting, Finance and Economics, University of Waikato",1,1,0,0,0,0,0,1,0,0%,1,0,100%
"Department of Economics, The University of Waikato",3,3,0,0,0,0,0,3,0,0%,3,0,100%
"Department of Economics, University of Waikato",10,7,0,1,2,0,0,10,3,30%,5,1,90%
"Department of Economics, Waikato Management School, The University of Waikato",1,1,0,0,0,0,0,1,0,0%,1,0,100%
"Department of Economics, Waikato Management School, University of Waikato",1,0,0,0,0,1,0,1,1,100%,0,0,100%
"Department of Education, University of Waikato",2,2,0,0,0,0,0,2,0,0%,1,0,50%
"Department of Electrical and Computer Systems Engineering, Monash University, Malaysia, School of Engineering, Faculty of Science & Engineering, University of Waikato",1,1,0,0,0,0,0,1,0,0%,1,0,100%
"Department of Electrical and Electronic Engineering, Southern University of Science and Technology, Shenzhen, China, Faculty of Science and Engineering, University of Waikato",1,0,0,0,0,1,0,0,0,,0,0,0%
"Department of Engineering, University of Waikato",1,0,0,0,0,1,0,0,0,,0,0,0%
"Department of Environmental Sciences, Faculty of Science and Engineering, Macquarie University2109, Australia, School of Science, University of Waikato",1,1,0,0,0,0,0,1,0,0%,1,0,100%
"Department of Environmental Toxicology, Institute of Environmental and Human Health, Texas Tech University, Lubbock, TX, United States, School of Science, University of Waikato",1,0,1,0,0,0,0,1,1,100%,0,0,100%
"Department of Finance, School of Management, University of Waikato",1,0,0,0,1,0,0,1,1,100%,0,0,100%
"Department of Finance, University of Waikato",2,1,0,1,0,0,0,2,1,50%,0,1,100%
"Department of Food Science and Nutrition, University of Minnesota, St. Paul, MN  55113, United States, Faculty of Science and Engineering, University of Waikato",1,1,0,0,0,0,0,1,0,0%,1,0,100%
"Department of Food Science and Nutrition, University of Minnesota, St. Paul, MN, United States, Department of Biological Sciences, Faculty of Science and Engineering, University of Waikato",1,1,0,0,0,0,0,1,0,0%,1,0,100%
"Department of General and Applied Linguistics, University of Waikato",2,1,0,0,1,0,0,2,1,50%,0,1,100%
"Department of Geography and Environmental Planning, University of Waikato",1,1,0,0,0,0,0,1,0,0%,1,0,100%
"Department of Geography, University of Waikato",1,1,0,0,0,0,0,1,0,0%,1,0,100%
"Department of Geological Sciences, University of Canterbury, Private Bag 4800, Christchurch, 8140, New Zealand, School of Biological Sciences, University of Canterbury, Private Bag 4800, Christchurch, 8140, New Zealand, School of Sciences, University of Waikato",1,1,0,0,0,0,0,1,0,0%,1,0,100%
"Department of Geology and Geophysics, Yale University, New Haven, CT, United States, School of Science, University of Waikato",1,0,0,0,0,1,0,1,1,100%,0,0,100%
"Department of Geology and Geophysics, Yale University, P.O. Box 208109, New Haven, CT  06520-8109, United States, School of Science, University of Waikato",1,0,0,0,1,0,0,1,1,100%,0,0,100%
"Department of Linguistics, Division of Arts, Law, Psychology and Social Sciences, University of Waikato",1,1,0,0,0,0,0,1,0,0%,1,0,100%
"Department of Management Communication, University of Waikato",3,2,1,0,0,0,0,3,1,33%,1,0,66%
"Department of Management Sciences and Technology, Hamburg University of Technology (TUHH), Hamburg, Germany and Waikato Management School, University of Waikato",1,1,0,0,0,0,0,1,0,0%,0,1,100%
"Department of Management Sciences and Technology, Hamburg University of Technology (TUHH), Hamburg, Germany, Waikato Management School, University of Waikato",1,1,0,0,0,0,0,1,0,0%,1,0,100%
"Department of Marketing, University of Waikato",1,1,0,0,0,0,0,1,0,0%,0,1,100%
"Department of Mathematics and Statics, Faculty of Computational and Mathematical Sciences, University of Waikato",1,0,0,0,0,1,0,1,1,100%,0,0,100%
"Department of Mathematics and Statistics, University of Waikato",9,2,0,1,0,6,0,9,7,77%,1,1,100%
"Department of Mathematics, The University of Waikato",4,1,0,1,0,2,0,4,3,75%,1,0,100%
"Department of Mathematics, University of Waikato",10,5,1,1,1,2,0,10,5,50%,3,2,100%
"Department of Mechanical Engineering, University of Waikato",1,1,0,0,0,0,0,1,0,0%,1,0,100%
"Department of Neuroscience, Functional Pharmacology, Uppsala University, Uppsala, Sweden, Faculty of Science and Engineering, University of Waikato",1,0,1,0,0,0,0,1,1,100%,0,0,100%
"Department of Pest-management and Conservation, Lincoln University, Lincoln, New Zealand, School of Science, The University of Waikato",1,0,0,0,0,1,0,1,1,100%,0,0,100%
"Department of Political Science Public Policy, The University of Waikato",1,1,0,0,0,0,0,1,0,0%,1,0,100%
"Department of Political Science and Public Policy, University of Waikato",1,0,0,0,1,0,0,1,1,100%,0,0,100%
"Department of Politics and Public Policy, University of Waikato",3,1,1,1,0,0,0,3,2,66%,1,0,100%
"Department of Psychology, Faculty of Behavioural and Social Sciences, University of Groningen, Groningen, Netherlands, School of Psychology, Division of Arts, Psychology, and Social Sciences, University of Waikato",1,0,1,0,0,0,0,1,1,100%,0,0,100%
"Department of Psychology, Lancaster University, Lancaster, United Kingdom, School of Psychology, University of Waikato",2,0,2,0,0,0,0,2,2,100%,0,0,100%
"Department of Psychology, University of Groningen, Netherlands, University of Waikato",1,1,0,0,0,0,0,1,0,0%,1,0,100%
"Department of Psychology, University of Waikato",1,1,0,0,0,0,0,1,0,0%,0,1,100%
"Department of Pure and Industrial Chemistry, Faculty of Physical Sciences, University of Nigeria, Nsukka, Enugu State  410001, Nigeria, Department of Chemistry, University of Waikato",1,1,0,0,0,0,0,1,0,0%,1,0,100%
"Department of Pure and Industrial Chemistry, Faculty of Physical Sciences, University of Nigeria, Nsukka, Enugu State  410001, Nigeria, School of Science, University of Waikato",1,1,0,0,0,0,0,1,0,0%,1,0,100%
"Department of Pure and Industrial Chemistry, University of Nigeria, Nsukka, 410001, Nigeria, School of Science, University of Waikato",1,1,0,0,0,0,0,1,0,0%,1,0,100%
"Department of Pure and Industrial Chemistry, University of Nigeria, Nsukka, Enugu State  410001, Nigeria, School of Science, University of Waikato",2,2,0,0,0,0,0,2,0,0%,2,0,100%
"Department of Sociology and Social Policy, University of Waikato",1,0,0,0,1,0,0,1,1,100%,0,0,100%
"Department of Sociology, University of Waikato",3,1,0,0,2,0,0,3,2,66%,1,0,100%
"Department of Software Engineering, University of Waikato",1,0,0,0,0,1,0,0,0,,0,0,0%
"Department of Space Science, University of Alabama in Huntsville, Huntsville, AL  35805, United States, Department of Mathematics and Statistics, University of Waikato",1,1,0,0,0,0,0,1,0,0%,1,0,100%
"Department of Spatial Economics, Vrije Universiteit Amsterdam, De Boelelaan 1105, Amsterdam, 1081 HV, Netherlands, National Institute of Demographic and Economic Analysis, University of Waikato",1,0,0,0,0,1,0,1,1,100%,0,0,100%
"Department of Statistics, The University of Waikato",1,0,0,1,0,0,0,1,1,100%,0,0,100%
"Department of Strategy and HRM, Waikato Management School, University of Waikato",2,2,0,0,0,0,0,2,0,0%,1,1,100%
"Department of Veterinary Diagnostic and Production Animal Medicine, College of Veterinary Medicine, Iowa State University, 1809 South Riverside Drive, Ames, IA, United States, Animal Behaviour and Welfare, AgResearch Ltd, Ruakura Research Centre, Private Bag 3123, Hamilton, New Zealand, School of Science, University of Waikato",1,1,0,0,0,0,0,1,0,0%,1,0,100%
"Dept. of Computer Science, University of Waikato",2,2,0,0,0,0,0,0,0,,0,0,0%
"Dept. of Economics, School of Accounting, Finance and Economics (SAFE), The University of Waikato",1,0,0,1,0,0,0,1,1,100%,0,0,100%
"Deputy Vice-Chancellor Academic, University of Waikato",1,1,0,0,0,0,0,1,0,0%,1,0,100%
"Division of Arts, Law, Psychology and Social Sciences, School of Psychology, University of Waikato",1,0,0,0,1,0,0,1,1,100%,0,0,100%
"Division of Arts, Law, Psychology and Social Sciences, University of Waikato",1,0,0,1,0,0,0,1,1,100%,0,0,100%
"Division of Education, The University of Waikato",4,4,0,0,0,0,0,4,0,0%,4,0,100%
"Division of Education, University of Waikato",4,2,1,0,0,0,1,4,2,50%,2,0,100%
"Division of Health Engineering Computing and Science, University of Waikato",1,0,0,0,0,1,0,1,1,100%,0,0,100%
"Division of Health, Engineering, Computing and Science, School of Health, Sport and Human Performance, University of Waikato",1,0,0,0,0,1,0,1,1,100%,0,0,100%
"Division of Health, Engineering, Computing and Science, Te Huataki Waiora School of Health, Adams Centre for High Performance, University of Waikato",1,1,0,0,0,0,0,1,0,0%,1,0,100%
"Division of Health, Engineering, Computing and Science, Te Huataki Waiora School of Health, University of Waikato",5,4,0,1,0,0,0,5,1,20%,4,0,100%
"Division of Health, Engineering, Computing and Science, University of Waikato",1,0,0,0,0,1,0,1,1,100%,0,0,100%
"Division of Management, University of Waikato",1,1,0,0,0,0,0,1,0,0%,1,0,100%
"Doctoral Student, National Institute of Demographic and Economic Analysis, University of Waikato",1,1,0,0,0,0,0,1,0,0%,0,1,100%
"Dodd Walls Centre for Photonics and Quantum Technologies, The University of Waikato",1,1,0,0,0,0,0,1,0,0%,0,1,100%
"Dr., University of Waikato",1,1,0,0,0,0,0,1,0,0%,1,0,100%
"Dublin City University (DCU) Dublin 9, Ireland, School of Accounting, Finance and Economics, University of Waikato",1,0,0,0,0,0,1,1,1,100%,0,0,100%
"Durham University Business School, Durham University, Mill Hill Lane, DurhamDH1 3LB, United Kingdom, Department of Business Administration, University of Verona, Via Cantarane, Verona, 24 - 37129, Italy, School of Accounting, Economics & Finance, University of Waikato",1,0,0,0,0,1,0,1,1,100%,0,0,100%
"Durham University, United Kingdom, University of Waikato",1,0,0,0,0,1,0,1,1,100%,0,0,100%
"ECoast Marine Consulting and Research, Raglan, New Zealand, University of Waikato",4,4,0,0,0,0,0,4,0,0%,0,0,0%
"ECoast Marine Consulting and Research, University of Waikato",1,1,0,0,0,0,0,1,0,0%,0,0,0%
"Early Childhood Education Department, The Education University of Hong Kong, Hong Kong, Faculty of Health, Sport, and Human Performance, University of Waikato",1,0,0,0,0,1,0,1,1,100%,0,0,100%
"Earth Sciences, University of Waikato",2,2,0,0,0,0,0,2,0,0%,2,0,100%
"EcoNetLab, German Centre for Integrative Biodiversity Research (iDiv) Halle-Jena-Leipzig, Leipzig, Germany, EcoNetLab, Friedrich Schiller University, Jena, Germany, School of Science, University of Waikato",1,0,0,0,0,1,0,1,1,100%,0,0,100%
"EcoNetLab, German Centre for Integrative Biodiversity Research (iDiv) Halle-Jena-Leipzig, Leipzig, Germany, School of Science, University of Waikato",1,0,0,0,0,1,0,1,1,100%,0,0,100%
"Economics and Finance, Waikato Management School, The University of Waikato",1,1,0,0,0,0,0,1,0,0%,1,0,100%
"Economics, Waikato Management School, University of Waikato",1,1,0,0,0,0,0,1,0,0%,1,0,100%
"Elizabeth Dickson, PhD, RN, is Assistant Professor, College of Nursing, University of New Mexico, Albuquerque. Maya Magarati, PhD, is Assistant Professor, Department of Sociology, University of Washington, Seattle. Blake Boursaw, MS, is Instructor, College of Nursing, University of New Mexico, Albuquerque. John Oetzel, PhD, is Professor, Waikato Management School, University of Waikato",1,1,0,0,0,0,0,1,0,0%,0,0,0%
"Emeritus, University of Waikato",1,1,0,0,0,0,0,1,0,0%,1,0,100%
"Energy Initiative, University of Queensland, Brisbane, 4072, Australia, School of Science, University of Waikato",1,1,0,0,0,0,0,1,0,0%,1,0,100%
"Energy Initiative, University of Queensland, Brisbane, QLD  4072, Australia, School of Science, University of Waikato",1,0,0,0,0,1,0,1,1,100%,0,0,100%
"Energy Research Centre, School of Engineering, University of Waikato",6,4,1,0,0,1,0,5,2,40%,3,0,83%
"Energy Research Group, School of Engineering, University of Waikato",1,1,0,0,0,0,0,1,0,0%,1,0,100%
"Energy Systems Integration Group, School of Engineering, University of Waikato",1,0,1,0,0,0,0,1,1,100%,0,0,100%
"Energy and Climate Law, at the Centre for Energy, Resources and Environmental Law (CEREL), Te Piringa - Faculty of Law, University of Waikato",1,1,0,0,0,0,0,1,0,0%,1,0,100%
Engineering University of Waikato,1,1,0,0,0,0,0,1,0,0%,0,1,100%
"Enviornmental Planning Post Doctoral, University of Waikato",1,1,0,0,0,0,0,1,0,0%,1,0,100%
"Environmental Planning Programme, Faculty of Arts and Social Sciences, University of Waikato",1,1,0,0,0,0,0,1,0,0%,1,0,100%
"Environmental Planning Programme, School of Social Sciences, The University of Waikato",3,1,0,0,0,2,0,3,2,66%,1,0,100%
"Environmental Research Institute and School of Science, University of Waikato",1,0,0,0,1,0,0,1,1,100%,0,0,100%
"Environmental Research Institute, Coastal Marine Field Station, University of Waikato",1,1,0,0,0,0,0,1,0,0%,1,0,100%
"Environmental Research Institute, Faculty of Science & Engineering, University of Waikato",1,1,0,0,0,0,0,1,0,0%,1,0,100%
"Environmental Research Institute, Faculty of Science and Engineering, The University of Waikato",1,1,0,0,0,0,0,1,0,0%,1,0,100%
"Environmental Research Institute, Faculty of Science and Engineering, University of Waikato",1,1,0,0,0,0,0,1,0,0%,1,0,100%
"Environmental Research Institute, Private Bag 3105, University of Waikato",1,1,0,0,0,0,0,1,0,0%,1,0,100%
"Environmental Research Institute, School of Science The University of Waikato",1,0,1,0,0,0,0,1,1,100%,0,0,100%
"Environmental Research Institute, School of Science, Faculty of Science and Engineering, University of Waikato",2,0,1,0,0,1,0,2,2,100%,0,0,100%
"Environmental Research Institute, School of Science, The University of Waikato",2,2,0,0,0,0,0,2,0,0%,2,0,100%
"Environmental Research Institute, School of Science, University of Waikato",9,5,3,1,0,0,0,9,4,44%,4,1,100%
"Environmental Research Institute, The University of Waikato",17,12,1,0,3,1,0,17,5,29%,12,0,100%
"Environmental Research Institute, University of Waikato",25,12,3,1,2,2,5,25,13,52%,11,0,96%
"Experimental Philosophy Research Group, University of Waikato",3,3,0,0,0,0,0,0,0,,0,0,0%
"Faculty of Arts and Social Sciences, School of Psychology, University of Waikato",1,1,0,0,0,0,0,1,0,0%,1,0,100%
"Faculty of Arts and Social Sciences, Sociology Social Policy, Women's and Gender Studies, University of Waikato",1,0,0,0,0,1,0,0,0,,0,0,0%
"Faculty of Arts and Social Sciences, The University of Waikato",1,1,0,0,0,0,0,1,0,0%,1,0,100%
"Faculty of Arts and Social Sciences, University of Waikato",5,2,0,0,1,2,0,4,2,50%,1,0,60%
"Faculty of Banking, University of Economics, The University of Danang, Da Nang, 550000, Viet Nam, School of Accounting, Finance and Economics, The University of Waikato",1,0,1,0,0,0,0,1,1,100%,0,0,100%
"Faculty of Computer Science, University of New Brunswick, Fredericton, NB, Canada, Department of Computer Science, University of Waikato",1,0,0,0,0,1,0,0,0,,0,0,0%
"Faculty of Computing & Mathematical Sciences, University of Waikato",1,0,0,0,0,1,0,1,1,100%,0,0,100%
"Faculty of Computing and Mathematical Sciences, University of Waikato",2,2,0,0,0,0,0,2,0,0%,1,0,50%
"Faculty of Education, The University of Waikato",11,10,0,1,0,0,0,3,1,33%,2,0,27%
"Faculty of Education, University of Waikato",11,5,1,1,0,4,0,10,6,60%,3,1,90%
"Faculty of Engineering and Information Sciences, School of Engineering, University of Waikato",1,1,0,0,0,0,0,1,0,0%,1,0,100%
"Faculty of Engineering, The University of Waikato",1,1,0,0,0,0,0,0,0,,0,0,0%
"Faculty of Engineering, University of Waikato",2,1,0,0,0,1,0,2,1,50%,1,0,100%
"Faculty of Health, Education and Environment, Toi Ohomai Institute of Technology, Tauranga, 3112, New Zealand, Te Huataki Waiora School of Health, The University of Waikato",2,0,2,0,0,0,0,2,2,100%,0,0,100%
"Faculty of Health, Sport and Human Performance, Adams Centre for High Performance, The University of Waikato",1,0,0,0,0,1,0,1,1,100%,0,0,100%
"Faculty of Health, Sport and Human Performance, The University of Waikato",1,1,0,0,0,0,0,1,0,0%,0,1,100%
"Faculty of Health, Sport and Human Performance, University of Waikato",19,9,2,0,3,4,1,19,10,52%,6,0,84%
"Faculty of Health, Sport, and Human Performance, The University of Waikato",1,0,0,0,0,1,0,1,1,100%,0,0,100%
"Faculty of Law, University of Waikato",3,1,1,0,0,0,1,3,2,66%,1,0,100%
"Faculty of Maori and Indigenous Studies, University of Waikato",4,1,2,0,0,0,1,4,3,75%,1,0,100%
"Faculty of Māori and Indigenous Studies, University of Waikato",3,1,2,0,0,0,0,3,2,66%,1,0,100%
"Faculty of Physical Culture, Palacký University, Olomouc, Czech Republic, Faculty of Health, Sport and Human Performance, Adams Centre for High Performance, The University of Waikato",1,0,0,0,0,1,0,1,1,100%,0,0,100%
"Faculty of Science and Engineering, School of Engineering, University of Waikato",1,0,1,0,0,0,0,1,1,100%,0,0,100%
"Faculty of Science and Engineering, The University of Waikato",8,6,1,1,0,0,0,7,2,28%,5,0,87%
"Faculty of Science and Engineering, University of Waikato",20,10,5,0,0,4,1,20,10,50%,9,1,100%
"Faculty of Science and Technology, University of Waikato",1,1,0,0,0,0,0,1,0,0%,1,0,100%
"Fertility New Zealand, Auckland, New Zealand, School of Psychology, University of Waikato",2,0,0,0,0,0,2,2,2,100%,0,0,100%
"Finance Waikato Management School, University of Waikato",1,1,0,0,0,0,0,1,0,0%,1,0,100%
"Finance, Waikato Management School, The University of Waikato",1,1,0,0,0,0,0,1,0,0%,1,0,100%
"GNS Science, Wairakei Research Centre, 114 Karetoto Rd, Taupo, 3384, New Zealand, School of Science, University of Waikato",1,1,0,0,0,0,0,1,0,0%,1,0,100%
"Geography Programme, School of Social Sciences, University of Waikato",1,1,0,0,0,0,0,1,0,0%,1,0,100%
"Geography Programme, The University of Waikato",1,1,0,0,0,0,0,1,0,0%,1,0,100%
"Geography Programme, University of Waikato",5,5,0,0,0,0,0,5,0,0%,5,0,100%
"Geography, The University of Waikato",1,0,0,0,0,1,0,1,1,100%,0,0,100%
"George Perkins Marsh Institute, Clark University, 950 Main Street, Worcester, MA  01610, United States, Department of Economics, Waikato Management School, University of Waikato",2,1,0,0,0,1,0,2,1,50%,1,0,100%
"German Center for Integrative Biodiversity Research (iDiv) Halle-Jena-Leipzig, Leipzig, Germany, Institute of Biology, Leipzig University, Leipzig, Germany, Institute of Landscape Ecology, University of Münster, Münster, Germany, School of Science, University of Waikato",1,0,0,0,1,0,0,1,1,100%,0,0,100%
"German Center for Integrative Biodiversity Research (iDiv) Halle-Jena-Leipzig, Leipzig, Germany, Institute of Biology, Leipzig University, Leipzig, Germany, School of Science, University of Waikato",1,1,0,0,0,0,0,0,0,,0,0,0%
"German Centre for Integrative Biodiversity Research (iDiv) Halle-Jena-Leipzig, Leipzig, Germany, Institute of Biology, Leipzig University, Leipzig, Germany, School of Science, University of Waikato",1,0,0,0,0,1,0,0,0,,0,0,0%
"German Centre for Integrative Biodiversity Research (iDiv) Halle-Jena-Leipzig, Leipzig, Germany, Institute of Ecology and Evolution, Friedrich Schiller University Jena, Jena, Germany, School of Science, University of Waikato",1,1,0,0,0,0,0,0,0,,0,0,0%
"German Centre for Integrative Biodiversity Research (iDiv), Deutscher Pl. 5E, Leipzig, 04103, Germany, School of Science, the University of Waikato",1,0,0,0,0,0,1,1,1,100%,0,0,100%
"Gns Science, Gracefield, Lower Hutt, 5010, New Zealand, Faculty of Science and Engineering, University of Waikato",1,0,1,0,0,0,0,1,1,100%,0,0,100%
"Growing Up in New Zealand, Centre for Longitudinal Research, University of Auckland, Private Bag 92019, Auckland, New Zealand, National Institute Demographic Economic, Faculty of Arts and Social Sciences, University of Waikato",1,0,0,0,0,0,1,1,1,100%,0,0,100%
"Hamburg University of Technology (TUHH), Am-Schwarzenberg-Campus 4, Hamburg, 21073, Germany, Waikato Management School, University of Waikato",1,0,0,1,0,0,0,1,1,100%,0,0,100%
"Hamburg University of Technology (TUHH), Germany, University of Waikato",2,2,0,0,0,0,0,2,0,0%,0,2,100%
"Hamburg University of Technology (TUHH), Hamburg, Germany, University of Waikato",2,2,0,0,0,0,0,2,0,0%,1,1,100%
"Hamburg University of Technology (TUHH), Hamburg, Germany, and the University of Waikato",1,0,0,0,0,1,0,1,1,100%,0,0,100%
"Hamburg University of Technology, Germany, University of Waikato",1,1,0,0,0,0,0,1,0,0%,1,0,100%
"Hamburg University of Technology, Hamburg, Germany, University of Waikato",1,0,0,0,0,1,0,1,1,100%,0,0,100%
"Hamburg University of Technology, Hamburg, Germany, Waikato Management School, University of Waikato",1,0,0,0,0,0,1,1,1,100%,0,0,100%
"Harry Butler Institute, Murdoch University, Murdoch, Western Australia, Australia, School of Science, University of Waikato",1,0,0,0,0,1,0,1,1,100%,0,0,100%
"Health, Sport & Human Performance, University of Waikato",1,1,0,0,0,0,0,1,0,0%,1,0,100%
"Health, Sport and Human Performance, University of Waikato",7,7,0,0,0,0,0,7,0,0%,7,0,100%
"History Programme, University of Waikato",1,0,0,0,0,1,0,1,1,100%,0,0,100%
IP-Paris University of Waikato,1,1,0,0,0,0,0,0,0,,0,0,0%
"Institute for Frontier Materials, Deakin UniversityVIC  3216, Australia, Waikato Centre for Advance Materials, School of Engineering, University of Waikato",1,1,0,0,0,0,0,1,0,0%,1,0,100%
"Institute of Educational Research, The University of Waikato",1,1,0,0,0,0,0,1,0,0%,1,0,100%
"Institute of Geographic Science and Natural Resources Research, Chinese Academy of Sciences, Beijing, 100101, China, University of Chinese Academy of Sciences, Beijing, 100049, China, Center for Chinese Agricultural Policy, Chinese Academy of Sciences, Beijing, 100101, China, Department of Economics, University of Waikato",2,2,0,0,0,0,0,2,0,0%,2,0,100%
"Institute of Geographic Sciences and Natural Resources Research, Chinese Academy of Sciences, Beijing, 100101, China, Center for Chinese Agricultural Policy, Chinese Academy of Sciences, Beijing, 100101, China, University of Chinese Academy of Sciences, Beijing, 100049, China, Department of Economics, The University of Waikato",2,2,0,0,0,0,0,2,0,0%,2,0,100%
"Institute of Geographic Sciences and Natural Resources Research, Chinese Academy of Sciences, Beijing, 100101, China, Center for Chinese Agricultural Policy, Chinese Academy of Sciences, Beijing, 100101, China, University of Chinese Academy of Sciences, Beijing, 100149, China, Department of Economics, The University of Waikato",1,1,0,0,0,0,0,1,0,0%,1,0,100%
"Institute of Geographic Sciences and Natural Resources Research, Chinese Academy of Sciences, Beijing, 100101, China, University of Chinese Academy of Sciences, Beijing, 100049, China, Center for Chinese Agricultural Policy, Chinese Academy of Sciences, Beijing, 100101, China, Department of Economics, University of Waikato",1,1,0,0,0,0,0,1,0,0%,1,0,100%
"Institute of Geological and Nuclear Sciences (GNS) New Zealand, Lower Hutt, New Zealand, Environmental Research Institute, University of Waikato",1,0,0,0,0,1,0,1,1,100%,0,0,100%
"Institute of Human Resource Management and Organizations, Hamburg University of Technology (TUHH), Hamburg, Germany, University of Waikato",1,1,0,0,0,0,0,1,0,0%,0,1,100%
"Institute of Human Resource Management and Organizations, Hamburg University of Technology, Am Schwarzenberg-Campus 4 (D), Hamburg, 21073, Germany, University of Waikato",1,0,0,0,0,0,1,1,1,100%,0,0,100%
"Institute of Human Resource Management and Organizations, Hamburg University of Technology, Hamburg, 21071, Germany, Waikato Management School, University of Waikato",2,2,0,0,0,0,0,2,0,0%,2,0,100%
"Institute of Marine Science, The University of Auckland, Auckland, New Zealand, School of Science, University of Waikato",1,0,1,0,0,0,0,1,1,100%,0,0,100%
"Institute of Security and Crime Science and School of Psychology, University of Waikato",1,0,1,0,0,0,0,1,1,100%,0,0,100%
"InterAg, Ruakura Research Centre, Hamilton, 3214, New Zealand, School of Science, The University of Waikato",3,0,2,0,1,0,0,3,3,100%,0,0,100%
"Interdisciplinary Centre of Marine and Environmental Research (CIIMAR), University of Porto, Matosinhos, 4450-208, Portugal, Faculty of Sciences, University of Porto, Porto, 4150-179, Portugal, School of Science, University of Waikato",1,0,1,0,0,0,0,1,1,100%,0,0,100%
"Interdisciplinary Centre of Marine and Environmental Research (CIIMAR/CIMAR), University of Porto, Porto, Portugal, Faculty of Sciences, University of Porto, Porto, Portugal, School of Science Engineering, University of Waikato",1,0,1,0,0,0,0,1,1,100%,0,0,100%
"Interdisciplinary Centre of Marine and Environmental Research (CIIMAR/CIMAR), University of Porto, Porto, Portugal, International Centre for Terrestrial Antarctic Research, University of Waikato",1,0,1,0,0,0,0,1,1,100%,0,0,100%
"International Business School, Waikato Management School, University of Waikato",1,1,0,0,0,0,0,1,0,0%,0,1,100%
"International Centre for Terrestrial Antarctic Research, School of Science, University of Waikato",2,0,1,0,0,0,1,2,2,100%,0,0,100%
"International Centre for Terrestrial Antarctic Research, University of Waikato",8,2,4,0,1,1,0,8,6,75%,2,0,100%
"James Cook University, Centre for Macroalgal Resources and Biotechnology, College of Science and Engineering, Townsville, QLD  4811, Australia, University of Waikato",1,0,0,0,0,0,1,1,1,100%,0,0,100%
"Joint Institute for Freshwater Management, University of Waikato",1,0,1,0,0,0,0,1,1,100%,0,0,100%
"LICOS Centre for Institutions and Economic Performance, KU Leuven, Leuven, 3000, Belgium, Department of Economics, University of Waikato",1,1,0,0,0,0,0,1,0,0%,0,0,0%
"LTCI, Télécom Paris, IP Paris, Paris, France, University of Waikato",1,0,0,0,1,0,0,1,1,100%,0,0,100%
"LTCI, Télécom Paris, IP-Paris, Paris, France, Department of Computer Science, University of Waikato",1,0,0,0,0,0,1,1,1,100%,0,0,100%
"LTCI, Télécom Paris, IP-Paris, Paris, France, University of Waikato",2,1,0,0,0,0,1,0,0,,0,0,0%
"LTCI, Télécom-Paris, IP-Paris Paris, France University of Waikato",1,1,0,0,0,0,0,0,0,,0,0,0%
"LTCI, Télécom-Paris, IP-Paris, France, University of Waikato",1,1,0,0,0,0,0,1,0,0%,1,0,100%
"La Trobe University, Australia, University of Waikato",1,1,0,0,0,0,0,0,0,,0,0,0%
"Law, University of Waikato",1,0,0,0,0,1,0,1,1,100%,0,0,100%
"Leibniz Centre for Tropical Marine Research (ZMT) GmbH, Bremen, Germany, Faculty of Geosciences, University of Bremen, Bremen, Germany, Environmental Research Institute, School of Science, Faculty of Science and Engineering, University of Waikato",1,0,1,0,0,0,0,1,1,100%,0,0,100%
"Library, University of Waikato",1,0,0,0,0,1,0,1,1,100%,0,0,100%
"Loxahatchee River District, 2500 Jupiter Park Dr, Jupiter, FL  33458, United States, School of Science, University of Waikato",1,1,0,0,0,0,0,1,0,0%,1,0,100%
"Lucerne University of Applied Sciences and Arts, Competence Center Thermal Energy Systems and Process Engineering, Technikumstrasse 21, Horw, 6048, Switzerland, University of Waikato",1,0,0,0,0,0,1,1,1,100%,0,0,100%
"Manaaki Whenua - Landcare Research, University of Waikato",1,1,0,0,0,0,0,1,0,0%,1,0,100%
"Manaaki Whenua – Landcare Research, Gate 10 Silverdale Road, University of Waikato",1,1,0,0,0,0,0,1,0,0%,1,0,100%
"Manaaki Whenua – Landcare Research, Private Bag 3127, Hamilton, New Zealand, School of Science and Environmental Research Institute, University of Waikato",1,1,0,0,0,0,0,1,0,0%,1,0,100%
"Management Communication Department, University of Waikato",2,2,0,0,0,0,0,2,0,0%,2,0,100%
"Management School, University of Waikato",2,1,1,0,0,0,0,2,1,50%,1,0,100%
"Maori and Psychology Research Unit, University of Waikato",1,1,0,0,0,0,0,1,0,0%,0,1,100%
"Massey University, Palmerston North, New Zealand, National Institute of Demographic and Economic Analysis, University of Waikato",1,1,0,0,0,0,0,0,0,,0,0,0%
"Medical Research Centre, University of Waikato",4,1,1,2,0,0,0,4,3,75%,0,1,100%
"National Institute for Demographic and Economic Analysis, University of Waikato",2,1,1,0,0,0,0,2,1,50%,1,0,100%
"National Institute of Demographic and Economic Analysis (NIDEA), University of Waikato",3,2,0,0,0,0,1,2,1,50%,1,0,66%
"National Institute of Demographic and Economic Analysis, Faculty of Arts and Social Sciences, University of Waikato",1,0,1,0,0,0,0,1,1,100%,0,0,100%
"National Institute of Demographic and Economic Analysis, University of Waikato",16,10,2,0,1,1,2,15,6,40%,7,2,93%
"National Youth Sport Institute, Singapore, Singapore, Transport Research Group, School of Psychology, University of Waikato",1,0,1,0,0,0,0,1,1,100%,0,0,100%
"New Zealand Institute for Business Research, The University of Waikato",1,0,1,0,0,0,0,1,1,100%,0,0,100%
"New Zealand Institute for Security and Crime Science, University of Waikato",2,2,0,0,0,0,0,0,0,,0,0,0%
"New Zealand Rugby Union, Wellington, New Zealand, Te HuatakiWaiora School of Health, University of Waikato",1,0,0,0,1,0,0,1,1,100%,0,0,100%
"Newcastle Business School, University of Newcastle, 409 Hunter Street, Newcastle, NSW  2300, Australia, Waikato Management School, University of Waikato",1,1,0,0,0,0,0,1,0,0%,1,0,100%
"Newcastle Business School, University of Newcastle, Callaghan, Australia, Waikato Management School, University of Waikato",1,1,0,0,0,0,0,1,0,0%,1,0,100%
"Newcastle Business School, University of Newcastle, Newcastle, Australia, Waikato Management School, University of Waikato",1,1,0,0,0,0,0,1,0,0%,1,0,100%
"Newcastle Business School, University of Newcastle, University Drive, Callaghan, NSW  2308, Australia, Waikato Management School, University of Waikato",1,1,0,0,0,0,0,1,0,0%,1,0,100%
"Norwegian Veterinary Institute, P. O. Box 750, Sentrum, Oslo, N-0106, Norway, Chemistry Department, University of Waikato",1,0,1,0,0,0,0,1,1,100%,0,0,100%
"Office of the Vice-Chancellor, The University of Waikato",2,1,0,0,0,1,0,2,1,50%,0,0,50%
"Orygen, The National Centre of Excellence in Youth Mental Health, The University of Melbourne, Parkville, Victoria, Australia, Centre for Youth Mental Health, The University of Melbourne, Parkville, Victoria, Australia, School of Psychology, University of Waikato",1,0,0,0,0,1,0,1,1,100%,0,0,100%
"People, Cities, and Nature, University of Waikato",1,0,0,0,1,0,0,1,1,100%,0,0,100%
"Philosophy Programme, University of Waikato",3,1,1,0,0,1,0,3,2,66%,1,0,100%
"Political Science and International Relations, University of Waikato",1,1,0,0,0,0,0,1,0,0%,1,0,100%
"Political Science and Public Policy Programme, University of Waikato",2,2,0,0,0,0,0,2,0,0%,2,0,100%
"Political Science and Public Policy, University of Waikato",1,1,0,0,0,0,0,1,0,0%,1,0,100%
"Poutama Pounamu, Faculty of Education, University of Waikato",1,1,0,0,0,0,0,1,0,0%,1,0,100%
"Psychology Department, The University of Waikato",1,1,0,0,0,0,0,1,0,0%,1,0,100%
"Psychology, The University of Waikato",1,0,0,0,0,1,0,1,1,100%,0,0,100%
"Radiocarbon Dating Laboratory, Division of Health, Engineering, Computing and Science, University of Waikato",3,1,1,0,0,1,0,3,2,66%,1,0,100%
"Radiocarbon Dating Laboratory, Faculty of Science and Engineering, University of Waikato",1,1,0,0,0,0,0,1,0,0%,1,0,100%
"Radiocarbon Dating Laboratory, University of Waikato",4,0,1,0,0,0,3,4,4,100%,0,0,100%
"Red Sea Research Center (RSRC), King Abdullah University of Science and Technology (KAUST), Thuwal, Saudi Arabia, School of Science, University of Waikato",1,0,0,0,0,1,0,1,1,100%,0,0,100%
"Research Centre for Limnology, Indonesian Institute of Sciences, Bogor, Indonesia, Environmental Research Institute, University of Waikato",1,1,0,0,0,0,0,1,0,0%,1,0,100%
"Research Nucleus on Materials for Biosystems (NAP BioSMat), Department of Biosystems Engineering, University of São Paulo, Pirassununga, Sao Paolo  13635-900, Brazil, School of Engineering, University of Waikato",1,0,1,0,0,0,0,1,1,100%,0,0,100%
"Research and development, MetOcean (a division of the Meteorological Service), Raglan, 3225, New Zealand, Environmental Research Institute, University of Waikato",1,0,1,0,0,0,0,1,1,100%,0,0,100%
"School of Accounting Economics and Finance, University of Waikato",1,1,0,0,0,0,0,1,0,0%,0,1,100%
"School of Accounting Finance and Economics, Waikato Management School, University of Waikato",1,1,0,0,0,0,0,1,0,0%,0,1,100%
"School of Accounting, Economics and Finance, Waikato Management School, University of Waikato",2,2,0,0,0,0,0,2,0,0%,2,0,100%
"School of Accounting, Finance and Economics (SAFE), The University of Waikato",1,0,0,0,1,0,0,1,1,100%,0,0,100%
"School of Accounting, Finance and Economics, Division of Management, University of Waikato",1,1,0,0,0,0,0,1,0,0%,1,0,100%
"School of Accounting, Finance and Economics, The University of Waikato",2,2,0,0,0,0,0,2,0,0%,1,1,100%
"School of Accounting, Finance and Economics, University of Waikato",24,11,0,0,1,8,4,24,13,54%,10,1,100%
"School of Accounting, Finance and Economics, Waikato Management School, The University of Waikato",3,3,0,0,0,0,0,3,0,0%,3,0,100%
"School of Accounting, Finance and Economics, Waikato Management School, University of Waikato",8,5,0,0,0,3,0,8,3,37%,4,1,100%
"School of Accounting, Finance, and Economics, The University of Waikato",1,1,0,0,0,0,0,1,0,0%,1,0,100%
"School of Accounting, Finance, and Economics, University of Waikato",4,3,1,0,0,0,0,3,1,33%,2,0,75%
"School of Accounting, Finance, and Economics, Waikato Management School, The University of Waikato",1,1,0,0,0,0,0,1,0,0%,0,1,100%
"School of Accounting, Finance, and Economics, Waikato Management School, University of Waikato",1,0,0,0,0,1,0,1,1,100%,0,0,100%
"School of Arts, The University of Waikato",1,0,0,0,0,1,0,1,1,100%,0,0,100%
"School of Arts, University of Waikato",2,2,0,0,0,0,0,2,0,0%,1,0,50%
"School of Biological Science, University of Waikato",1,1,0,0,0,0,0,1,0,0%,0,0,0%
"School of Biological Sciences, University of Waikato",1,1,0,0,0,0,0,0,0,,0,0,0%
"School of Business and Economics, Department of Marketing and Supply Chain Management, Maastricht University, Tongersestraat 53, Maastricht, 6211 LM, Netherlands, Waikato Management School, University of Waikato",1,0,0,0,0,1,0,1,1,100%,0,0,100%
"School of Computing and Mathematical Sciences, Division of Health, Engineering, Computing and Science, University of Waikato",1,0,1,0,0,0,0,1,1,100%,0,0,100%
"School of Computing and Mathematical Sciences, University of Waikato",3,2,0,0,0,1,0,2,1,50%,0,1,66%
"School of Computing and Mathematics, University of Waikato",1,1,0,0,0,0,0,0,0,,0,0,0%
"School of Education, Curtin University, Perth, Australia, Te Kura Toi Tangata School of Education, University of Waikato",1,0,0,0,0,1,0,1,1,100%,0,0,100%
"School of Education, The University of Waikato",2,1,0,0,0,1,0,2,1,50%,0,0,50%
"School of Education, University of Waikato",7,4,2,1,0,0,0,7,3,42%,4,0,100%
"School of Engineering and the School of Computing and Mathematics, University of Waikato",2,1,0,0,0,1,0,0,0,,0,0,0%
"School of Engineering, Faculty of Science & Engineering, The University of Waikato",3,3,0,0,0,0,0,3,0,0%,3,0,100%
"School of Engineering, Faculty of Science & Engineering, University of Waikato",2,2,0,0,0,0,0,2,0,0%,2,0,100%
"School of Engineering, Faculty of Science and Engineering (FSEN), University of Waikato",1,1,0,0,0,0,0,1,0,0%,1,0,100%
"School of Engineering, Faculty of Science and Engineering, The University of Waikato",15,12,2,0,0,1,0,14,3,21%,11,0,93%
"School of Engineering, Faculty of Science and Engineering, University of Waikato",14,10,3,0,0,1,0,14,4,28%,10,0,100%
"School of Engineering, Faculty of Science and Engineering, the University of Waikato",1,0,1,0,0,0,0,1,1,100%,0,0,100%
"School of Engineering, Faculty of Sciences and Engineering, University of Waikato",1,0,1,0,0,0,0,1,1,100%,0,0,100%
"School of Engineering, Hamilton University of Waikato",1,0,1,0,0,0,0,1,1,100%,0,0,100%
"School of Engineering, Monash University Malaysia, Jalan Lagoon Selatan, Bandar Sunway, 47500, Malaysia, School of Engineering, University of Waikato",1,1,0,0,0,0,0,1,0,0%,1,0,100%
"School of Engineering, The Dodd Walls Centre for Photonic and Quantum Technologies, University of Waikato",1,1,0,0,0,0,0,0,0,,0,0,0%
"School of Engineering, The Faculty of Science & Engineering, The University of Waikato",1,1,0,0,0,0,0,1,0,0%,1,0,100%
"School of Engineering, The University of Waikato",6,4,0,0,0,1,1,6,2,33%,4,0,100%
"School of Engineering, University of Waikato",65,39,5,1,4,14,2,33,15,45%,13,4,49%
"School of Geography, University of Waikato",1,1,0,0,0,0,0,0,0,,0,0,0%
"School of Graduate Research, The University of Waikato",2,2,0,0,0,0,0,2,0,0%,1,1,100%
"School of Graduate Research, University of Waikato",1,1,0,0,0,0,0,1,0,0%,0,0,0%
"School of Health, Sport & Human Performance, University of Waikato",1,1,0,0,0,0,0,1,0,0%,0,0,0%
"School of Health, Sport and Human Performance, University of Waikato",2,1,0,0,0,1,0,2,1,50%,1,0,100%
"School of Health, University of Waikato",5,4,0,0,1,0,0,5,1,20%,4,0,100%
"School of Human Development and Counselling, University of Waikato",1,0,0,0,0,1,0,1,1,100%,0,0,100%
"School of Human Development and Movement Studies, University of Waikato",1,0,0,0,1,0,0,1,1,100%,0,0,100%
"School of Life Science and Technology, University of Electronic Science and Technology of China, Chengdu, 610000, China, Faculty of Science and Engineering, University of Waikato",1,0,1,0,0,0,0,1,1,100%,0,0,100%
"School of Life Science and Technology, University of Electronic Science and Technology of China, Chengdu, 611731, China, University of Waikato",1,0,1,0,0,0,0,1,1,100%,0,0,100%
"School of Life Science and Technology, University of Electronic Science and Technology of China, Chengdu, China, Division of Health, Engineering, Computing and Science, University of Waikato",1,1,0,0,0,0,0,0,0,,0,0,0%
"School of Life Science and Technology, University of Electronic Science and Technology of China, Chengdu, China, School of Engineering, University of Waikato",2,2,0,0,0,0,0,2,0,0%,0,2,100%
"School of Life and Environmental Sciences, Sydney Institute of Agriculture, The University of Sydney, Brownlow Hill, NSW, Australia, School of Science, University of Waikato",1,0,1,0,0,0,0,1,1,100%,0,0,100%
"School of Management & Marketing, Faculty of Management, University of Waikato",1,1,0,0,0,0,0,1,0,0%,1,0,100%
"School of Management & Marketing, University of Waikato",1,1,0,0,0,0,0,1,0,0%,1,0,100%
"School of Management & Marketing, Waikato Management School, University of Waikato",2,2,0,0,0,0,0,2,0,0%,2,0,100%
"School of Management and Marketing, The University of Waikato",2,2,0,0,0,0,0,2,0,0%,0,2,100%
"School of Management and Marketing, University of Waikato",8,6,1,0,0,1,0,8,2,25%,5,1,100%
"School of Management and Marketing, Waikato Management School, The University of Waikato",1,1,0,0,0,0,0,1,0,0%,1,0,100%
"School of Management and Marketing, Waikato Management School, University of Waikato",5,4,1,0,0,0,0,5,1,20%,0,3,80%
"School of Management, University of Waikato",2,1,0,0,1,0,0,2,1,50%,1,0,100%
"School of Marketing and Management, University of Waikato",1,1,0,0,0,0,0,1,0,0%,0,0,0%
"School of Marketing and Management, Waikato Management School, University of Waikato",2,2,0,0,0,0,0,2,0,0%,2,0,100%
"School of Marketing and Manasgement, University of Waikato",1,0,0,0,1,0,0,1,1,100%,0,0,100%
"School of Physical Education Sport and Exercise Sciences, University of Otago, Dunedin, New Zealand, Now based at The University of Waikato",1,1,0,0,0,0,0,1,0,0%,1,0,100%
"School of Psychology, Division of Arts, Law, Psychology & Social Science, University of Waikato",1,1,0,0,0,0,0,1,0,0%,1,0,100%
"School of Psychology, Division of Arts, Law, Psychology and Social Sciences, University of Waikato",1,0,0,0,0,1,0,1,1,100%,0,0,100%
"School of Psychology, Faculty of Arts & Social Sciences, The University of Waikato",1,1,0,0,0,0,0,1,0,0%,1,0,100%
"School of Psychology, Faculty of Arts and Social Sciences, The University of Waikato",3,3,0,0,0,0,0,3,0,0%,3,0,100%
"School of Psychology, Faculty of Arts and Social Sciences, University of Waikato",2,0,0,0,0,1,1,2,2,100%,0,0,100%
"School of Psychology, The University of Waikato",8,7,0,0,0,1,0,8,1,12%,6,1,100%
"School of Psychology, University of Waikato",31,19,3,0,0,7,2,30,11,36%,15,3,93%
"School of Psychology, Victoria University of Wellington, Wellington, New Zealand, School of Psychology, The University of Waikato",1,0,0,0,0,1,0,1,1,100%,0,0,100%
"School of Psychology, the University of Waikato",1,1,0,0,0,0,0,1,0,0%,0,1,100%
"School of Public Health, Faculty of Medicine, The University of Hong Kong, Hong Kong, Te Huataki Waiora School of Health, University of Waikato",1,1,0,0,0,0,0,1,0,0%,1,0,100%
"School of Public Health, Li Ka Shing Faculty of Medicine, The University of Hong Kong, Hong Kong, Faculty of Health, Sport, and Human Performance, University of Waikato",1,0,0,0,0,1,0,1,1,100%,0,0,100%
"School of Public Health, Li Ka Shing Faculty of Medicine, The University of Hong Kong, Hong Kong, Te Oranga School of Human Development and Movement Studies, The University of Waikato",1,0,0,0,0,1,0,1,1,100%,0,0,100%
"School of Public Health, Li Ka Shing Faculty of Medicine, University of Hong Kong, Hong Kong, Hong Kong, Te Huataki Waiora Faculty of Health Sport and Human Performance, University of Waikato",1,0,0,0,0,0,1,1,1,100%,0,0,100%
"School of Public Health, University of Hong Kong, Hong Kong, TeHuataki Waiora Faculty of Health, Sport and Human Performance, University of Waikato",1,1,0,0,0,0,0,1,0,0%,0,1,100%
"School of Science (Earth Sciences), University of Waikato",3,1,1,1,0,0,0,3,2,66%,1,0,100%
"School of Science - Te Aka Matuatua, University of Waikato",1,1,0,0,0,0,0,1,0,0%,0,0,0%
"School of Science and Engineering, University of Waikato",6,2,3,0,0,0,1,6,4,66%,1,1,100%
"School of Science and Environmental Research Institute, The University of Waikato",2,2,0,0,0,0,0,2,0,0%,2,0,100%
"School of Science and Environmental Research Institute, University of Waikato",8,7,0,0,0,0,1,8,1,12%,7,0,100%
"School of Science, Division of Health Engineering, Computing and Science, University of Waikato",1,0,1,0,0,0,0,1,1,100%,0,0,100%
"School of Science, Division of Health, Engineering, Computing and Science, University of Waikato",2,0,1,0,0,1,0,2,2,100%,0,0,100%
"School of Science, Environmental Research Institute, The University of Waikato",2,2,0,0,0,0,0,2,0,0%,2,0,100%
"School of Science, Environmental Research Institute, University of Waikato",2,1,1,0,0,0,0,2,1,50%,1,0,100%
"School of Science, Faculty of Science and Engineering, University of Waikato",4,2,0,0,0,1,1,4,2,50%,2,0,100%
"School of Science, The University of Waikato",16,10,4,0,1,0,1,16,6,37%,10,0,100%
"School of Science, University of Waikato",98,47,20,0,4,18,9,98,51,52%,39,2,93%
"School of Social Science, University of Waikato",4,3,0,0,0,1,0,4,1,25%,2,1,100%
"School of Social Sciences, Department of Integrated Catchment Management, University of Waikato",1,1,0,0,0,0,0,1,0,0%,0,1,100%
"School of Social Sciences, Faculty of Arts and Social Sciences, The University of Waikato",1,0,0,0,0,1,0,1,1,100%,0,0,100%
"School of Social Sciences, Political Science and International Relations, University of Waikato",1,1,0,0,0,0,0,1,0,0%,1,0,100%
"School of Social Sciences, University of Waikato",8,4,2,0,0,1,1,8,4,50%,4,0,100%
"Schoool of Science, University of Waikato",1,0,0,0,0,1,0,1,1,100%,0,0,100%
"Scion, Private Bag 3020, Rotorua, New Zealand, School of Science, University of Waikato",1,1,0,0,0,0,0,1,0,0%,0,1,100%
"Screen and Media Programme, School of Arts, University of Waikato",1,1,0,0,0,0,0,1,0,0%,1,0,100%
"Screen and Media Studies, University of Waikato",1,0,0,0,0,1,0,1,1,100%,0,0,100%
"Senior Editor Environmental Research Institute, University of Waikato",1,0,0,0,1,0,0,1,1,100%,0,0,100%
"Senior Research Fellow, Wilf Malcolm Institute of Educational Research (WMIER), Division of Education, The University of Waikato",1,1,0,0,0,0,0,1,0,0%,0,0,0%
"Social Sciences Department, University of Mazandaran, Babolsar, Iran, UWISG, University of Waikato",1,1,0,0,0,0,0,1,0,0%,1,0,100%
"Social Work Programme, School of Social Sciences, Faculty of Arts and Social Sciences, University of Waikato",1,1,0,0,0,0,0,1,0,0%,1,0,100%
"Sociology and Social Policy Programme, Faculty of Social Science, University of Waikato",1,0,0,0,1,0,0,1,1,100%,0,0,100%
"Sociology and Social Policy, University of Waikato",1,1,0,0,0,0,0,1,0,0%,0,1,100%
"Sociology-Social Policy, University of Waikato",1,1,0,0,0,0,0,1,0,0%,1,0,100%
"Southern University of Science and Technology, Department of Electrical and Electronic Engineering, Shenzhen, 518055, China, Faculty of Science and Engineering, University of Waikato",1,1,0,0,0,0,0,0,0,,0,0,0%
"Subject Convenor, Finance, Waikato Management School, University of Waikato",1,1,0,0,0,0,0,1,0,0%,1,0,100%
"Summer Research Scholar, The University of Waikato",1,1,0,0,0,0,0,1,0,0%,1,0,100%
"Sustainable Energy and Water Systems Group, School of Engineering, University of Waikato",2,1,1,0,0,0,0,1,1,100%,0,0,50%
"Sustainable Energy, Water & Resilient Systems Group, School of Engineering, University of Waikato",1,1,0,0,0,0,0,1,0,0%,1,0,100%
"Sustainable Energy, Water and Resilient Systems Group, School of Engineering, University of Waikato",3,2,0,0,0,0,1,3,1,33%,2,0,100%
"Sustainable Process Integration Laboratory—SPIL, NETME Centre, Faculty of Mechanical Engineering, Brno University of Technology - VUT BRNO, Technická 2896/2, Brno, 616 69, Czech Republic, Sustainable Energy, Water and Resilient Systems Group, School of Engineering, University of Waikato",1,1,0,0,0,0,0,1,0,0%,1,0,100%
"Swansea University, School of Education, Swansea University, Talbot Building, Singleton Park, Swansea, SA2 8PP, United Kingdom, University of Waikato",1,1,0,0,0,0,0,1,0,0%,0,0,0%
"Tauranga Coastal Research Laboratory, University of Waikato",1,0,0,0,0,0,1,1,1,100%,0,0,100%
"Te Aka Mātuatua - School of Science, Environmental Research Institute, The University of Waikato",1,1,0,0,0,0,0,1,0,0%,1,0,100%
"Te Hononga School of Curriculum and Pedagogy, Faculty of Education, University of Waikato",1,1,0,0,0,0,0,1,0,0%,1,0,100%
"Te Hononga School of Curriculum and Pedagogy, The University of Waikato",1,1,0,0,0,0,0,1,0,0%,1,0,100%
"Te Hononga- School of Curriculum and Pedagogy, Faculty of Education, The University of Waikato",1,1,0,0,0,0,0,1,0,0%,1,0,100%
"Te Huataki Waiora (School of Health), Te Whare Wānanga o Waikato (University of Waikato",1,1,0,0,0,0,0,1,0,0%,0,1,100%
"Te Huataki Waiora / Faculty of Health, Sport and Human Performance, University of Waikato",1,1,0,0,0,0,0,1,0,0%,1,0,100%
"Te Huataki Waiora Faculty of Health, Sport and Human Performance, The University of Waikato",1,0,0,0,0,1,0,1,1,100%,0,0,100%
"Te Huataki Waiora Faculty of Health, Sport and Human Performance, University of Waikato",6,5,0,0,0,1,0,6,1,16%,3,2,100%
"Te Huataki Waiora Faculty of Health, Sport, and Human Performance, University of Waikato",1,1,0,0,0,0,0,1,0,0%,1,0,100%
"Te Huataki Waiora School of Health, Adams Center for High Performance, University of Waikato",1,0,0,0,1,0,0,1,1,100%,0,0,100%
"Te Huataki Waiora School of Health, Division of Health, Engineering, Computing and Science, University of Waikato",1,0,1,0,0,0,0,1,1,100%,0,0,100%
"Te Huataki Waiora School of Health, Sport & Human Performance, University of Waikato",2,1,0,0,1,0,0,2,1,50%,0,1,100%
"Te Huataki Waiora School of Health, Sport Human Performance, University of Waikato",1,0,0,0,0,1,0,1,1,100%,0,0,100%
"Te Huataki Waiora School of Health, Sport and Human Performance, University of Waikato",1,0,0,0,0,1,0,1,1,100%,0,0,100%
"Te Huataki Waiora School of Health, The University of Waikato",5,1,3,1,0,0,0,5,4,80%,1,0,100%
"Te Huataki Waiora School of Health, University of Waikato",11,8,1,0,0,2,0,11,3,27%,8,0,100%
"Te Huataki Waiora – School of Health, Te Whare Wānanga o Waikato, University of Waikato",1,1,0,0,0,0,0,1,0,0%,1,0,100%
"Te Huataki Waiora, Faculty of Health, Sport, and Human Performance, University of Waikato",1,1,0,0,0,0,0,1,0,0%,0,1,100%
"Te Huataki Waiora/School of Health, Sport and Human Performance, University of Waikato",1,1,0,0,0,0,0,1,0,0%,1,0,100%
"Te Kotahi Research Institute, University of Waikato",2,0,1,0,1,0,0,2,2,100%,0,0,100%
"Te Kura Toi Tangata (School of Education), University of Waikato",1,0,0,1,0,0,0,1,1,100%,0,0,100%
"Te Kura Toi Tangata Division of Education, University of Waikato",1,1,0,0,0,0,0,1,0,0%,1,0,100%
"Te Kura Toi Tangata Faculty of Education, University of Waikato",2,1,0,0,0,1,0,2,1,50%,1,0,100%
"Te Kura Toi Tangata School of Education, The University of Waikato",1,1,0,0,0,0,0,1,0,0%,1,0,100%
"Te Kura Toi Tangata School of Education, University of Waikato",6,3,1,0,0,2,0,6,3,50%,3,0,100%
"Te Kura Toi Tangata, University of Waikato",1,1,0,0,0,0,0,1,0,0%,1,0,100%
"Te Kura Toi Tangata/School of Education, The University of Waikato",1,1,0,0,0,0,0,1,0,0%,0,0,0%
"Te Oranga School of Human Development & Movement Studies, University of Waikato",1,1,0,0,0,0,0,1,0,0%,1,0,100%
"Te Oranga School of Human Development and Movement Studies, University of Waikato",2,0,1,0,0,1,0,2,2,100%,0,0,100%
"Te Piringa - Faculty of Law, Research Centre for Environmental, Energy and Resources Law, University of Waikato",1,1,0,0,0,0,0,0,0,,0,0,0%
"Te Piringa - Faculty of Law, University of Waikato",1,0,0,0,0,1,0,1,1,100%,0,0,100%
"Te Piringa Faculty of Law, University of Waikato",3,1,1,0,0,0,1,3,2,66%,1,0,100%
"Te Piringa – Faculty of Law, University of Waikato",1,0,0,0,1,0,0,0,0,,0,0,0%
"Te Piringa-Faculty of Law, University of Waikato",1,1,0,0,0,0,0,0,0,,0,0,0%
"Te Piringa/Faculty of Law, University of Waikato",1,1,0,0,0,0,0,1,0,0%,1,0,100%
"Te Piringa–Faculty of Law, University of Waikato",1,0,0,0,0,1,0,1,1,100%,0,0,100%
"Te Pua Wānanga Faculty of Māori and Indigenous Studies, University of Waikato",1,1,0,0,0,0,0,1,0,0%,0,0,0%
"Te Waiora, Institute for Freshwater Management, University of Waikato",1,0,1,0,0,0,0,1,1,100%,0,0,100%
"Te Waiora, Joint Institute for Freshwater Management, University of Waikato",1,1,0,0,0,0,0,1,0,0%,0,0,0%
Te Whare Wananga o Waikato University of Waikato,1,1,0,0,0,0,0,1,0,0%,0,1,100%
"Te Whiringa School of Educational Leadership and Policy, Te Toi Tangata Faculty of Education, University of Waikato",1,0,1,0,0,0,0,1,1,100%,0,0,100%
"Te Wānanga o Ngā Kete, Department of Arts, Law, Psychology & Social Sciences, University of Waikato",1,0,1,0,0,0,0,1,1,100%,0,0,100%
"Te, Huataki Waiora Faculty of Health, Sport, and Human Performance, University of Waikato",1,1,0,0,0,0,0,1,0,0%,1,0,100%
"TeHuataki Waiora Faculty of Health, Sport and Human Performance, University of Waikato",1,1,0,0,0,0,0,1,0,0%,0,1,100%
"The China-New Zealand Tourism Research Unit, The University of Waikato",1,1,0,0,0,0,0,1,0,0%,1,0,100%
"The Department of Management Communication, Waikato Management School, The University of Waikato",1,1,0,0,0,0,0,1,0,0%,1,0,100%
The University of Auckland University of Waikato,1,1,0,0,0,0,0,1,0,0%,1,0,100%
"The University of Raparin, Kurdistan Region, Iraq, University of Waikato",1,1,0,0,0,0,0,1,0,0%,1,0,100%
The University of Waikato,43,29,5,6,0,3,0,37,13,35%,12,9,79%
"The Waikato INSTO Research Unit, The University of Waikato",1,1,0,0,0,0,0,1,0,0%,1,0,100%
"Traffic and Road Safety Research Group, University of Waikato",1,1,0,0,0,0,0,1,0,0%,1,0,100%
"Transport Research Group, School of Psychology, University of Waikato",4,1,2,0,0,0,1,4,3,75%,1,0,100%
"Transport Research Group, University of Waikato",6,4,1,0,0,0,1,6,2,33%,4,0,100%
"Tvärminne Zoological Station, University of Helsinki, Hanko, Finland, School of Science, University of Waikato",1,0,1,0,0,0,0,1,1,100%,0,0,100%
"Télécom ParisTech, París, C201-2, France, University of Waikato",2,0,0,0,0,2,0,2,2,100%,0,0,100%
"UESTC, China the University of Waikato",1,1,0,0,0,0,0,0,0,,0,0,0%
"UFRGS, Brazil, University of Waikato",1,1,0,0,0,0,0,1,0,0%,1,0,100%
"UFRGS, University of Waikato",1,0,0,0,1,0,0,0,0,,0,0,0%
"Univ Waikato Joint Inst, City Coll",1,0,1,0,0,0,0,1,1,100%,0,0,100%
"Univ Waikato Joint Inst, Hangzhou",1,1,0,0,0,0,0,1,0,0%,1,0,100%
"Univ Waikato Joint Inst, Hangzhou 310015",1,0,1,0,0,0,0,1,1,100%,0,0,100%
"Univ Waikato, Acad",1,1,0,0,0,0,0,1,0,0%,1,0,100%
"Univ Waikato, Acad Liaison Team",1,0,1,0,0,0,0,1,1,100%,0,0,100%
"Univ Waikato, Adams Ctr High Performance",8,4,3,0,1,0,0,8,4,50%,4,0,100%
"Univ Waikato, Anthropol Programme",1,1,0,0,0,0,0,1,0,0%,1,0,100%
"Univ Waikato, Aotearoa",2,2,0,0,0,0,0,2,0,0%,0,2,100%
"Univ Waikato, Appl Linguist",1,1,0,0,0,0,0,1,0,0%,0,1,100%
"Univ Waikato, Arts & Social Sci",1,0,0,0,0,1,0,1,1,100%,0,0,100%
"Univ Waikato, Auckland",1,1,0,0,0,0,0,1,0,0%,1,0,100%
"Univ Waikato, BUU China New Zealand Tourism Res Unit",1,1,0,0,0,0,0,1,0,0%,1,0,100%
"Univ Waikato, Biogeochem & Ecohydrol Res",2,2,0,0,0,0,0,2,0,0%,2,0,100%
"Univ Waikato, Biol Sci",1,1,0,0,0,0,0,1,0,0%,1,0,100%
"Univ Waikato, CROW",1,0,0,0,0,1,0,1,1,100%,0,0,100%
"Univ Waikato, China New Zealand Tourism Res Unit",3,3,0,0,0,0,0,3,0,0%,2,1,100%
"Univ Waikato, Coastal Marine Field Stn",9,2,4,0,0,0,3,9,7,77%,0,1,88%
"Univ Waikato, Coastal Marine Res Stn",1,1,0,0,0,0,0,1,0,0%,1,0,100%
"Univ Waikato, Comp Sci",1,0,0,0,0,0,1,1,1,100%,0,0,100%
"Univ Waikato, Comp Sci Dept",2,1,0,0,0,1,0,0,0,,0,0,0%
"Univ Waikato, Ctr Environm Resources & Energy Law",1,0,1,0,0,0,0,1,1,100%,0,0,100%
"Univ Waikato, Ctr Tertiary Teaching & Learning",2,1,0,1,0,0,0,2,1,50%,1,0,100%
"Univ Waikato, Dance",1,0,0,0,0,1,0,1,1,100%,0,0,100%
"Univ Waikato, Deparment Comp Sci",1,1,0,0,0,0,0,1,0,0%,0,0,0%
"Univ Waikato, Dept Accounting",5,3,0,0,0,2,0,5,2,40%,0,3,100%
"Univ Waikato, Dept Arts Law Psychol & Social Sci",1,0,1,0,0,0,0,1,1,100%,0,0,100%
"Univ Waikato, Dept Biol Sci",6,4,1,0,0,1,0,6,2,33%,4,0,100%
"Univ Waikato, Dept Chem",1,1,0,0,0,0,0,1,0,0%,0,1,100%
"Univ Waikato, Dept Comp & Math Sci",1,0,1,0,0,0,0,1,1,100%,0,0,100%
"Univ Waikato, Dept Comp Sci",20,6,1,1,0,10,2,10,8,80%,1,0,45%
"Univ Waikato, Dept Earth & Ocean Sci",1,0,1,0,0,0,0,1,1,100%,0,0,100%
"Univ Waikato, Dept Econ",12,10,0,1,0,1,0,12,2,16%,7,1,83%
"Univ Waikato, Dept Econ & Finance",3,1,1,0,0,0,1,3,2,66%,1,0,100%
"Univ Waikato, Dept Educ",1,1,0,0,0,0,0,1,0,0%,1,0,100%
"Univ Waikato, Dept Engn",1,0,1,0,0,0,0,1,1,100%,0,0,100%
"Univ Waikato, Dept Finance",2,1,0,1,0,0,0,2,1,50%,0,1,100%
"Univ Waikato, Dept Gen & Appl Linguist",1,1,0,0,0,0,0,1,0,0%,0,1,100%
"Univ Waikato, Dept Geog",1,1,0,0,0,0,0,1,0,0%,1,0,100%
"Univ Waikato, Dept Management Commun",2,2,0,0,0,0,0,2,0,0%,1,0,50%
"Univ Waikato, Dept Management Syst",1,0,0,0,0,0,1,1,1,100%,0,0,100%
"Univ Waikato, Dept Math",15,6,1,2,1,5,0,15,9,60%,4,2,100%
"Univ Waikato, Dept Math & Stat",10,3,0,0,0,7,0,10,7,70%,2,1,100%
"Univ Waikato, Dept Mech Engn",1,1,0,0,0,0,0,1,0,0%,1,0,100%
"Univ Waikato, Dept Mkt",1,1,0,0,0,0,0,1,0,0%,0,1,100%
"Univ Waikato, Dept Polit & Publ Policy",2,1,1,0,0,0,0,2,1,50%,1,0,100%
"Univ Waikato, Dept Polit Sci & Publ Policy",1,1,0,0,0,0,0,1,0,0%,1,0,100%
"Univ Waikato, Dept Psychol",1,0,0,0,0,1,0,1,1,100%,0,0,100%
"Univ Waikato, Dept Sch Accounting Finance & Econ Org",1,0,0,0,0,1,0,1,1,100%,0,0,100%
"Univ Waikato, Dept Sociol",3,1,0,0,2,0,0,3,2,66%,1,0,100%
"Univ Waikato, Dept Sociol & Social Policy",2,1,0,0,1,0,0,2,1,50%,1,0,100%
"Univ Waikato, Div Arts Law Psychol & Social Sci",3,1,0,1,0,1,0,3,2,66%,1,0,100%
"Univ Waikato, Div Educ",11,10,0,0,0,0,1,11,1,9%,9,1,100%
"Univ Waikato, Div Hlth Engn Comp & Sci",6,3,2,0,0,1,0,6,3,50%,2,1,100%
"Univ Waikato, Dodd Walls Ctr Photon & Quantum Technol",1,1,0,0,0,0,0,1,0,0%,0,1,100%
"Univ Waikato, Earth Sci",2,2,0,0,0,0,0,2,0,0%,2,0,100%
"Univ Waikato, Engn Fac Sci & Engn",1,1,0,0,0,0,0,1,0,0%,1,0,100%
"Univ Waikato, Enviornm Planning Post Doctoral",1,1,0,0,0,0,0,1,0,0%,1,0,100%
"Univ Waikato, Environm Planning",1,0,0,0,0,0,1,1,1,100%,0,0,100%
"Univ Waikato, Environm Planning Dept",1,0,1,0,0,0,0,1,1,100%,0,0,100%
"Univ Waikato, Environm Planning Programme",1,0,0,0,0,0,1,1,1,100%,0,0,100%
"Univ Waikato, Environm Res Inst",68,43,9,1,7,2,6,68,25,36%,41,2,100%
"Univ Waikato, Expt Philosophy Res Grp",1,0,0,0,0,0,1,1,1,100%,0,0,100%
"Univ Waikato, Fac Arts & Social Sci",21,13,1,0,0,5,2,21,8,38%,9,3,95%
"Univ Waikato, Fac Comp & Math Sci",3,1,0,0,0,2,0,3,2,66%,0,0,66%
"Univ Waikato, Fac Educ",14,9,0,0,1,4,0,14,5,35%,8,1,100%
"Univ Waikato, Fac Engn",2,1,0,0,0,1,0,2,1,50%,1,0,100%
"Univ Waikato, Fac Hlth Sport & Human Performance",15,7,2,0,3,3,0,15,8,53%,3,2,86%
"Univ Waikato, Fac Law",2,1,0,0,0,0,1,2,1,50%,1,0,100%
"Univ Waikato, Fac Management",1,0,0,0,0,1,0,1,1,100%,0,0,100%
"Univ Waikato, Fac Maori & Indigenous Studies",9,5,3,0,0,0,1,9,4,44%,5,0,100%
"Univ Waikato, Fac Sci",1,0,0,0,0,0,1,1,1,100%,0,0,100%
"Univ Waikato, Fac Sci & Engn",56,34,14,1,0,5,2,56,22,39%,33,0,98%
"Univ Waikato, Fac Sci & Technol",1,1,0,0,0,0,0,1,0,0%,1,0,100%
"Univ Waikato, Finance Waikato Management Sch",1,1,0,0,0,0,0,1,0,0%,1,0,100%
"Univ Waikato, Gate 1",4,3,0,0,0,1,0,4,1,25%,2,1,100%
"Univ Waikato, Gate 1 Knighton Rd",1,1,0,0,0,0,0,1,0,0%,1,0,100%
"Univ Waikato, Geog Programme",6,6,0,0,0,0,0,6,0,0%,6,0,100%
"Univ Waikato, Graph Design",1,0,0,0,0,0,1,1,1,100%,0,0,100%
"Univ Waikato, Hamburg Univ Technol TUHH",1,0,0,0,0,0,1,1,1,100%,0,0,100%
"Univ Waikato, Hamilton",172,98,9,1,20,31,13,160,68,42%,56,31,90%
"Univ Waikato, Hamilton 3216",4,3,1,0,0,0,0,4,1,25%,1,2,100%
"Univ Waikato, Hamilton 3240",4,2,1,0,0,1,0,4,2,50%,2,0,100%
"Univ Waikato, Hamilton 3264",2,2,0,0,0,0,0,2,0,0%,2,0,100%
"Univ Waikato, Hist Programme",1,0,0,0,0,1,0,1,1,100%,0,0,100%
"Univ Waikato, Hlth Sport & Human Performance",8,6,0,1,0,1,0,8,2,25%,6,0,100%
"Univ Waikato, Huataki Waiora Fac Hlth Sport & Human Performance",1,1,0,0,0,0,0,1,0,0%,1,0,100%
"Univ Waikato, Huataki Waiora Sch Hlth",4,2,2,0,0,0,0,4,2,50%,2,0,100%
"Univ Waikato, Huataki Waiora Sch Hlth Sport & Human Performance",1,0,0,0,1,0,0,1,1,100%,0,0,100%
"Univ Waikato, HuatakiWaiora Sch Hlth",1,0,0,0,1,0,0,1,1,100%,0,0,100%
"Univ Waikato, Inst Secur & Crime Sci",2,1,1,0,0,0,0,2,1,50%,1,0,100%
"Univ Waikato, Int Business Sch",1,1,0,0,0,0,0,1,0,0%,0,1,100%
"Univ Waikato, Int Ctr Terr Antarctic Res",7,3,2,0,0,1,1,7,4,57%,3,0,100%
"Univ Waikato, Knighton Rd",1,0,0,0,0,0,1,1,1,100%,0,0,100%
"Univ Waikato, Lib",1,1,0,0,0,0,0,1,0,0%,1,0,100%
"Univ Waikato, Manaaki Whenua Landcare Res",1,1,0,0,0,0,0,1,0,0%,1,0,100%
"Univ Waikato, Management Commun Dept",1,1,0,0,0,0,0,1,0,0%,1,0,100%
"Univ Waikato, Management Sch",9,6,1,0,1,1,0,9,3,33%,6,0,100%
"Univ Waikato, Med Res Ctr",9,6,1,2,0,0,0,9,3,33%,5,1,100%
"Univ Waikato, Mental Hlth Nursing",1,0,0,0,1,0,0,1,1,100%,0,0,100%
"Univ Waikato, NIDEA",1,0,0,0,0,0,1,1,1,100%,0,0,100%
"Univ Waikato, NIWA",1,0,1,0,0,0,0,1,1,100%,0,0,100%
"Univ Waikato, Natl Inst Demog & Econ Anal",13,9,1,0,0,1,2,13,4,30%,8,1,100%
"Univ Waikato, Natl Inst Demog & Econ Anal NIDEA",2,2,0,0,0,0,0,2,0,0%,2,0,100%
"Univ Waikato, New Zealand Inst Business Res",2,0,2,0,0,0,0,2,2,100%,0,0,100%
"Univ Waikato, New Zealand Inst Secur & Crime Sci",1,1,0,0,0,0,0,1,0,0%,1,0,100%
"Univ Waikato, Off Vice Chancellor",3,2,0,0,0,1,0,3,1,33%,1,1,100%
"Univ Waikato, Oranga Sch Human Dev & Movement Studies",1,0,1,0,0,0,0,1,1,100%,0,0,100%
"Univ Waikato, POB 1212",1,0,0,0,0,0,1,1,1,100%,0,0,100%
"Univ Waikato, People Cities & Nat",1,0,0,0,1,0,0,1,1,100%,0,0,100%
"Univ Waikato, Philosophy",1,0,0,0,0,0,1,1,1,100%,0,0,100%
"Univ Waikato, Philosophy Programme",4,1,1,0,1,1,0,4,3,75%,1,0,100%
"Univ Waikato, Piringa Fac Law",1,1,0,0,0,0,0,1,0,0%,1,0,100%
"Univ Waikato, Polit Sci",1,0,0,0,0,0,1,1,1,100%,0,0,100%
"Univ Waikato, Polit Sci & Int Relat",1,1,0,0,0,0,0,1,0,0%,1,0,100%
"Univ Waikato, Polit Sci & Publ Policy Programme",2,2,0,0,0,0,0,2,0,0%,2,0,100%
"Univ Waikato, Populat Studies & Demog",1,1,0,0,0,0,0,1,0,0%,1,0,100%
"Univ Waikato, Power Elect Res Team",1,1,0,0,0,0,0,1,0,0%,0,1,100%
"Univ Waikato, Private Bag 3105",15,13,1,0,0,0,1,15,2,13%,10,3,100%
"Univ Waikato, Psychol",1,0,0,0,0,1,0,1,1,100%,0,0,100%
"Univ Waikato, Psychol Box 3105",1,1,0,0,0,0,0,1,0,0%,1,0,100%
"Univ Waikato, Psychol Dept",1,1,0,0,0,0,0,1,0,0%,1,0,100%
"Univ Waikato, Radiocarbon Dating Lab",9,3,2,0,0,1,3,9,6,66%,3,0,100%
"Univ Waikato, Sch Accounting Econ & Finance",2,2,0,0,0,0,0,2,0,0%,1,1,100%
"Univ Waikato, Sch Accounting Finance & Econ",51,29,4,1,0,8,9,51,22,43%,24,3,96%
"Univ Waikato, Sch Arts",2,2,0,0,0,0,0,2,0,0%,2,0,100%
"Univ Waikato, Sch Biol Sci",3,2,1,0,0,0,0,2,1,50%,0,0,33%
"Univ Waikato, Sch Comp & Math Sci",4,2,1,0,0,1,0,4,2,50%,1,1,100%
"Univ Waikato, Sch Educ",10,5,2,1,2,0,0,10,5,50%,4,0,90%
"Univ Waikato, Sch Engn",75,42,14,2,3,8,6,73,31,42%,37,5,97%
"Univ Waikato, Sch Grad Res",1,1,0,0,0,0,0,1,0,0%,0,1,100%
"Univ Waikato, Sch Hlth",6,5,0,0,1,0,0,6,1,16%,4,1,100%
"Univ Waikato, Sch Hlth Sport & Human Performance",2,2,0,0,0,0,0,2,0,0%,1,0,50%
"Univ Waikato, Sch Human Dev & Movement Studies",1,0,0,0,1,0,0,1,1,100%,0,0,100%
"Univ Waikato, Sch Management",4,2,0,0,2,0,0,4,2,50%,2,0,100%
"Univ Waikato, Sch Management & Mkt",17,13,2,0,0,2,0,17,4,23%,9,3,94%
"Univ Waikato, Sch Mkt & Management",2,2,0,0,0,0,0,2,0,0%,1,0,50%
"Univ Waikato, Sch Mkt & Manasgement",1,0,0,0,1,0,0,1,1,100%,0,0,100%
"Univ Waikato, Sch Psychol",54,29,9,0,4,7,5,53,24,45%,25,3,96%
"Univ Waikato, Sch Sci",171,79,40,1,7,21,23,167,91,54%,68,2,94%
"Univ Waikato, Sch Sci & Engn",5,1,4,0,0,0,0,5,4,80%,1,0,100%
"Univ Waikato, Sch Sci & Environm Res Inst",4,4,0,0,0,0,0,4,0,0%,4,0,100%
"Univ Waikato, Sch Sci Earth Sci",2,0,1,1,0,0,0,2,2,100%,0,0,100%
"Univ Waikato, Sch Sci Te Aka Matuatua",1,1,0,0,0,0,0,1,0,0%,0,0,0%
"Univ Waikato, Sch Social Sci",14,8,1,0,0,3,2,14,6,42%,8,0,100%
"Univ Waikato, Sch Social Sci Polit Sci & Int Relat",1,1,0,0,0,0,0,1,0,0%,1,0,100%
"Univ Waikato, Sci & Engn",2,1,0,1,0,0,0,2,1,50%,1,0,100%
"Univ Waikato, Screen & Media Programme",1,0,1,0,0,0,0,1,1,100%,0,0,100%
"Univ Waikato, Screen & Media Studies",2,1,0,0,0,1,0,2,1,50%,0,1,100%
"Univ Waikato, Social Work",1,0,1,0,0,0,0,1,1,100%,0,0,100%
"Univ Waikato, Sociol",3,3,0,0,0,0,0,3,0,0%,1,2,100%
"Univ Waikato, Sociol & Social Policy",2,2,0,0,0,0,0,2,0,0%,1,1,100%
"Univ Waikato, Sociol & Social Policy Programme",1,0,0,0,1,0,0,1,1,100%,0,0,100%
"Univ Waikato, Sociol Social Policy",1,1,0,0,0,0,0,1,0,0%,1,0,100%
"Univ Waikato, Tauranga",2,1,0,0,0,0,1,2,1,50%,0,1,100%
"Univ Waikato, Te Aka Matuatua Sch Sci",1,1,0,0,0,0,0,1,0,0%,0,1,100%
"Univ Waikato, Te Hononga Sch Curriculum & Pedag",3,3,0,0,0,0,0,3,0,0%,3,0,100%
"Univ Waikato, Te Huataki Waiora",1,1,0,0,0,0,0,1,0,0%,1,0,100%
"Univ Waikato, Te Huataki Waiora Fac Hlth Sport & Human Performa",6,5,0,0,0,0,1,6,1,16%,2,3,100%
"Univ Waikato, Te Huataki Waiora Sch Hlth",18,12,3,0,0,2,1,18,6,33%,11,1,100%
"Univ Waikato, Te Huataki Waiora Sch Hlth Sport & Human Performa",2,2,0,0,0,0,0,2,0,0%,1,1,100%
"Univ Waikato, Te Kotahi Res Inst",1,0,0,0,1,0,0,1,1,100%,0,0,100%
"Univ Waikato, Te Kura Toi Tangata",2,2,0,0,0,0,0,2,0,0%,1,1,100%
"Univ Waikato, Te Kura Toi Tangata Div Educ",2,2,0,0,0,0,0,2,0,0%,1,0,50%
"Univ Waikato, Te Kura Toi Tangata Fac Educ",4,2,0,0,0,2,0,4,2,50%,1,1,100%
"Univ Waikato, Te Kura Toi Tangata Sch Educ",11,5,1,1,0,4,0,11,6,54%,4,0,90%
"Univ Waikato, Te Oranga Sch Human Dev & Movement Studies",1,1,0,0,0,0,0,1,0,0%,1,0,100%
"Univ Waikato, Te Piringa Fac Law",11,5,3,0,0,2,1,11,6,54%,4,1,100%
"Univ Waikato, Te Whiringa Sch Educ Leadership & Policy",2,1,1,0,0,0,0,2,1,50%,0,1,100%
"Univ Waikato, Theatre Studies Programme",1,1,0,0,0,0,0,1,0,0%,1,0,100%
"Univ Waikato, Traff & Rd Safety Res Grp",1,1,0,0,0,0,0,1,0,0%,1,0,100%
"Univ Waikato, Transport Res Grp",6,4,0,0,0,0,2,6,2,33%,4,0,100%
"Univ Waikato, UWISG",1,1,0,0,0,0,0,1,0,0%,1,0,100%
"Univ Waikato, Univ Auckland",1,1,0,0,0,0,0,1,0,0%,1,0,100%
"Univ Waikato, WMIER",1,0,0,0,1,0,0,1,1,100%,0,0,100%
"Univ Waikato, Waikato",1,1,0,0,0,0,0,1,0,0%,0,1,100%
"Univ Waikato, Waikato Ctr Adv Mat",6,4,1,1,0,0,0,6,2,33%,4,0,100%
"Univ Waikato, Waikato Ctr Adv Mat & Mfg",7,6,0,0,1,0,0,7,1,14%,6,0,100%
"Univ Waikato, Waikato Ctr Adv Mat WaiCAM",2,0,0,1,0,0,1,2,2,100%,0,0,100%
"Univ Waikato, Waikato Hosp",1,0,1,0,0,0,0,1,1,100%,0,0,100%
"Univ Waikato, Waikato Mail Ctr",1,1,0,0,0,0,0,1,0,0%,1,0,100%
"Univ Waikato, Waikato Management Div",1,1,0,0,0,0,0,1,0,0%,1,0,100%
"Univ Waikato, Waikato Management Sch",104,78,11,1,0,10,4,103,26,25%,54,22,98%
"Univ Waikato, Waikato Med Res Ctr",17,8,5,1,1,2,0,16,9,56%,6,1,94%
"Univ Waikato, Waikato Radiocarbon Dating Lab",1,0,0,0,0,1,0,1,1,100%,0,0,100%
"Univ Waikato, Waikato Radiocarbon Lab",2,0,0,0,0,1,1,2,2,100%,0,0,100%
"Univ Waikato, Waikato Reg Diabet Serv",1,0,1,0,0,0,0,1,1,100%,0,0,100%
"Univ Waikato, Waikato Sch Accounting Econ & Finance",1,0,0,1,0,0,0,1,1,100%,0,0,100%
"Univ Waikato, Whare Wananga Waikato",1,0,0,0,0,1,0,1,1,100%,0,0,100%
"University of Adelaide, Australia, University of Waikato",1,0,0,0,0,1,0,0,0,,0,0,0%
"University of Auckland, Institute of Marine Science, Auckland, 1010, New Zealand, University of Waikato",1,1,0,0,0,0,0,1,0,0%,1,0,100%
"University of Bern's Institute for European and International Economic Law, World Trade Institute, Switzerland, University of Waikato",3,3,0,0,0,0,0,0,0,,0,0,0%
"University of Colorado-Colorado Springs, United States, University of Utah, United States, University of Waikato",1,1,0,0,0,0,0,0,0,,0,0,0%
"University of Economics and Business, Vietnam National University, Hanoi, Room 100, Building E4, 144 Xuan Thuy, Cau Giay District, Hanoi, Viet Nam, The University of Waikato",1,0,0,0,0,1,0,1,1,100%,0,0,100%
"University of Economics and Business, Vietnam National University, Hanoi, Viet Nam, University of Waikato",1,0,0,0,0,1,0,1,1,100%,0,0,100%
"University of Electronic Science and Technology of China, Chengdu, China, University of Waikato",1,1,0,0,0,0,0,0,0,,0,0,0%
"University of Newcastle, Australia, University of Waikato",1,1,0,0,0,0,0,1,0,0%,1,0,100%
University of Waikato,315,185,23,6,23,58,20,210,100,47%,70,35,65%
"University of Zhengzhou, China, University of Waikato",1,0,0,0,1,0,0,1,1,100%,0,0,100%
"Vice Chancellors Office, University of Waikato",1,0,0,1,0,0,0,1,1,100%,0,0,100%
"Victoria University of Wellington, New Zealand, The University of Waikato",1,0,0,0,0,1,0,1,1,100%,0,0,100%
"Victoria University of Wellington, Wellington, New Zealand, The University of Waikato",1,1,0,0,0,0,0,1,0,0%,1,0,100%
"WMIER, University of Waikato",1,0,0,0,1,0,0,1,1,100%,0,0,100%
"WaiCAM, School of Engineering, The University of Waikato",1,0,0,0,0,1,0,1,1,100%,0,0,100%
"Waikato Cardiothoracic Unit, Waikato Hospital, Hamilton, New Zealand, Faculty of Medical and Health Sciences, The University of Auckland, Auckland, New Zealand, University of Waikato",6,6,0,0,0,0,0,6,0,0%,6,0,100%
"Waikato Cardiothoracic Unit, Waikato Hospital, Hamilton, New Zealand, Faculty of Medical and Health Sciences, The University of Auckland, New Zealand, National Institute of Demographic and Economic Analysis, The University of Waikato",1,0,0,0,1,0,0,1,1,100%,0,0,100%
"Waikato Cardiothoracic Unit, Waikato Hospital, Hamilton, New Zealand, National Institute of Demographic and Economic Analysis, The University of Waikato",1,1,0,0,0,0,0,1,0,0%,1,0,100%
"Waikato Cardiothoracic Unit, Waikato Hospital, Hamilton, New Zealand, New Zealand, Faculty of Medical and Health Sciences, The University of Auckland, Auckland, New Zealand, New Zealand, University of Waikato",1,1,0,0,0,0,0,1,0,0%,1,0,100%
"Waikato Cardiothoracic Unit, Waikato Hospital, Hamilton, New Zealand, The University of Waikato",1,1,0,0,0,0,0,1,0,0%,1,0,100%
"Waikato Centre for Advance Materials, School of Engineering, University of Waikato",1,1,0,0,0,0,0,1,0,0%,1,0,100%
"Waikato Centre for Advanced Materials (WaiCAM), The University of Waikato",1,0,0,0,0,0,1,1,1,100%,0,0,100%
"Waikato Centre for Advanced Materials (WaiCAM), University of Waikato",1,0,0,1,0,0,0,1,1,100%,0,0,100%
"Waikato Centre for Advanced Materials and Manufacturing, School of Engineering, The University of Waikato",6,5,1,0,0,0,0,6,1,16%,5,0,100%
"Waikato Centre for Advanced Materials and Manufacturing, School of Engineering, University of Waikato",6,5,0,0,1,0,0,6,1,16%,5,0,100%
"Waikato Centre for Advanced Materials, School of Engineering, The University of Waikato",4,4,0,0,0,0,0,4,0,0%,4,0,100%
"Waikato Centre for Advanced Materials, School of Engineering, University of Waikato",10,6,3,1,0,0,0,10,4,40%,6,0,100%
"Waikato Centre of Advanced Materials, School of Engineering, The University of Waikato",2,0,0,0,0,0,2,2,2,100%,0,0,100%
"Waikato DNA Sequencing Facility, School of Science, University of Waikato",1,0,1,0,0,0,0,1,1,100%,0,0,100%
"Waikato District Health Board, Te Huataki Waiora-School of Health, University of Waikato",1,0,0,0,0,0,1,1,1,100%,0,0,100%
"Waikato Institute of Technology, University of Waikato",1,0,0,0,0,1,0,0,0,,0,0,0%
"Waikato Management School – Tauranga CBD Campus, University of Waikato",1,1,0,0,0,0,0,1,0,0%,0,1,100%
"Waikato Management School, Tauranga Campus, University of Waikato",1,1,0,0,0,0,0,1,0,0%,1,0,100%
"Waikato Management School, The University of Waikato",11,6,1,0,0,4,0,10,5,50%,5,0,90%
"Waikato Management School, University of Waikato",69,51,5,1,0,10,2,68,18,26%,35,14,97%
"Waikato Management School, Zhejiang University (City College Campus), University of Waikato",1,0,1,0,0,0,0,1,1,100%,0,0,100%
"Waikato Medical Research Center, University of Waikato",2,1,1,0,0,0,0,1,1,100%,0,0,50%
"Waikato Medical Research Centre, The University of Waikato",4,1,1,0,0,2,0,4,3,75%,1,0,100%
"Waikato Medical Research Centre, University of Waikato",15,7,6,1,0,1,0,15,8,53%,6,1,100%
"Waikato Radiocarbon Laboratory, University of Waikato",4,0,2,0,0,1,1,4,4,100%,0,0,100%
"Waikato Regional Council, 401 Grey Street, Hamilton East, Hamilton, 3216, New Zealand, Environmental Research Institute, The University of Waikato",1,1,0,0,0,0,0,1,0,0%,1,0,100%
"Waikato Regional Council, Hamilton, New Zealand, Environmental Research Institute, The University of Waikato",2,1,0,0,1,0,0,2,1,50%,1,0,100%
"Waikato Regional Council, Hamilton, New Zealand, The University of Waikato",1,1,0,0,0,0,0,1,0,0%,1,0,100%
"Waikato Regional Diabetes Service, Waikato District Health Board, Hamilton, New Zealand, Waikato Medical Research Centre, University of Waikato",2,1,0,0,1,0,0,2,1,50%,1,0,100%
"Waikato School of Accounting Economics and Finance, University of Waikato",1,0,0,1,0,0,0,1,1,100%,0,0,100%
"Water, Science and Strategy, Waikato Regional Council, Hamilton, New Zealand, Environmental Research Institute, University of Waikato",1,1,0,0,0,0,0,1,0,0%,1,0,100%
"Waterways Centre, University of Canterbury, Private Bag 4800, Christchurch, New Zealand, Coastal Marine Field Station, University of Waikato",1,1,0,0,0,0,0,1,0,0%,1,0,100%
Western Institute of Technology Taranaki & The University of Waikato,1,0,0,1,0,0,0,1,1,100%,0,0,100%
"Wilf Malcolm Institute of Educational Research, Te Kura Toi Tangata Division of Education, University of Waikato",3,0,0,3,0,0,0,3,3,100%,0,0,100%
Xerra Earth Observation Institute and the University of Waikato,2,0,0,0,0,1,1,2,2,100%,0,0,100%
"Xerra Earth Observation Institute, Alexandra, New Zealand, Environmental Research Institute, The University of Waikato",1,1,0,0,0,0,0,1,0,0%,1,0,100%
"Zhejiang International Studies University, Hangzhou, China, Waikato Management School, The University of Waikato",1,1,0,0,0,0,0,0,0,,0,0,0%
"aWaikato Centre for Advanced Materials, School of Engineering, University of Waikato",1,0,0,1,0,0,0,1,1,100%,0,0,100%
"in Supply Chain Management, Waikato Management School, University of Waikato",1,1,0,0,0,0,0,1,0,0%,1,0,100%
niversity of Waikato,1,1,0,0,0,0,0,1,0,0%,1,0,100%
the University of Waikato,1,0,0,0,0,1,0,0,0,,0,0,0%
