WoS Subject,closed,gold,diamond,bronze,green,hybrid,Total,% Open,Closed/AAM embargoed,Closed/AAM immediate,Potential % open
Agriculture,25,7,0,2,4,1,39,35,22,0,92
Anthropology,6,0,0,0,1,1,8,25,6,0,100
Archaeology,5,0,0,0,1,1,7,28,5,0,100
Area Studies,3,0,1,2,0,0,6,50,3,0,100
Arts & Humanities - Other Topics,3,0,0,0,0,0,3,0,0,3,100
Astronomy & Astrophysics,4,0,0,1,7,0,12,66,4,0,100
Audiology & Speech-Language Pathology,3,0,0,0,0,0,3,0,0,3,100
Automation & Control Systems,1,1,0,0,4,0,6,83,0,0,83
Behavioral Sciences,4,0,0,1,2,0,7,42,4,0,100
Biochemistry & Molecular Biology,13,5,0,1,2,2,23,43,7,3,86
Biodiversity & Conservation,6,3,0,2,4,3,18,66,4,0,88
Biomedical Social Sciences,5,0,0,0,0,0,5,0,3,1,80
Biophysics,2,0,0,0,0,0,2,0,1,0,50
Biotechnology & Applied Microbiology,16,4,0,0,2,1,23,30,15,0,95
Business & Economics,178,4,3,4,42,15,246,27,127,47,98
Cardiovascular System & Cardiology,8,0,0,0,0,0,8,0,8,0,100
Cell Biology,1,2,0,1,0,1,5,80,1,0,100
Chemistry,28,15,0,0,7,5,55,49,22,2,92
Communication,22,0,0,1,2,0,25,12,11,7,84
Computer Science,31,5,1,3,25,4,69,55,13,4,79
Construction & Building Technology,5,0,0,0,0,0,5,0,5,0,100
Criminology & Penology,9,1,0,0,3,0,13,30,3,5,92
Crystallography,1,0,0,0,0,0,1,0,1,0,100
Cultural Studies,4,0,0,0,3,0,7,42,3,1,100
Dance,0,0,0,0,1,0,1,100,0,0,100
Demography,2,0,0,0,1,1,4,50,2,0,100
"Dentistry, Oral Surgery & Medicine",2,0,0,0,0,0,2,0,2,0,100
Development Studies,11,0,0,0,0,2,13,15,10,0,92
Education & Educational Research,70,6,3,19,12,1,111,36,57,9,96
Emergency Medicine,0,0,0,1,0,0,1,100,0,0,100
Endocrinology & Metabolism,7,1,0,1,3,0,12,41,5,1,91
Energy & Fuels,11,2,0,1,1,3,18,38,11,0,100
Engineering,69,15,0,3,18,3,108,36,59,8,98
Environmental Sciences & Ecology,101,42,0,5,24,15,187,45,92,3,96
Ethnic Studies,0,0,0,0,1,0,1,100,0,0,100
Evolutionary Biology,3,1,0,0,2,1,7,57,3,0,100
Family Studies,2,0,0,0,1,0,3,33,0,2,100
"Film, Radio & Television",1,0,0,0,0,0,1,0,0,1,100
Fisheries,19,0,0,2,1,1,23,17,14,5,100
Food Science & Technology,5,4,0,1,4,0,14,64,5,0,100
Forestry,3,0,0,1,0,0,4,25,3,0,100
General & Internal Medicine,3,5,7,2,0,2,19,84,2,1,100
Genetics & Heredity,2,2,0,0,0,1,5,60,2,0,100
Geochemistry & Geophysics,5,0,0,1,4,3,13,61,4,0,92
Geography,20,0,0,2,2,7,31,35,20,0,100
Geology,33,14,4,3,10,12,76,56,31,1,98
Geriatrics & Gerontology,2,0,0,0,2,1,5,60,2,0,100
Government & Law,11,0,0,0,5,3,19,42,7,4,100
Health Care Sciences & Services,8,4,0,0,1,1,14,42,6,2,100
History,9,0,0,0,0,0,9,0,9,0,100
History & Philosophy of Science,3,0,0,2,0,0,5,40,3,0,100
Imaging Science & Photographic Technology,0,5,0,0,3,1,9,100,0,0,100
Immunology,0,3,0,0,0,0,3,100,0,0,100
Infectious Diseases,0,0,0,0,0,1,1,100,0,0,100
Information Science & Library Science,10,0,0,1,5,0,16,37,4,4,87
Instruments & Instrumentation,3,1,0,1,2,0,7,57,1,2,100
International Relations,7,0,0,0,2,1,10,30,7,0,100
Legal Medicine,2,0,0,0,0,0,2,0,2,0,100
Life Sciences & Biomedicine - Other Topics,5,2,0,1,0,2,10,50,5,0,100
Linguistics,10,0,0,1,4,0,15,33,4,5,93
Literature,6,0,0,0,0,1,7,14,3,3,100
Marine & Freshwater Biology,41,7,0,2,3,4,57,28,35,5,98
Materials Science,36,13,5,1,6,5,66,45,35,1,100
Mathematical Methods In Social Sciences,1,0,0,0,1,1,3,66,1,0,100
Mathematics,6,1,1,1,8,2,19,68,6,0,100
Mechanics,2,0,0,0,3,0,5,60,2,0,100
Medical Ethics,2,0,0,0,1,0,3,33,2,0,100
Medical Informatics,1,2,0,0,0,1,4,75,1,0,100
Metallurgy & Metallurgical Engineering,15,6,1,1,0,4,27,44,15,0,100
Meteorology & Atmospheric Sciences,6,3,1,1,0,1,12,50,5,0,91
Microbiology,4,11,0,1,1,4,21,80,3,0,95
Mineralogy,2,0,0,1,0,0,3,33,2,0,100
Mining & Mineral Processing,2,0,0,0,0,0,2,0,2,0,100
Music,1,0,0,0,1,0,2,50,0,1,100
Mycology,1,0,0,0,0,0,1,0,1,0,100
Neurosciences & Neurology,12,2,1,1,8,1,25,52,11,1,100
Nursing,3,0,0,1,0,0,4,25,1,0,50
Nutrition & Dietetics,2,4,0,0,2,0,8,75,1,1,100
Obstetrics & Gynecology,3,0,0,0,0,3,6,50,3,0,100
Oceanography,34,6,0,4,3,4,51,33,30,4,100
Oncology,7,2,0,1,2,1,13,46,5,0,84
Operations Research & Management Science,2,0,0,0,3,0,5,60,2,0,100
Ophthalmology,0,1,0,0,1,0,2,100,0,0,100
Optics,0,1,0,0,1,0,2,100,0,0,100
Orthopedics,1,1,1,0,1,0,4,75,1,0,100
Paleontology,1,0,0,0,1,0,2,50,1,0,100
Pediatrics,1,1,0,1,0,0,3,66,1,0,100
Pharmacology & Pharmacy,2,0,0,0,0,1,3,33,2,0,100
Philosophy,5,0,1,1,1,0,8,37,4,1,100
Physical Geography,11,2,0,0,3,3,19,42,10,0,94
Physics,14,10,1,0,4,1,30,53,8,4,93
Physiology,1,0,0,1,4,0,6,83,1,0,100
Plant Sciences,8,3,0,4,4,2,21,61,8,0,100
Polymer Science,8,0,0,0,2,0,10,20,8,0,100
Psychiatry,14,0,0,2,1,1,18,22,13,1,100
Psychology,66,3,0,3,17,8,97,31,48,13,94
Public Administration,7,0,0,0,4,2,13,46,6,1,100
"Public, Environmental & Occupational Health",13,17,0,2,5,4,41,68,8,4,97
"Radiology, Nuclear Medicine & Medical Imaging",1,0,0,0,0,0,1,0,1,0,100
Rehabilitation,13,0,0,0,4,0,17,23,9,3,94
Religion,8,1,0,1,0,0,10,20,8,0,100
Remote Sensing,0,5,0,0,2,1,8,100,0,0,100
Reproductive Biology,0,0,0,0,0,3,3,100,0,0,100
Research & Experimental Medicine,0,0,0,0,0,1,1,100,0,0,100
Respiratory System,0,1,0,0,0,0,1,100,0,0,100
Rheumatology,0,0,0,1,0,0,1,100,0,0,100
Robotics,2,0,0,0,1,0,3,33,2,0,100
Science & Technology - Other Topics,29,48,0,5,6,5,93,68,23,5,98
Social Sciences - Other Topics,65,2,0,3,16,2,88,26,47,15,96
Social Work,2,3,0,0,1,0,6,66,2,0,100
Sociology,18,0,0,2,3,1,24,25,9,9,100
Spectroscopy,1,0,0,0,0,0,1,0,0,1,100
Sport Sciences,33,6,0,4,9,0,52,36,29,2,96
Surgery,2,0,1,0,0,0,3,33,2,0,100
Telecommunications,8,5,0,1,2,1,17,52,3,5,100
Theater,1,0,0,0,0,0,1,0,1,0,100
Thermodynamics,5,0,0,0,0,1,6,16,5,0,100
Toxicology,0,2,0,0,0,0,2,100,0,0,100
Transportation,8,1,0,0,2,2,13,38,8,0,100
Urban Studies,5,1,0,0,1,3,10,50,3,2,100
Veterinary Sciences,1,4,0,0,0,0,5,80,1,0,100
Water Resources,14,2,0,0,2,3,21,33,14,0,100
Women's Studies,8,0,0,0,0,0,8,100,0,0,100
Zoology,9,0,0,0,0,0,9,0,8,0,88
