WoS Subject,closed,gold,diamond,bronze,green,hybrid,Total,% Open,Closed/AAM embargoed,Closed/AAM immediate,Potential % open
Agriculture,25,7,0,2,5,1,40,37,23,0,95
Anthropology,7,0,1,0,1,1,10,30,6,1,100
Archaeology,7,0,0,0,1,1,9,22,6,1,100
Area Studies,3,0,1,2,0,0,6,50,3,0,100
Arts & Humanities - Other Topics,3,0,0,0,0,0,3,0,0,3,100
Astronomy & Astrophysics,3,0,0,2,7,0,12,75,3,0,100
Audiology & Speech-Language Pathology,3,0,0,0,0,0,3,0,0,3,100
Automation & Control Systems,1,1,0,0,4,0,6,83,0,0,83
Behavioral Sciences,4,0,0,1,2,0,7,42,4,0,100
Biochemistry & Molecular Biology,13,5,0,1,3,2,24,45,7,3,87
Biodiversity & Conservation,6,3,0,2,4,3,18,66,4,0,88
Biomedical Social Sciences,5,0,0,0,1,0,6,16,3,1,83
Biophysics,2,0,0,0,0,0,2,0,1,0,50
Biotechnology & Applied Microbiology,16,4,0,0,3,1,24,33,15,0,95
Business & Economics,178,4,3,5,43,15,248,28,127,48,98
Cardiovascular System & Cardiology,8,0,0,0,0,0,8,0,8,0,100
Cell Biology,1,2,0,1,0,1,5,80,1,0,100
Chemistry,30,16,0,0,9,5,60,50,24,2,93
Communication,23,0,0,1,2,0,26,11,12,7,84
Computer Science,30,5,1,4,25,4,69,56,12,4,79
Construction & Building Technology,5,0,0,0,0,0,5,0,5,0,100
Criminology & Penology,9,1,0,0,3,0,13,30,3,5,92
Crystallography,1,0,0,0,0,0,1,0,1,0,100
Cultural Studies,5,0,0,0,3,0,8,37,3,2,100
Dance,0,0,0,0,1,0,1,100,0,0,100
Demography,2,0,0,0,1,1,4,50,2,0,100
"Dentistry, Oral Surgery & Medicine",2,0,0,0,0,0,2,0,2,0,100
Development Studies,10,0,0,0,1,2,13,23,10,0,100
Education & Educational Research,73,6,3,19,13,1,115,36,60,9,96
Emergency Medicine,0,0,0,1,0,0,1,100,0,0,100
Endocrinology & Metabolism,7,1,0,1,3,0,12,41,5,1,91
Energy & Fuels,11,2,0,1,1,3,18,38,11,0,100
Engineering,69,16,0,3,18,3,109,36,59,8,98
Environmental Sciences & Ecology,102,44,0,5,25,16,192,46,94,3,97
Ethnic Studies,4,0,2,1,1,0,8,50,0,0,50
Evolutionary Biology,3,1,0,0,2,1,7,57,3,0,100
Family Studies,2,0,2,0,1,0,5,60,0,2,100
"Film, Radio & Television",1,0,0,0,0,0,1,0,0,1,100
Fisheries,20,0,0,2,1,1,24,16,15,5,100
Food Science & Technology,6,4,0,1,4,0,15,60,6,0,100
Forestry,3,0,0,1,0,0,4,25,3,0,100
General & Internal Medicine,3,5,7,2,0,4,21,85,2,1,100
Genetics & Heredity,2,2,0,0,1,1,6,66,2,0,100
Geochemistry & Geophysics,5,0,0,1,4,3,13,61,4,0,92
Geography,21,0,0,2,2,7,32,34,21,0,100
Geology,34,14,4,3,10,12,77,55,32,1,98
Geriatrics & Gerontology,3,3,0,0,2,1,9,66,2,1,100
Government & Law,10,0,0,1,5,3,19,47,6,4,100
Health Care Sciences & Services,9,5,0,0,1,3,18,50,7,2,100
History,9,0,0,0,0,0,9,0,9,0,100
History & Philosophy of Science,3,0,0,2,1,0,6,50,3,0,100
Imaging Science & Photographic Technology,0,5,0,0,3,1,9,100,0,0,100
Immunology,0,3,0,0,0,0,3,100,0,0,100
Infectious Diseases,0,0,0,0,0,1,1,100,0,0,100
Information Science & Library Science,11,0,0,1,5,0,17,35,5,4,88
Instruments & Instrumentation,3,1,0,1,2,0,7,57,1,2,100
International Relations,7,0,0,0,2,1,10,30,7,0,100
Legal Medicine,2,0,0,0,0,0,2,0,2,0,100
Life Sciences & Biomedicine - Other Topics,5,2,0,1,0,2,10,50,5,0,100
Linguistics,11,0,0,1,4,1,17,35,5,5,94
Literature,6,0,0,0,0,1,7,14,3,3,100
Marine & Freshwater Biology,43,7,0,2,3,4,59,27,37,5,98
Materials Science,40,13,5,1,6,5,70,42,39,1,100
Mathematical Methods In Social Sciences,1,0,0,0,1,1,3,66,1,0,100
Mathematics,7,1,1,1,8,2,20,65,6,1,100
Mechanics,2,0,0,0,3,0,5,60,2,0,100
Medical Ethics,2,0,0,0,1,0,3,33,2,0,100
Medical Informatics,1,2,0,0,0,1,4,75,1,0,100
Metallurgy & Metallurgical Engineering,18,6,1,1,0,4,30,40,18,0,100
Meteorology & Atmospheric Sciences,6,3,1,1,0,1,12,50,5,0,91
Microbiology,4,11,0,1,1,4,21,80,3,0,95
Mineralogy,2,0,0,1,0,0,3,33,2,0,100
Mining & Mineral Processing,2,0,0,0,0,0,2,0,2,0,100
Music,1,0,0,0,1,0,2,50,0,1,100
Mycology,1,0,0,0,0,0,1,0,1,0,100
Neurosciences & Neurology,13,2,1,1,8,1,26,50,12,1,100
Nursing,4,0,0,1,0,0,5,20,2,0,60
Nutrition & Dietetics,3,4,0,0,2,0,9,66,2,1,100
Obstetrics & Gynecology,3,0,0,0,0,3,6,50,3,0,100
Oceanography,35,7,0,4,3,4,53,33,31,4,100
Oncology,8,2,0,1,2,1,14,42,6,0,85
Operations Research & Management Science,2,0,0,0,3,0,5,60,2,0,100
Ophthalmology,0,1,0,0,1,0,2,100,0,0,100
Optics,0,1,0,0,1,0,2,100,0,0,100
Orthopedics,1,1,1,0,1,0,4,75,1,0,100
Paleontology,1,0,0,0,1,0,2,50,1,0,100
Pediatrics,1,1,0,1,0,0,3,66,1,0,100
Pharmacology & Pharmacy,2,1,0,0,0,1,4,50,2,0,100
Philosophy,5,0,1,1,1,0,8,37,4,1,100
Physical Geography,12,2,0,0,3,3,20,40,11,0,95
Physics,15,10,1,0,4,1,31,51,9,4,93
Physiology,1,0,0,1,4,0,6,83,1,0,100
Plant Sciences,9,3,0,4,4,2,22,59,9,0,100
Polymer Science,8,0,0,0,2,0,10,20,8,0,100
Psychiatry,14,0,0,2,1,1,18,22,13,1,100
Psychology,65,3,0,3,17,8,96,32,48,12,94
Public Administration,7,0,0,0,4,2,13,46,6,1,100
"Public, Environmental & Occupational Health",13,21,0,2,6,6,48,72,8,4,97
"Radiology, Nuclear Medicine & Medical Imaging",1,0,0,0,0,0,1,0,1,0,100
Rehabilitation,14,0,0,0,4,0,18,22,10,3,94
Religion,8,1,0,1,0,0,10,20,8,0,100
Remote Sensing,0,5,0,0,2,1,8,100,0,0,100
Reproductive Biology,0,0,0,0,0,3,3,100,0,0,100
Research & Experimental Medicine,0,0,0,0,0,1,1,100,0,0,100
Respiratory System,0,1,0,0,0,0,1,100,0,0,100
Rheumatology,0,0,0,1,0,0,1,100,0,0,100
Robotics,2,0,0,0,1,0,3,33,2,0,100
Science & Technology - Other Topics,31,49,0,5,6,6,97,68,25,5,98
Social Issues,0,0,0,0,1,0,1,100,0,0,100
Social Sciences - Other Topics,67,5,1,3,16,2,94,28,49,15,96
Social Work,2,3,0,0,1,0,6,66,2,0,100
Sociology,19,0,2,2,3,1,27,29,9,10,100
Spectroscopy,1,0,0,0,0,0,1,0,0,1,100
Sport Sciences,33,6,0,4,9,0,52,36,29,2,96
Surgery,2,0,1,0,0,0,3,33,2,0,100
Telecommunications,8,5,0,1,2,1,17,52,3,5,100
Theater,1,0,0,0,0,0,1,0,1,0,100
Thermodynamics,5,0,0,0,0,1,6,16,5,0,100
Toxicology,0,2,0,0,0,0,2,100,0,0,100
Transportation,8,1,0,0,2,2,13,38,8,0,100
Urban Studies,5,1,0,0,1,3,10,50,3,2,100
Veterinary Sciences,1,4,0,0,0,0,5,80,1,0,100
Water Resources,15,2,0,0,2,3,22,31,15,0,100
Women's Studies,8,0,0,0,0,0,8,100,0,0,100
Zoology,9,0,0,0,0,0,9,0,8,0,88
