"DOI","Error"
"10.1016/j.ijintrcl.2020.09.003","Invalid DOI"
"10.1108/MEDAR-04-2020-0867","Invalid DOI"
"10.1007/s40617-019-00400-2","Line did not execute"
"10.13128/bae-7928","DOI not in crossref"
"10.19189/MaP.2019.OMB.StA.1816","DOI not in crossref"
"10.2112/S187-002.1","Invalid DOI"
"10.2112/S187-002.1","Invalid DOI"
"10.2112/S187-003.1","Invalid DOI"
"10.2112/S187-004.1","Invalid DOI"
"10.2112/S187-005.1","Invalid DOI"
"10.2112/S187-007.1","Invalid DOI"
"10.2112/S187-008.1","Invalid DOI"
"10.2112/5187-Preface","Invalid DOI"
"10.1016/j.jmart.2019.09.031","Invalid DOI"
"10.24384/g11c-ng05","DOI not in crossref"
"10.14742/ajet.3594","Invalid DOI"
"10.18462/iir.icr.2019.0450","Invalid DOI"
"10.18462/iir.icr.2019.0451","Invalid DOI"
"10.22096/hr.2019.105277.1100","DOI not in crossref"
"10.3303/CET1976017","DOI not in crossref"
"10.3303/CET1976078","DOI not in crossref"
"10.3390/ma122333824","Invalid DOI"
"10.3969/j.issn.1671-9727.2019.01.01","DOI not in crossref"
"10.4324/9781315179780-11","Invalid DOI"
"10.4324/9781315179780-2","Invalid DOI"
"10.4324/9781315179780-23","Invalid DOI"
"10.4324/9781315179780-32","Invalid DOI"
"10.15173/jhap.v8i10.4190","Invalid DOI"
"10.18462/iir.iccc.2020.292123","DOI not in crossref"
"10.18462/iir.rankine.2020.1124","DOI not in crossref"
"10.3233/FAIA200189","DOI not in crossref"
"10.7748/en.2020.e2031","Invalid DOI"
