Repository,Items,Published Version,Accepted Version,Submitted Version,Null
DiVA.org,3,3,0,0,0
HAL,13,7,0,6,0
RePEc,13,5,0,8,0
aaltodoc.aalto.fi,2,1,0,1,0
ageconsearch.umn.edu,3,2,0,1,0
apo-prod.ansto.gov.au,1,1,0,0,0
arXiv.org,23,0,0,23,0
archive.ugent.be,4,3,1,0,0
aura.abdn.ac.uk,5,5,0,0,0
bibliotecadigital.ipb.pt,2,2,0,0,0
bird.bcamath.org,1,1,0,0,0
boris.unibe.ch,4,4,0,0,0
bura.brunel.ac.uk,1,1,0,0,0
cdm21054.contentdm.oclc.org,2,0,0,2,0
centaur.reading.ac.uk,4,0,4,0,0
cgspace.cgiar.org,1,1,0,0,0
clok.uclan.ac.uk,2,0,2,0,0
corpus.ulaval.ca,1,0,1,0,0
cris.maastrichtuniversity.nl,3,2,0,1,0
cronfa.swan.ac.uk,1,0,1,0,0
darchive.mblwhoilibrary.org,2,2,0,0,0
dare.uva.nl,1,1,0,0,0
digibug.ugr.es,1,0,0,1,0
digital.csic.es,2,1,0,1,0
digital.library.adelaide.edu.au,1,0,0,1,0
digitalcommons.chapman.edu,1,0,0,1,0
digitalcommons.library.umaine.edu,1,1,0,0,0
digitalcommons.usu.edu,3,1,0,2,0
digitalscholarship.unlv.edu,1,0,0,1,0
diposit.ub.edu,1,0,1,0,0
discovery.dundee.ac.uk,1,1,0,0,0
dora,8,2,0,0,0
doras.dcu.ie,6,0,6,0,0
dr.library.brocku.ca,1,0,0,1,0
dro.deakin.edu.au,1,1,0,0,0
dro.dur.ac.uk.OAI2,5,0,5,0,0
dspace.lboro.ac.uk,2,0,1,1,0
dspace.lib.cranfield.ac.uk,1,0,0,1,0
dspace.stir.ac.uk,3,2,1,0,0
dspace.uevora.pt,1,1,0,0,0
dugi-doc,1,1,0,0,0
e-space.mmu.ac.uk,6,0,6,0,0
econstor.eu,6,1,0,5,0
epic.awi.de,2,1,0,1,0
eprints.gla.ac.uk,4,0,4,0,0
eprints.keele.ac.uk,3,0,3,0,0
eprints.lancs.ac.uk,2,0,2,0,0
eprints.leedsbeckett.ac.uk,1,0,1,0,0
eprints.mdx.ac.uk,2,0,2,0,0
eprints.qut.edu.au,1,0,0,1,0
eprints.soton.ac.uk,3,0,3,0,0
eprints.sunway.edu.my,2,0,2,0,0
eprints.ucl.ac.uk.OAI2,6,3,1,2,0
eprints.utas.edu.au,8,0,8,0,0
eprints.uwe.ac.uk,1,0,0,1,0
eprints.vu.edu.au,3,0,3,0,0
eprints.whiterose.ac.uk,5,1,4,0,0
epubs.surrey.ac.uk,1,0,1,0,0
erudit.org,1,1,0,0,0
escholarship.org,4,4,0,0,0
europepmc.org,111,110,1,0,0
figshare.com,7,2,0,5,0
flore.unifi.it,1,1,0,0,0
frl.publisso.de,1,1,0,0,0
gesis.izsoz.de,3,3,0,0,0
gfzpublic.gfz-potsdam.de,1,1,0,0,0
hau.collections.crest.ac.uk,1,0,0,1,0
helda.helsinki.fi,5,4,1,0,0
hindawi.com,3,3,0,0,0
hss-opus.ub.ruhr-uni-bochum.de,1,1,0,0,0
http,2,0,2,0,0
hull-repository.worktribe.com,2,2,0,0,0
imis.nioz.nl,1,1,0,0,0
infoscience.epfl.ch,1,0,0,1,0
ir.canterbury.ac.nz,2,0,0,2,0
irep.ntu.ac.uk,1,0,1,0,0
iris.unige.it,2,2,0,0,0
iris.unipa.it,1,0,0,1,0
iris.uniroma1.it,3,2,0,1,0
iris.unitn.it,1,1,0,0,0
iris.unito.it,2,1,0,1,0
jupiter.its.unimelb.edu.au,14,10,0,4,0
libtstbura1.brunel.ac.uk,1,1,0,0,0
lirias2repo.kuleuven.be,4,3,0,1,0
mdpi.com,3,2,0,1,0
mediatum.ub.tum.de,2,2,0,0,0
mro.massey.ac.nz,1,0,1,0,0
munin.uit.no,3,3,0,0,0
napier-surface.worktribe.com,1,1,0,0,0
nhm.openrepository.com,1,1,0,0,0
nibio.brage.unit.no,1,1,0,0,0
nora.nerc.ac.uk,4,0,4,0,0
nottingham-repository.worktribe.com,2,2,0,0,0
nrl.northumbria.ac.uk,4,0,4,0,0
oa.upm.es,1,0,1,0,0
oai.bibliothek.uni-kassel.de,1,1,0,0,0
oceanrep.geomar.de,1,0,1,0,0
ojs.datascience.codata.org,1,1,0,0,0
openaccess.city.ac.uk,1,0,1,0,0
openarchive.usn.no,1,0,0,1,0
openrepository.aut.ac.nz,8,7,0,1,0
openresearch-repository.anu.edu.au,3,1,0,2,0
opinvisindi.is,1,1,0,0,0
opus.lib.uts.edu.au,5,5,0,0,0
opus.uni-hohenheim.de,1,0,0,1,0
ora.ox.ac.uk,4,1,0,3,0
ore.exeter.ac.uk,3,0,3,0,0
oro.open.ac.uk,3,0,3,0,0
osti.gov,4,1,0,3,0
ourarchive.otago.ac.nz,1,0,1,0,0
pearl.plymouth.ac.uk,2,1,0,1,0
philpapers.org,2,0,0,2,0
psasir.upm.edu.my,1,0,1,0,0
pub.epsilon.slu.se,1,1,0,0,0
publications.aston.ac.uk,1,0,1,0,0
publikationen.sulb.uni-saarland.de,1,1,0,0,0
pure.atira.dk,13,5,1,7,0
pure.ed.ac.uk,6,4,0,2,0
pure.mpg.de,3,2,0,1,0
pure.qub.ac.uk,12,11,0,1,0
pure.rug.nl,3,3,0,0,0
re.public.polimi.it,1,1,0,0,0
real.mtak.hu,3,0,3,0,0
refubium.fu-berlin.de,1,1,0,0,0
repositori.udl.cat,1,1,0,0,0
repositorio-aberto.up.pt,2,2,0,0,0
repositorio.ual.es,1,1,0,0,0
repositorio.ul.pt,2,1,0,1,0
repositorio.unican.es,1,1,0,0,0
repositorium.sdum.uminho.pt,2,2,0,0,0
repository.arizona.edu,2,2,0,0,0
repository.bilkent.edu.tr,1,1,0,0,0
repository.cardiffmet.ac.uk,1,0,1,0,0
repository.essex.ac.uk,2,0,2,0,0
repository.kaust.edu.sa,5,4,0,1,0
repository.rothamsted.ac.uk,1,1,0,0,0
repository.up.ac.za,1,0,0,1,0
repository.uwc.ac.za,1,0,0,1,0
research-information.bris.ac.uk,3,2,0,1,0
research-repository.griffith.edu.au,11,9,2,0,0
research-repository.st-andrews.ac.uk,3,1,2,0,0
research.bangor.ac.uk,2,1,0,1,0
research.vu.nl,2,1,0,1,0
researcharchive.lincoln.ac.nz,2,1,0,1,0
researcharchive.wintec.ac.nz,7,0,5,2,0
researchbank.ac.nz,1,1,0,0,0
researchcommons.waikato.ac.nz,318,149,108,61,0
researchonline.jcu.edu.au,14,0,14,0,0
researchonline.ljmu.ac.uk,1,0,1,0,0
researchportal.port.ac.uk,1,0,0,1,0
researchrepository.murdoch.edu.au,2,2,0,0,0
ri.conicet.gov.ar,1,1,0,0,0
riunet.upv.es,1,1,0,0,0
rke.abertay.ac.uk,1,0,1,0,0
ro.ecu.edu.au,2,0,0,2,0
ro.uow.edu.au,2,2,0,0,0
rodin.uca.es,1,1,0,0,0
sapientia.ualg.pt,1,1,0,0,0
scholarlypublications.universiteitleiden.nl,1,0,0,1,0
scholarworks.gsu.edu,1,1,0,0,0
scholarworks.iu.edu,1,1,0,0,0
scholarworks.umass.edu,1,0,0,1,0
scholarworks.uvm.edu,1,1,0,0,0
scielo,1,1,0,0,0
sdu.dk,3,1,1,1,0
semanticscholar.org,33,0,0,33,0
serval.unil.ch,2,2,0,0,0
share.osf.io,2,0,0,2,0
shura.shu.ac.uk,1,0,1,0,0
sro.sussex.ac.uk,2,0,2,0,0
strathprints.strath.ac.uk,2,0,2,0,0
sure.sunderland.ac.uk,1,0,1,0,0
tore.tuhh.de,3,3,0,0,0
ueaeprints.uea.ac.uk,1,0,1,0,0
uhdspace.uhasselt.be,1,1,0,0,0
ulir.ul.ie,1,1,0,0,0
uni-augsburg.opus-bayern.de,1,1,0,0,0
unige.ch,2,2,0,0,0
unipub.uni-graz.at,1,1,0,0,0
unsworks.library.unsw.edu.au,1,1,0,0,0
upcommons.upc.edu,1,0,1,0,0
urm_publish,3,0,3,0,0
usiena-air.unisi.it,1,0,0,1,0
v-lib-bura1.brunel.ac.uk,2,2,0,0,0
vtechworks.lib.vt.edu,2,2,0,0,0
wlv.openrepository.com,1,0,0,1,0
wrap.warwick.ac.uk,1,0,1,0,0
www.duo.uio.no,6,5,1,0,0
www.lenus.ie,1,1,0,0,0
www.repository.cam.ac.uk,3,1,0,2,0
www.research-collection.ethz.ch,4,3,1,0,0
www.zora.uzh.ch,5,0,5,0,0
zenodo.org,2,1,0,1,0
