WoS Subject,closed,gold,diamond,bronze,green,hybrid,Total,% Open,Closed/AAM embargoed,Closed/AAM immediate,Potential % open
Acoustics,6,0,0,0,0,1,7,14,5,0,85
Agriculture,5,0,0,0,1,0,6,16,5,0,100
Anatomy & Morphology,1,0,0,0,0,0,1,0,1,0,100
Anesthesiology,4,0,0,1,0,0,5,20,3,0,80
Anthropology,2,0,0,0,0,0,2,0,0,0,0
Architecture,4,0,1,0,0,0,5,20,4,0,100
Area Studies,2,1,0,0,0,0,3,33,1,1,100
Art,3,0,0,1,0,0,4,25,3,0,100
Arts & Humanities - Other Topics,5,0,0,0,1,0,6,16,3,0,66
Asian Studies,1,0,0,0,0,0,1,0,1,0,100
Astronomy & Astrophysics,2,0,0,6,23,1,32,93,2,0,100
Audiology & Speech-Language Pathology,4,0,0,0,1,1,6,33,3,0,83
Automation & Control Systems,9,0,0,0,0,2,11,18,1,6,81
Behavioral Sciences,5,0,0,0,1,0,6,16,4,1,100
Biochemistry & Molecular Biology,7,7,0,0,2,2,18,61,6,0,94
Biodiversity & Conservation,7,2,0,0,0,0,9,22,7,0,100
Biomedical Social Sciences,3,1,0,0,0,2,6,50,1,2,100
Biophysics,4,0,0,1,4,0,9,55,4,0,100
Biotechnology & Applied Microbiology,2,1,0,0,1,0,4,50,2,0,100
Business & Economics,205,5,1,8,41,1,261,21,124,73,96
Cardiovascular System & Cardiology,8,2,0,3,3,0,16,50,3,3,87
Cell Biology,0,0,0,1,0,1,2,100,0,0,100
Chemistry,19,33,0,0,1,2,55,65,14,0,90
Communication,18,2,1,2,0,0,23,21,11,6,95
Computer Science,114,37,1,4,18,3,177,35,65,14,80
Construction & Building Technology,15,2,0,0,0,0,17,11,12,2,94
Criminology & Penology,8,0,0,1,2,1,12,33,2,6,100
Crystallography,2,0,0,0,0,0,2,0,2,0,100
Cultural Studies,1,0,0,0,0,0,1,0,1,0,100
Dance,1,0,0,0,0,0,1,0,1,0,100
Demography,2,0,0,0,0,0,2,0,2,0,100
"Dentistry, Oral Surgery & Medicine",1,0,0,0,0,0,1,0,1,0,100
Dermatology,0,0,0,0,1,0,1,100,0,0,100
Development Studies,3,0,0,0,0,0,3,0,3,0,100
Education & Educational Research,62,5,3,7,5,2,84,26,52,9,98
Emergency Medicine,2,0,0,0,0,4,6,66,1,1,100
Endocrinology & Metabolism,5,0,0,0,0,0,5,0,3,0,60
Energy & Fuels,19,6,0,1,1,0,27,29,15,1,88
Engineering,149,72,1,12,25,2,261,42,97,41,95
Entomology,1,0,0,0,0,0,1,0,1,0,100
Environmental Sciences & Ecology,45,38,0,2,9,1,95,52,40,4,98
Ethnic Studies,7,0,0,0,0,0,7,0,3,2,71
Evolutionary Biology,1,1,0,1,2,1,6,83,0,1,100
Family Studies,7,0,0,0,0,1,8,12,3,4,100
Fisheries,23,0,0,1,0,1,25,8,23,0,100
Food Science & Technology,18,12,0,0,1,0,31,41,18,0,100
Forestry,4,2,0,0,1,0,7,42,4,0,100
Gastroenterology & Hepatology,0,0,0,1,0,0,1,100,0,0,100
General & Internal Medicine,11,20,5,0,3,9,48,77,8,2,97
Genetics & Heredity,0,0,0,0,0,1,1,100,0,0,100
Geography,8,0,0,2,0,0,10,20,8,0,100
Geology,6,1,0,0,1,0,8,25,6,0,100
Geriatrics & Gerontology,8,3,0,1,2,4,18,55,6,1,94
Government & Law,10,0,0,1,3,3,17,41,10,0,100
Health Care Sciences & Services,16,14,0,2,3,3,38,57,12,3,97
Hematology,1,0,0,1,0,0,2,50,1,0,100
History,0,0,0,0,1,0,1,100,0,0,100
Imaging Science & Photographic Technology,6,0,0,0,0,0,6,0,3,0,50
Immunology,10,1,1,0,0,0,12,16,10,0,100
Infectious Diseases,1,0,0,0,0,0,1,0,1,0,100
Information Science & Library Science,10,0,1,4,1,1,17,41,4,6,100
Instruments & Instrumentation,11,27,0,0,1,0,39,71,4,7,100
Integrative & Complementary Medicine,4,0,0,0,0,0,4,0,3,0,75
International Relations,2,0,0,0,0,0,2,0,2,0,100
Legal Medicine,1,0,0,0,0,1,2,50,1,0,100
Life Sciences & Biomedicine - Other Topics,2,1,0,1,0,0,4,50,2,0,100
Linguistics,12,0,0,0,1,1,14,14,9,2,92
Marine & Freshwater Biology,25,3,0,1,1,2,32,21,24,0,96
Materials Science,22,4,1,1,3,0,31,29,21,0,96
Mathematical & Computational Biology,5,1,0,0,0,1,7,28,3,0,71
Mathematical Methods In Social Sciences,2,0,0,1,5,0,8,75,2,0,100
Mathematics,6,4,0,1,3,0,14,57,6,0,100
Mechanics,2,0,0,1,0,0,3,33,2,0,100
Medical Informatics,8,7,0,1,1,1,18,55,7,0,94
Medical Laboratory Technology,1,0,0,0,0,0,1,0,0,0,0
Metallurgy & Metallurgical Engineering,6,0,1,0,0,0,7,14,6,0,100
Meteorology & Atmospheric Sciences,6,1,0,0,1,1,9,33,5,0,88
Microbiology,6,6,0,1,1,1,15,60,5,0,93
Microscopy,0,0,0,1,0,1,2,100,0,0,100
Mineralogy,3,0,0,0,0,0,3,0,3,0,100
Mining & Mineral Processing,4,0,0,0,0,0,4,0,4,0,100
Music,1,0,0,0,0,0,1,0,1,0,100
Neurosciences & Neurology,43,20,0,12,11,18,104,58,35,5,97
Nuclear Science & Technology,4,0,0,0,0,0,4,0,4,0,100
Nursing,37,2,0,12,9,2,62,40,29,5,95
Nutrition & Dietetics,14,13,0,1,4,1,33,57,5,5,87
Obstetrics & Gynecology,10,0,0,0,3,1,14,28,9,1,100
Oceanography,8,0,0,0,0,0,8,0,8,0,100
Oncology,2,3,0,0,1,3,9,77,2,0,100
Operations Research & Management Science,9,0,0,0,2,0,11,18,9,0,100
Ophthalmology,1,0,0,0,0,0,1,0,0,0,0
Optics,7,2,0,0,0,0,9,22,6,0,88
Orthopedics,11,14,2,2,2,3,34,67,6,0,85
Otorhinolaryngology,3,0,0,0,0,0,3,0,2,0,66
Pediatrics,8,1,0,1,1,0,11,27,4,3,90
Pharmacology & Pharmacy,4,6,0,2,2,1,15,73,3,1,100
Philosophy,1,0,0,0,0,0,1,0,1,0,100
Physical Geography,1,0,0,0,0,0,1,0,1,0,100
Physics,11,12,0,1,2,1,27,59,5,6,100
Physiology,30,14,0,5,6,2,57,47,13,16,98
Plant Sciences,9,0,0,2,2,2,15,40,7,1,93
Polymer Science,5,0,0,0,1,0,6,16,4,0,83
Psychiatry,27,8,0,6,4,4,49,44,22,3,95
Psychology,79,8,1,3,15,4,110,28,52,27,100
Public Administration,8,0,0,0,1,1,10,20,8,0,100
"Public, Environmental & Occupational Health",32,27,2,3,7,8,79,59,22,9,98
"Radiology, Nuclear Medicine & Medical Imaging",8,0,0,0,0,0,8,0,4,0,50
Rehabilitation,51,3,2,9,11,13,89,42,38,7,93
Religion,0,2,0,0,0,0,2,100,0,0,100
Remote Sensing,1,1,0,0,0,0,2,50,1,0,100
Reproductive Biology,1,0,0,0,0,0,1,0,1,0,100
Research & Experimental Medicine,3,4,0,0,0,1,8,62,3,0,100
Respiratory System,4,4,0,0,0,0,8,50,2,0,75
Rheumatology,3,4,0,3,1,0,11,72,3,0,100
Robotics,5,2,0,0,2,0,9,44,3,0,77
Science & Technology - Other Topics,23,51,0,4,4,0,82,71,19,2,97
Social Issues,1,0,0,0,0,0,1,0,1,0,100
Social Sciences - Other Topics,108,5,3,8,17,4,145,25,62,38,94
Social Work,3,0,0,1,0,0,4,25,2,1,100
Sociology,16,0,0,1,1,0,18,11,6,9,94
Sport Sciences,162,46,1,13,35,9,266,39,95,26,84
Substance Abuse,11,1,0,3,0,1,16,31,10,1,100
Surgery,6,0,0,2,0,2,10,40,5,0,90
Telecommunications,23,26,0,2,3,0,54,57,9,13,98
Theater,6,0,0,0,0,0,6,0,3,3,100
Thermodynamics,1,0,0,0,1,0,2,50,0,1,100
Toxicology,1,0,0,0,1,0,2,50,1,0,100
Transportation,12,0,0,1,3,4,20,40,5,7,100
Urban Studies,5,0,0,0,0,0,5,0,3,2,100
Urology & Nephrology,2,0,0,0,0,0,2,0,2,0,100
Veterinary Sciences,7,0,0,0,0,0,7,0,7,0,100
Virology,1,0,0,1,0,0,2,50,1,0,100
Water Resources,7,0,0,1,1,0,9,22,7,0,100
Women's Studies,9,0,0,0,0,0,9,100,0,0,100
Zoology,8,0,0,0,1,0,9,11,7,1,100
