"DOI","Error"
"10.1177/1177180120974673","Line did not execute"
"10.1039/d0dt02985h","Line did not execute"
"10.36951/27034542.2020.011","Line did not execute"
"10.1186/s12877-020-01740-3","Line did not execute"
"10.1093/intqhc/mzaa084","Line did not execute"
"10.3390/ijms21186511","Line did not execute"
"10.1051/0004-6361/202038236","Line did not execute"
"10.1080/10714413.2020.1773177","Line did not execute"
"10.1016/j.nedt.2020.104477","Line did not execute"
"10.1080/1177083X.2020.1747503","Line did not execute"
"10.1080/1177083X.2020.1741405","Line did not execute"
"10.1080/1177083X.2020.1746364","Line did not execute"
"10.3233/SHTI200336","DOI not in crossref"
"10.3389/fphar.2020.00831","Line did not execute"
"10.17705/1CAIS.04629","Invalid DOI"
"10.1177/1177180120919166","Line did not execute"
"10.3390/foods9060769","Line did not execute"
"10.1007/s10734-019-00425-0","Line did not execute"
"10.3964/j.issn.1000-0593(2020)04-1056-07","Invalid DOI"
"10.1177/0018726719893753","Line did not execute"
"10.3390/antiox9040316","Line did not execute"
"10.1177/1177180119885663","Line did not execute"
"10.32859/era.19.08.1-29","Invalid DOI"
"10.1186/s12888-020-2468-x","Line did not execute"
"10.1186/s12877-020-1420-8","Line did not execute"
"10.1080/1177083X.2020.1737149","Line did not execute"
"10.1080/03036758.2020.1779757","Line did not execute"
"10.15619/NZJP/48.1.02","Invalid DOI"
"10.3303/CET2081013","DOI not in crossref"
"10.4134/JKMS.j190616","DOI not in crossref"
"10.30844/wi_2020_q5","Invalid DOI"
"10.15619/NZJP/48.1.04","Invalid DOI"
"10.15619/NZJP/48.1.03","Invalid DOI"
"10.17159/caj/2020/30/1.8023","Invalid DOI"
"10.25692/ACEN.2020.3.1","DOI not in crossref"
"10.1017/S1323358020000193","Invalid DOI"
"10.24247/ijmperddec201989","Invalid DOI"
"10.1111/1467-9809.12632","Line did not execute"
"10.1111/1467-9809.12602","Line did not execute"
"10.1007/s10551-018-3869-3","Line did not execute"
"10.1111/inm.12637","Line did not execute"
"10.1080/03036758.2019.1656260","Line did not execute"
"10.1080/03036758.2019.1668814","Line did not execute"
"10.1093/arclin/acy110","Line did not execute"
"10.1108/MIP-10-2018-0434","Invalid DOI"
"10.1016/j.mencom.2019.09.034","Line did not execute"
"10.3233/SHTI190374","DOI not in crossref"
"10.3233/SHTI190628","DOI not in crossref"
"10.3233/SHTI190767","DOI not in crossref"
"10.1080/00131857.2017.1339339","Line did not execute"
"10.1071/HC18079","Line did not execute"
"10.1002/ppi.1498","Line did not execute"
"10.1162/dram-a-00851","Invalid DOI"
"10.37200/IJPR/V23I2/PR190342","Invalid DOI"
"10.1007/978-981-10-5251-4_31","Line did not execute"
"10.1080/1177083X.2018.1561477","Line did not execute"
"10.18296/cm.0036","Line did not execute"
"10.1007/9789811313790","Invalid DOI"
"10.34190/ECIE.19.263","Invalid DOI"
"10.34190/ECIE.19.086","Invalid DOI"
"10.1080/09585192.2019.1651377","Line did not execute"
"10.1017/stc.2018.8","Line did not execute"
"10.20507/MAIJournal.2019.8.1.6","Line did not execute"
"10.3303/CET1976148","DOI not in crossref"
"10.3233/SHTI190117","DOI not in crossref"
"10.14742/ajet.3974","Invalid DOI"
"10.4324/9781315445489_12","Invalid DOI"
"10.3233/978-1-61499-975-1-122","DOI not in crossref"
"10.3233/978-1-61499-975-1-91","DOI not in crossref"
"10.1080/1177083X.2019.1603165","Line did not execute"
"10.4337/9781788972321.00017","Line did not execute"
"10.1080/09581596.2019.1686461","Line did not execute"
"10.3233/978-1-61499-975-1-143","DOI not in crossref"
"10.3390/su10023443","Invalid DOI"
"10.1080/1177083X.2019.1621909","Line did not execute"
"10.20417/nzjecol.43.30","Line did not execute"
"10.1111/ecc.13380","Line did not execute"
"10.1007/s40841-020-00182-0","Line did not execute"
"1.79769313486232E+308","Invalid DOI"
"10.1007/s40841-020-00161-5","Line did not execute"
"10.13128/smp-12654","DOI not in crossref"
"10.3917/jie.031.0011","Invalid DOI"
"10.20473/mkp.V32132019.303-311","Invalid DOI"
"10.1136/annrheumdis-2019-eular.3146","Invalid DOI"
"10.3233/SHT1190628","Invalid DOI"
"10.13169/statecrime.8.2.0274","Invalid DOI"
