Repository,Items,Published Version,Accepted Version,Submitted Version,Null
DiVA.org,15,13,0,2,0
EVASTAR-Karlsruhe.de,1,1,0,0,0
HAL,12,4,0,8,0
RePEc,8,1,0,7,0
aaltodoc.aalto.fi,2,2,0,0,0
academica-e.unavarra.es,1,1,0,0,0
academicworks.cuny.edu,1,1,0,0,0
accedacris.ulpgc.es,1,0,0,1,0
ageconsearch.umn.edu,1,0,0,1,0
air.unimi.it,4,4,0,0,0
animalstudiesrepository.org,1,0,0,1,0
arXiv.org,58,0,0,58,0
aran.library.nuigalway.ie,1,0,0,1,0
archive.ugent.be,4,4,0,0,0
arro.anglia.ac.uk,2,0,2,0,0
aura.abdn.ac.uk,1,1,0,0,0
aut.researchgateway.ac.nz,7,0,0,7,0
authors.library.caltech.edu,9,0,9,0,0
bib-pubdb1.desy.de,2,2,0,0,0
boa.unimib.it,3,2,0,1,0
boris.unibe.ch,4,4,0,0,0
brage.bibsys.no,1,1,0,0,0
bura.brunel.ac.uk,1,1,0,0,0
cdm21054.contentdm.oclc.org,1,1,0,0,0
centaur.reading.ac.uk,2,0,2,0,0
circle.library.ubc.ca,1,1,0,0,0
clok.uclan.ac.uk,5,0,5,0,0
comum.rcaap.pt,2,2,0,0,0
cris.unibo.it,1,1,0,0,0
cronfa.swan.ac.uk,2,1,1,0,0
d-scholarship.pitt.edu,1,0,1,0,0
dare.uva.nl,6,1,0,5,0
ddd.uab.cat,1,0,0,1,0
ddfv.ufv.es,1,1,0,0,0
depositonce.tu-berlin.de,1,1,0,0,0
digibug.ugr.es,1,0,0,1,0
digital.library.adelaide.edu.au,5,5,0,0,0
digitalcommons.kennesaw.edu,1,0,0,1,0
digitalcommons.usu.edu,1,0,0,1,0
diposit.ub.edu,5,3,1,1,0
discovery.dundee.ac.uk,2,1,0,1,0
doab-books,1,1,0,0,0
dora.dmu.ac.uk,1,0,0,1,0
dro.deakin.edu.au,3,3,0,0,0
dro.dur.ac.uk.OAI2,2,0,2,0,0
dspace.lboro.ac.uk,1,0,1,0,0
dspace.lib.cranfield.ac.uk,3,0,0,3,0
dspace.nwu.ac.za,1,1,0,0,0
dspace.stir.ac.uk,2,2,0,0,0
dspace.vutbr.cz,2,2,0,0,0
e-space.mmu.ac.uk,1,0,1,0,0
ecommons.aku.edu,3,2,0,1,0
econstor.eu,2,1,0,1,0
edpsciences.org,2,1,0,1,0
elib.dlr.de,1,0,1,0,0
eprint.ncl.ac.uk,7,7,0,0,0
eprints.bournemouth.ac.uk,4,0,4,0,0
eprints.gla.ac.uk,6,0,6,0,0
eprints.glos.ac.uk,3,0,3,0,0
eprints.gold.ac.uk,1,0,1,0,0
eprints.keele.ac.uk,3,0,3,0,0
eprints.kingston.ac.uk,1,0,1,0,0
eprints.lancs.ac.uk,1,0,1,0,0
eprints.leedsbeckett.ac.uk,5,0,5,0,0
eprints.lincoln.ac.uk,7,0,7,0,0
eprints.lse.ac.uk,1,0,1,0,0
eprints.mdx.ac.uk,2,0,2,0,0
eprints.qut.edu.au,8,7,0,1,0
eprints.soton.ac.uk,3,0,3,0,0
eprints.ucl.ac.uk.OAI2,7,7,0,0,0
eprints.ums.edu.my,1,0,1,0,0
eprints.usq.edu.au,2,0,2,0,0
eprints.utas.edu.au,5,0,5,0,0
eprints.uwe.ac.uk,1,0,0,1,0
eprints.vu.edu.au,3,0,3,0,0
eprints.whiterose.ac.uk,12,6,6,0,0
epub.ub.uni-muenchen.de,1,1,0,0,0
epubs.surrey.ac.uk,3,2,1,0,0
espace.curtin.edu.au,5,2,0,3,0
europepmc.org,254,252,2,0,0
exeley.com,2,2,0,0,0
figshare.com,6,2,0,4,0
flore.unifi.it,2,2,0,0,0
frl.publisso.de,2,2,0,0,0
gala.gre.ac.uk,4,0,4,0,0
generic.eprints.org,1,1,0,0,0
glyndwr.collections.crest.ac.uk,1,0,1,0,0
helda.helsinki.fi,16,15,1,0,0
hesso.tind.io,1,0,0,1,0
hindawi.com,13,13,0,0,0
https,34,18,4,12,0
hull-repository.worktribe.com,4,4,0,0,0
hvlopen.brage.unit.no,1,1,0,0,0
hzi.openrepository.com,2,2,0,0,0
ink.library.smu.edu.sg,5,1,3,1,0
ir.canterbury.ac.nz,3,1,0,2,0
ira.lib.polyu.edu.hk,1,1,0,0,0
irep.ntu.ac.uk,8,0,8,0,0
iris.uniroma1.it,4,3,0,1,0
iris.unitn.it,1,1,0,0,0
jupiter.its.unimelb.edu.au,29,23,0,6,0
jyx.jyu.fi,3,3,0,0,0
kar.kent.ac.uk,1,0,1,0,0
kobv.de-opus4-uni-potsdam,4,4,0,0,0
library.wur.nl,2,1,0,1,0
lirias2repo.kuleuven.be,6,4,1,1,0
localhost,3,1,2,0,0
macau.uni-kiel.de,1,1,0,0,0
mdpi.com,6,6,0,0,0
mdsoar.org,1,0,0,1,0
mediatum.ub.tum.de,2,2,0,0,0
mro.massey.ac.nz,2,1,1,0,0
munin.uit.no,1,1,0,0,0
napier-surface.worktribe.com,1,0,0,1,0
nih.brage.unit.no,1,1,0,0,0
nordopen.nord.no,4,3,0,1,0
nottingham-repository.worktribe.com,4,0,2,2,0
nrl.northumbria.ac.uk,8,0,8,0,0
ntnuopen.ntnu.no,2,2,0,0,0
oceanrep.geomar.de,1,0,1,0,0
oda.hioa.no,3,3,0,0,0
ojs.journals.hioa.no,1,1,0,0,0
open.metu.edu.tr,1,1,0,0,0
openaccess.city.ac.uk,3,0,3,0,0
openrepository.aut.ac.nz,251,167,2,82,0
openresearch-repository.anu.edu.au,2,1,0,1,0
openresearch.lsbu.ac.uk,5,0,5,0,0
opinvisindi.is,3,3,0,0,0
opus.lib.uts.edu.au,13,7,1,5,0
opus.reutlingen-university.de,1,0,0,1,0
ora.ox.ac.uk,9,6,0,3,0
orbi.ulg.ac.be,2,2,0,0,0
ore.exeter.ac.uk,1,0,1,0,0
oro.open.ac.uk,3,0,3,0,0
osti.gov,2,0,0,2,0
oulu.fi,2,2,0,0,0
ourarchive.otago.ac.nz,1,0,0,1,0
pearl.plymouth.ac.uk,4,2,0,2,0
pure.atira.dk,63,29,6,28,0
pure.ed.ac.uk,8,6,0,2,0
pure.iiasa.ac.at,1,0,1,0,0
pure.mpg.de,2,0,0,2,0
pure.qub.ac.uk,1,1,0,0,0
pure.rug.nl,4,4,0,0,0
re.public.polimi.it,1,0,0,1,0
real.mtak.hu,1,0,1,0,0
repositorio-aberto.up.pt,1,1,0,0,0
repositorio.cuc.edu.co,4,3,0,1,0
repositorio.ual.es,1,1,0,0,0
repositorio.ucp.pt,1,1,0,0,0
repository.bilkent.edu.tr,1,1,0,0,0
repository.cardiffmet.ac.uk,16,2,14,0,0
repository.essex.ac.uk,8,0,8,0,0
repository.kaust.edu.sa,1,0,0,1,0
repository.nwu.ac.za,2,2,0,0,0
repository.uel.ac.uk,3,2,0,1,0
repository.uwc.ac.za,2,1,0,1,0
repozitorij.ffzg.unizg.hr,2,2,0,0,0
repub.eur.nl,3,3,0,0,0
research-information.bris.ac.uk,4,4,0,0,0
research-repository.griffith.edu.au,16,15,0,1,0
research-repository.st-andrews.ac.uk,5,2,3,0,0
research.chalmers.se,2,2,0,0,0
research.stmarys.ac.uk,2,0,2,0,0
research.vu.nl,4,3,0,1,0
researcharchive.lincoln.ac.nz,1,0,0,1,0
researcharchive.wintec.ac.nz,2,0,2,0,0
researchbank.ac.nz,4,2,0,0,0
researchbank.acu.edu.au,8,5,1,2,0
researchcommons.waikato.ac.nz,12,4,6,2,0
researchonline.gcu.ac.uk,1,0,1,0,0
researchonline.jcu.edu.au,5,0,5,0,0
researchonline.lshtm.ac.uk,9,6,3,0,0
researchrepository.murdoch.edu.au,2,2,0,0,0
rgu-repository.worktribe.com,6,2,2,2,0
ricerca.uniba.it,2,2,0,0,0
riunet.upv.es,2,2,0,0,0
ro.ecu.edu.au,5,4,1,0,0
ro.uow.edu.au,2,1,0,1,0
roderic.uv.es,2,2,0,0,0
sam.ensam.eu,1,0,0,1,0
sapientia.ualg.pt,1,0,0,1,0
scholarlypublications.universiteitleiden.nl,2,1,0,1,0
scholarshare.temple.edu,1,1,0,0,0
sdu.dk,7,7,0,0,0
semanticscholar.org,58,0,0,58,0
serval.unil.ch,1,1,0,0,0
share.osf.io,3,0,0,3,0
shura.shu.ac.uk,12,0,12,0,0
spiral.imperial.ac.uk,16,14,0,2,0
sro.sussex.ac.uk,4,0,4,0,0
strathprints.strath.ac.uk,5,0,4,1,0
trepo.tuni.fi,2,2,0,0,0
ueaeprints.uea.ac.uk,4,0,4,0,0
uhra.herts.ac.uk,2,2,0,0,0
ulir.ul.ie,3,3,0,0,0
unitec.researchbank.ac.nz,2,2,0,0,0
upcommons.upc.edu,1,0,0,1,0
urm_publish,7,0,7,0,0
usir.salford.ac.uk,1,1,0,0,0
v-lib-bura1.brunel.ac.uk,1,1,0,0,0
vtechworks.lib.vt.edu,1,0,0,1,0
westminsterresearch.westminster.ac.uk,2,0,2,0,0
wrap.eprints.org,1,0,1,0,0
wrap.warwick.ac.uk,5,5,0,0,0
www.duo.uio.no,6,5,0,1,0
www.lume.ufrgs.br,1,1,0,0,0
www.repository.cam.ac.uk,7,7,0,0,0
www.research-collection.ethz.ch,1,1,0,0,0
www.research.unipd.it,1,1,0,0,0
www.wellbeingintlstudiesrepository.org,1,0,0,1,0
www.zora.uzh.ch,3,0,3,0,0
