Department,Total,closed,gold,diamond,bronze,green,hybrid,Journal articles,Open,% Open,Closed/AAM embargoed,Closed/AAM immediate,Potential % open
"College of Health Sciences, Massey University",8,0,8,0,0,0,0,8,8,100%,0,0,100%
"College of Health, Massey University",8,0,8,0,0,0,0,8,8,100%,0,0,100%
"Health informatics and Knowledge Engineering Research Group (HiKER), New Zealand, Massey University",8,0,8,0,0,0,0,8,8,100%,0,0,100%
"Massey Univ New Zealand, Coll Hlth",8,0,8,0,0,0,0,8,8,100%,0,0,100%
"Massey Univ, Auckland",8,0,8,0,0,0,0,8,8,100%,0,0,100%
"Massey Univ, Auckland Campus",8,0,8,0,0,0,0,8,8,100%,0,0,100%
"Massey Univ, Coll Hlth Sci",8,0,8,0,0,0,0,8,8,100%,0,0,100%
"Massey Univ, Int Media Psychol Lab",8,0,0,0,8,0,0,8,8,100%,0,0,100%
"Massey Univ, New Zealand Inst Adv Study",8,0,0,0,8,0,0,8,8,100%,0,0,100%
"Massey Univ, Palmerston North",32,0,32,0,0,0,0,32,32,100%,0,0,100%
"Massey Univ, SHORE & Whariki Res Ctr",8,0,8,0,0,0,0,8,8,100%,0,0,100%
"Massey Univ, Sch Accountancy",8,0,8,0,0,0,0,8,8,100%,0,0,100%
"Massey Univ, Sch Hlth & Social Serv",8,0,8,0,0,0,0,8,8,100%,0,0,100%
"Massey Univ, Sch Psychol",8,0,0,0,8,0,0,8,8,100%,0,0,100%
"Massey Univ, Sch Social Work",16,0,16,0,0,0,0,16,16,100%,0,0,100%
Massey University,56,0,56,0,0,0,0,56,56,100%,0,0,100%
"New Zealand Institute for Advanced Study, Massey University",8,0,0,0,8,0,0,8,8,100%,0,0,100%
"SHORE Whāriki Research Centre, Massey University",8,0,8,0,0,0,0,8,8,100%,0,0,100%
"School of Accountancy, Massey University",8,0,8,0,0,0,0,8,8,100%,0,0,100%
"School of Social Work, Massey University",16,0,16,0,0,0,0,16,16,100%,0,0,100%
"School of Veterinary Science, Massey University",8,0,8,0,0,0,0,8,8,100%,0,0,100%
