Funder,closed,gold,diamond,bronze,green,hybrid,Total,% Open,Closed/AAM embargoed,Closed/AAM immediate,Potential % open
18BYY227,0,8,0,0,0,0,8,100,0,0,100
"Agence Nationale de la Recherche, ANR",0,0,0,8,0,0,8,100,0,0,100
"Agence Nationale de la Recherche, ANR: ANR-15-IDEX-02",0,0,0,8,0,0,8,100,0,0,100
"Asian Development Bank, ADB",0,8,0,0,0,0,8,100,0,0,100
British Academy,0,8,0,0,0,0,8,100,0,0,100
"British Academy, UK",0,8,0,0,0,0,8,100,0,0,100
"Canadian International Development Agency, CIDA",0,8,0,0,0,0,8,100,0,0,100
"Consuelo Foundation, the Philippines",0,8,0,0,0,0,8,100,0,0,100
"Department of Health, Australian Government",0,8,0,0,0,0,8,100,0,0,100
EPSRC,0,8,0,0,0,0,8,100,0,0,100
Economic and Social Research Council (United Kingdom),0,0,0,8,0,0,8,100,0,0,100
"Economic and Social Research Council, ESRC",0,8,0,8,0,0,16,100,0,0,100
"Economic and Social Research Council, ESRC: ES/L01064X/1",0,0,0,8,0,0,8,100,0,0,100
"Economic and Social Research Council, ESRC: ES/M500409/1",0,8,0,0,0,0,8,100,0,0,100
"Engineering and Physical Sciences Research Council, EPSRC",0,8,0,0,0,0,8,100,0,0,100
"Engineering and Physical Sciences Research Council, EPSRC: EP/P009964/1",0,8,0,0,0,0,8,100,0,0,100
"European Commission, EC",0,8,0,0,0,0,8,100,0,0,100
Fondation Botnar,0,8,0,0,0,0,8,100,0,0,100
"Fondation Botnar, Switzerland",0,8,0,0,0,0,8,100,0,0,100
"Fondation Botnar: 6132, RG92422",0,8,0,0,0,0,8,100,0,0,100
French National Research Agency,0,0,0,8,0,0,8,100,0,0,100
"Inter-American Development Bank, IDB",0,8,0,0,0,0,8,100,0,0,100
Jacobs Foundation,0,8,0,0,0,0,8,100,0,0,100
"Jacobs Foundation, Switzerland",0,8,0,0,0,0,8,100,0,0,100
John Templeton Foundation,0,0,0,8,0,0,8,100,0,0,100
"John Templeton Foundation, JTF",0,0,0,8,0,0,8,100,0,0,100
Massey University,0,24,0,0,0,0,24,100,0,0,100
Massey University Postgraduate Research Fund,0,8,0,0,0,0,8,100,0,0,100
Ministeriet Sundhed Forebyggelse,0,8,0,0,0,0,8,100,0,0,100
"Ministry of Health, New Zealand",0,16,0,0,0,0,16,100,0,0,100
National Institute on Alcohol Abuse and Alcoholism,0,0,0,8,0,0,8,100,0,0,100
"National Institute on Alcohol Abuse and Alcoholism, NIAAA",0,0,0,8,0,0,8,100,0,0,100
"National Institute on Alcohol Abuse and Alcoholism, NIAAA: F31AA024358",0,0,0,8,0,0,8,100,0,0,100
National Social Science Foundation of China,0,8,0,0,0,0,8,100,0,0,100
"Nederlandse Organisatie voor Wetenschappelijk Onderzoek, NWO",0,0,0,8,0,0,8,100,0,0,100
"Nederlandse Organisatie voor Wetenschappelijk Onderzoek, NWO: 016.145.049",0,0,0,8,0,0,8,100,0,0,100
Netherlands Organization for Scientific Research (NWO),0,0,0,8,0,0,8,100,0,0,100
"Queensland University of Technology, Australia",0,8,0,0,0,0,8,100,0,0,100
"Queensland University of Technology, QUT",0,8,0,0,0,0,8,100,0,0,100
Social Sciences and Humanities Research Council of Canada,0,0,0,8,0,0,8,100,0,0,100
"Social Sciences and Humanities Research Council of Canada, SSHRC",0,0,0,8,0,0,8,100,0,0,100
"Social Sciences and Humanities Research Council of Canada, SSHRC: 149084",0,0,0,8,0,0,8,100,0,0,100
Templeton Religion Trust,0,0,0,16,0,0,16,100,0,0,100
Templeton World Charity Foundation,0,0,0,8,0,0,8,100,0,0,100
"Templeton World Charity Foundation, TWCF",0,0,0,8,0,0,8,100,0,0,100
"U.S. Department of Labor, DOL",0,8,0,0,0,0,8,100,0,0,100
UBS Optimus Foundation,0,8,0,0,0,0,8,100,0,0,100
"UBS Optimus Foundation, Switzerland",0,8,0,0,0,0,8,100,0,0,100
UK ESRC Impact Acceleration Fund,0,8,0,0,0,0,8,100,0,0,100
"United Nations Development Programme, UNDP",0,8,0,0,0,0,8,100,0,0,100
"United States Agency for International Development, USAID",0,8,0,0,0,0,8,100,0,0,100
"University of Cambridge School of Social Sciences Research Support Fund, UK",0,8,0,0,0,0,8,100,0,0,100
"World Bank Group, WBG",0,8,0,0,0,0,8,100,0,0,100
