Repository,Items,Published Version,Accepted Version,Submitted Version,Null
eprints.qut.edu.au,1,1,0,0,0
europepmc.org,3,3,0,0,0
https,1,1,0,0,0
jupiter.its.unimelb.edu.au,1,1,0,0,0
mro.massey.ac.nz,3,3,0,0,0
openrepository.aut.ac.nz,1,1,0,0,0
opus.lib.uts.edu.au,1,1,0,0,0
pure.ed.ac.uk,1,0,1,0,0
qmro.qmul.ac.uk,1,1,0,0,0
researcharchive.wintec.ac.nz,1,0,1,0,0
researchonline.jcu.edu.au,1,0,1,0,0
researchonline.ljmu.ac.uk,1,0,1,0,0
share.osf.io,1,0,0,1,0
www.repository.cam.ac.uk,1,1,0,0,0
