Repository,Items,Published Version,Accepted Version,Submitted Version,Null
CULeuclid,1,0,0,1,0
DiVA.org,62,53,0,9,0
EPrintsOUDIR.lib.okayama-u.ac.jp,1,1,0,0,0
EVASTAR-Karlsruhe.de,78,78,0,0,0
HAL,84,39,0,45,0
RePEc,30,13,0,17,0
aaltodoc.aalto.fi,5,3,1,1,0
aber.ac.uk,3,1,0,2,0
addi.ehu.es,1,1,0,0,0
ageconsearch.umn.edu,1,1,0,0,0
air.unimi.it,15,13,0,2,0
air.uniud.it,1,0,0,1,0
aisberg.unibg.it,188,151,0,37,0
alma.61RMIT_INST,1,1,0,0,0
apo-prod.ansto.gov.au,1,1,0,0,0
arXiv.org,447,0,3,444,0
archimer.ifremer.fr,10,8,0,2,0
archive.lstmed.ac.uk,7,0,7,0,0
archive.ugent.be,224,223,1,0,0
arpi.unipi.it,76,66,0,10,0
arro.anglia.ac.uk,4,0,4,0,0
arts.units.it,132,108,0,24,0
aura.abdn.ac.uk,18,14,2,2,0
aut.researchgateway.ac.nz,1,0,0,1,0
authors.library.caltech.edu,112,0,112,0,0
basepub.dauphine.psl.eu,1,0,0,1,0
bib-pubdb1.desy.de,135,135,0,0,0
bibliotecadigital.udea.edu.co,1,0,1,0,0
boa.unimib.it,56,40,0,16,0
bora.uib.no,4,1,3,0,0
boris.unibe.ch,14,13,1,0,0
bradscholars.brad.ac.uk,1,1,0,0,0
brage.bibsys.no,1,1,0,0,0
brage.inn.no,5,5,0,0,0
bura.brunel.ac.uk,15,14,0,1,0
cdm21054.contentdm.oclc.org,4,3,0,1,0
cds.cern.ch,205,162,0,43,0
centaur.reading.ac.uk,4,0,4,0,0
circle.library.ubc.ca,3,3,0,0,0
cisti-icist.nrc-cnrc.ca,1,0,0,1,0
clok.uclan.ac.uk,3,0,3,0,0
collections.unu.edu,1,1,0,0,0
comum.rcaap.pt,8,7,0,1,0
cris.unibo.it,100,88,0,12,0
cronfa.swan.ac.uk,13,7,6,0,0
darchive.mblwhoilibrary.org,5,4,0,1,0
dare.uva.nl,2,2,0,0,0
ddd.uab.cat,6,6,0,0,0
deepblue.lib.umich.edu,6,5,0,1,0
dialnet.unirioja.es,2,0,0,2,0
digibug.ugr.es,5,4,0,1,0
digibuo.uniovi.es,169,141,0,28,0
digital.csic.es,114,87,0,27,0
digital.library.adelaide.edu.au,29,21,0,8,0
digitalcommons.bucknell.edu,1,0,0,1,0
digitalcommons.calpoly.edu,2,1,0,1,0
digitalcommons.odu.edu,1,1,0,0,0
digitalcommons.unl.edu,1,1,0,0,0
digitalcommons.uri.edu,2,2,0,0,0
digitalcommons.usu.edu,4,1,0,3,0
digitalcommons.wustl.edu,1,1,0,0,0
digitalscholarship.unlv.edu,1,0,0,1,0
diposit.ub.edu,13,11,2,0,0
dipot.ulb.ac.be,201,160,0,41,0
discovery.dundee.ac.uk,10,7,0,3,0
doc.rero.ch,8,6,0,2,0
dora,206,162,40,0,0
dora.dmu.ac.uk,2,0,0,2,0
doras.dcu.ie,2,0,2,0,0
dovepress.com,2,2,0,0,0
dro.deakin.edu.au,6,6,0,0,0
dro.dur.ac.uk.OAI2,13,0,13,0,0
dsp.tecnalia.com,1,1,0,0,0
dspace.flinders.edu.au,6,1,5,0,0
dspace.lboro.ac.uk,1,0,0,1,0
dspace.lib.cranfield.ac.uk,2,0,0,2,0
dspace.library.uu.nl,3,3,0,0,0
dspace.library.uvic.ca,1,1,0,0,0
dspace.mit.edu,42,40,0,2,0
dspace.nwu.ac.za,2,1,0,1,0
dspace.stir.ac.uk,7,4,2,1,0
dspace.ucuenca.edu.ec,2,2,0,0,0
dugi-doc,2,2,0,0,0
dune.une.edu,1,1,0,0,0
e-space.mmu.ac.uk,8,0,8,0,0
earsiv.kmu.edu.tr,185,124,0,61,0
ecommons.aku.edu,3,3,0,0,0
ecommons.luc.edu,1,1,0,0,0
econstor.eu,6,2,0,4,0
edoc.mdc-berlin.de,1,0,1,0,0
edoc.unibas.ch,2,0,1,1,0
edpsciences.org,3,0,0,3,0
elib.bsu.by,1,0,0,1,0
elib.dlr.de,1,0,1,0,0
epic.awi.de,3,2,0,1,0
eprint.ncl.ac.uk,5,4,0,1,0
eprints.bbk.ac.uk.oai2,2,0,2,0,0
eprints.bournemouth.ac.uk,2,0,2,0,0
eprints.bpums.ac.ir,1,0,1,0,0
eprints.chi.ac.uk,1,0,1,0,0
eprints.gla.ac.uk,41,0,40,1,0
eprints.gold.ac.uk,1,0,1,0,0
eprints.iisc.ac.in,85,1,83,1,0
eprints.keele.ac.uk,29,0,29,0,0
eprints.kingston.ac.uk,9,0,9,0,0
eprints.kmu.ac.ir,2,0,2,0,0
eprints.lancs.ac.uk,9,0,9,0,0
eprints.lib.hokudai.ac.jp,1,1,0,0,0
eprints.lincoln.ac.uk,13,1,12,0,0
eprints.lse.ac.uk,4,0,4,0,0
eprints.mdx.ac.uk,4,0,4,0,0
eprints.qut.edu.au,28,16,1,11,0
eprints.soton.ac.uk,76,0,76,0,0
eprints.staffs.ac.uk,1,0,1,0,0
eprints.ucl.ac.uk.OAI2,98,68,3,27,0
eprints.ums.edu.my,2,0,2,0,0
eprints.usq.edu.au,1,0,1,0,0
eprints.utas.edu.au,14,0,14,0,0
eprints.uwe.ac.uk,2,0,0,2,0
eprints.vu.edu.au,5,0,5,0,0
eprints.whiterose.ac.uk,74,28,44,2,0
epub.ub.uni-muenchen.de,4,4,0,0,0
epub.wu-wien.ac.at,2,0,2,0,0
epubs.surrey.ac.uk,3,0,2,1,0
erepo.uef.fi,5,4,0,1,0
eresearch.ozyegin.edu.tr,35,26,0,9,0
eresearch.qmu.ac.uk,1,0,0,1,0
escholarship.org,30,18,0,12,0
espace.curtin.edu.au,7,5,0,2,0
espace.library.uq.edu.au,2,2,0,0,0
estudogeral.sib.uc.pt,1,0,0,1,0
europepmc.org,1356,1289,67,0,0
figshare.com,20,9,0,11,0
flore.unifi.it,5,2,0,3,0
frl.publisso.de,10,10,0,0,0
fulir.irb.hr,195,115,0,80,0
gala.gre.ac.uk,1,0,1,0,0
generic.eprints.org,106,22,84,0,0
gesis.izsoz.de,1,1,0,0,0
gfzpublic.gfz-potsdam.de,4,4,0,0,0
helda.helsinki.fi,251,249,2,0,0
hindawi.com,31,31,0,0,0
hrcak.srce.hr,1,1,0,0,0
http,62,0,14,0,0
https,48,35,2,11,0
hull-repository.worktribe.com,12,11,1,0,0
hvlopen.brage.unit.no,1,0,0,1,0
hzi.openrepository.com,2,2,0,0,0
imr.brage.unit.no,1,1,0,0,0
infocom.co.jp,1,1,0,0,0
infoscience.epfl.ch,111,95,0,16,0
ink.library.smu.edu.sg,13,4,4,5,0
insight.cumbria.ac.uk,1,0,1,0,0
ir.Vanderbilt.edu,1,0,0,1,0
ir.canterbury.ac.nz,17,7,0,10,0
ir.lib.uwo.ca,2,1,0,1,0
ir.vanderbilt.edu,1,1,0,0,0
ira.lib.polyu.edu.hk,1,1,0,0,0
irep.ntu.ac.uk,4,0,4,0,0
iris.unibas.it,126,2,0,124,0
iris.unica.it,3,2,0,1,0
iris.unife.it,2,0,1,1,0
iris.unige.it,1,0,0,1,0
iris.unimore.it,1,0,0,1,0
iris.unipa.it,1,1,0,0,0
iris.uniroma1.it,121,100,0,21,0
iris.unitn.it,4,4,0,0,0
iris.unito.it,174,138,0,36,0
jupiter.its.unimelb.edu.au,185,165,0,20,0
juser.fz-juelich.de,1,1,0,0,0
jyx.jyu.fi,7,6,1,0,0
kar.kent.ac.uk,7,0,7,0,0
kops.uni-konstanz.de,4,3,0,1,0
kuscholarworks.ku.edu,103,89,0,14,0
library.wur.nl,1,1,0,0,0
libres.uncg.edu,1,0,0,1,0
lirias2repo.kuleuven.be,26,17,0,9,0
localhost,10,10,0,0,0
lra.le.ac.uk,16,10,0,6,0
lup.lub.lu.se,1,0,0,1,0
lutpub.lut.fi,1,0,1,0,0
macau.uni-kiel.de,1,1,0,0,0
mdpi.com,9,9,0,0,0
mediatum.ub.tum.de,6,6,0,0,0
mro.massey.ac.nz,3,2,1,0,0
munin.uit.no,8,6,2,0,0
mural.maynoothuniversity.ie,1,0,1,0,0
napier-surface.worktribe.com,1,0,0,1,0
nhm.openrepository.com,2,1,0,1,0
nibio.brage.unit.no,1,1,0,0,0
nih.brage.unit.no,1,1,0,0,0
nilu.brage.unit.no,1,1,0,0,0
niva.brage.unit.no,1,1,0,0,0
nora.nerc.ac.uk,12,0,12,0,0
nordopen.nord.no,3,2,1,0,0
nottingham-repository.worktribe.com,23,13,8,2,0
nrl.northumbria.ac.uk,18,0,18,0,0
ntnuopen.ntnu.no,8,7,0,1,0
numdam.org,1,0,0,1,0
oatao.univ-toulouse.fr,2,0,2,0,0
oceanrep.geomar.de,7,0,7,0,0
oda.hioa.no,4,4,0,0,0
ojs.hipatiapress.com,1,1,0,0,0
ojs.pkp.sfu.ca,2,2,0,0,0
ojs.telerehab.pitt.edu,1,1,0,0,0
ojs.www.archaeologybulletin.org,1,1,0,0,0
ojs.www.ijic.org,2,2,0,0,0
oma.vliz.be,2,2,0,0,0
open.metu.edu.tr,5,4,0,1,0
openaccess.city.ac.uk,6,0,6,0,0
openaccess.iyte.edu.tr,176,146,0,30,0
openaccess.mef.edu.tr,1,1,0,0,0
openaccess.sgul.ac.uk,32,0,32,0,0
openpub.fmach.it,6,6,0,0,0
openrepository.aut.ac.nz,45,35,0,10,0
openresearch-repository.anu.edu.au,34,25,0,9,0
openresearch.lsbu.ac.uk,12,0,12,0,0
opinvisindi.is,10,10,0,0,0
opus-zb.helmholtz-muenchen.de,2,1,0,1,0
opus.lib.uts.edu.au,23,17,1,5,0
ora.ox.ac.uk,82,56,2,24,0
orb.binghamton.edu,1,1,0,0,0
ore.exeter.ac.uk,9,2,6,1,0
oro.open.ac.uk,18,0,18,0,0
oskar-bordeaux.fr,1,1,0,0,0
osti.gov,155,3,0,152,0
oulu.fi,5,4,1,0,0
ourarchive.otago.ac.nz,6,1,2,3,0
pdxscholar.library.pdx.edu,1,1,0,0,0
pearl.plymouth.ac.uk,13,2,0,11,0
philarchive.org,2,0,0,2,0
philpapers.org,2,0,0,2,0
philsci-archive.pitt.edu,1,0,0,1,0
plymsea.ac.uk,1,0,1,0,0
prism.ucalgary.ca,1,1,0,0,0
publicatio.bibl.u-szeged.hu,1,0,1,0,0
publications.aston.ac.uk,6,0,6,0,0
publications.rwth-aachen.de,5,5,0,0,0
publikationen.sulb.uni-saarland.de,1,1,0,0,0
publikationen.ub.uni-frankfurt.de,2,0,0,2,0
pure.atira.dk,135,78,8,49,0
pure.ed.ac.uk,62,31,1,30,0
pure.iiasa.ac.at,1,0,1,0,0
pure.knaw.nl,4,2,0,2,0
pure.mpg.de,27,18,0,9,0
pure.qub.ac.uk,20,19,0,1,0
pure.rug.nl,30,29,0,1,0
qmro.qmul.ac.uk,13,7,0,6,0
qspace.qu.edu.qa,2,2,0,0,0
qucosa,1,1,0,0,0
radar.gsa.ac.uk,1,0,1,0,0
rde.dspace-express.com,1,1,0,0,0
real.mtak.hu,2,0,2,0,0
refubium.fu-berlin.de,4,3,0,1,0
repositori.udl.cat,2,2,0,0,0
repositori.uji.es,1,1,0,0,0
repositori.upf.edu,5,4,1,0,0
repositorio-aberto.up.pt,1,0,0,1,0
repositorio.chlc.min-saude.pt,1,1,0,0,0
repositorio.cuc.edu.co,8,8,0,0,0
repositorio.uam.es,25,25,0,0,0
repositorio.ucp.pt,5,5,0,0,0
repositorio.ufrn.br,1,1,0,0,0
repositorio.ul.pt,2,1,0,1,0
repositorio.unesp.br,1,1,0,0,0
repositorio.unican.es,62,62,0,0,0
repositorioacademico.upc.edu.pe,2,2,0,0,0
repositorium.sdum.uminho.pt,4,2,0,2,0
repository.arizona.edu,7,5,2,0,0
repository.bilkent.edu.tr,1,1,0,0,0
repository.essex.ac.uk,4,0,3,1,0
repository.hanyang.ac.kr,15,13,0,2,0
repository.helmholtz-hzi.de,3,1,0,2,0
repository.kaust.edu.sa,5,4,0,1,0
repository.nwu.ac.za,5,4,0,1,0
repository.uel.ac.uk,1,0,0,1,0
repository.up.ac.za,5,0,0,5,0
repository.urosario.edu.co,1,1,0,0,0
repository.uwc.ac.za,1,0,0,1,0
repository.uwl.ac.uk,1,0,1,0,0
repub.eur.nl,15,13,0,2,0
research-information.bris.ac.uk,43,26,1,16,0
research-repository.griffith.edu.au,64,52,3,9,0
research-repository.st-andrews.ac.uk,37,16,18,3,0
research.bangor.ac.uk,8,1,0,7,0
research.chalmers.se,1,1,0,0,0
research.usc.edu.au,3,3,0,0,0
research.vu.nl,6,3,0,3,0
researcharchive.lincoln.ac.nz,8,7,0,1,0
researcharchive.wintec.ac.nz,1,0,1,0,0
researchbank.ac.nz,5,2,0,3,0
researchcommons.waikato.ac.nz,24,15,5,4,0
researchonline.gcu.ac.uk,3,3,0,0,0
researchonline.jcu.edu.au,23,0,23,0,0
researchonline.ljmu.ac.uk,5,0,5,0,0
researchonline.lshtm.ac.uk,59,28,29,2,0
researchonline.rca.ac.uk,2,0,2,0,0
researchonline.rvc.ac.uk,2,0,2,0,0
researchopen.lsbu.ac.uk,1,0,1,0,0
researchportal.port.ac.uk,1,0,0,1,0
researchrepository.murdoch.edu.au,5,4,0,1,0
researchrepository.ucd.ie,3,2,0,1,0
ri.conicet.gov.ar,5,5,0,0,0
ricerca.uniba.it,5,5,0,0,0
rid.unrn.edu.ar,1,1,0,0,0
riunet.upv.es,2,2,0,0,0
rke.abertay.ac.uk,1,0,1,0,0
ro.ecu.edu.au,4,3,0,1,0
ro.uow.edu.au,11,7,0,4,0
roderic.uv.es,5,4,0,1,0
rodin.uca.es,1,1,0,0,0
ruj.uj.edu.pl,6,5,0,1,0
ruor.uottawa.ca,2,2,0,0,0
sapientia.ualg.pt,1,1,0,0,0
scholar.sun.ac.za,1,1,0,0,0
scholarcommons.usf.edu,1,1,0,0,0
scholarlypublications.universiteitleiden.nl,2,2,0,0,0
scholarworks.iupui.edu,2,0,0,2,0
scielo,2,2,0,0,0
sdu.dk,21,16,1,4,0
semanticscholar.org,165,0,0,165,0
serval.unil.ch,8,7,0,1,0
share.osf.io,15,1,0,14,0
shura.shu.ac.uk,7,0,7,0,0
spiral.imperial.ac.uk,240,192,3,45,0
sro.sussex.ac.uk,18,0,18,0,0
strathprints.strath.ac.uk,8,0,8,0,0
summit.sfu.ca,3,3,0,0,0
t-stor.teagasc.ie,2,2,0,0,0
tara.tcd.ie,3,3,0,0,0
tilburguniversity.edu,9,8,0,1,0
trepo.tuni.fi,10,9,1,0,0
tsukuba.repo.nii.ac.jp,1,0,0,1,0
tudelft.nl,9,9,0,0,0
ueaeprints.uea.ac.uk,18,0,18,0,0
uhdspace.uhasselt.be,1,1,0,0,0
uhra.herts.ac.uk,1,0,0,1,0
uknowledge.uky.edu,1,1,0,0,0
ulir.ul.ie,3,2,1,0,0
uni-augsburg.opus-bayern.de,5,5,0,0,0
unige.ch,5,3,2,0,0
univoak.eu,20,1,0,19,0
upcommons.upc.edu,1,0,0,1,0
urm_publish,25,0,24,1,0
usiena-air.unisi.it,2,2,0,0,0
usir.salford.ac.uk,5,4,0,1,0
v-lib-bura1.brunel.ac.uk,187,151,0,36,0
vinar.vin.bg.ac.rs,107,107,0,0,0
viurrspace.ca,1,1,0,0,0
vtechworks.lib.vt.edu,2,2,0,0,0
vubissmart,49,19,0,30,0
wrap.warwick.ac.uk,17,11,4,2,0
www.duo.uio.no,19,13,5,1,0
www.kerwa.ucr.ac.cr,1,1,0,0,0
www.lenus.ie,4,4,0,0,0
www.lume.ufrgs.br,77,77,0,0,0
www.open-access.bcu.ac.uk,4,0,4,0,0
www.repository.cam.ac.uk,51,23,0,28,0
www.research-collection.ethz.ch,65,65,0,0,0
www.research.unipd.it,2,2,0,0,0
www.tdx.cat,1,1,0,0,0
www.zora.uzh.ch,192,0,192,0,0
zaguan.unizar.es,2,2,0,0,0
zenodo.org,19,17,0,2,0
