WoS Subject,closed,gold,diamond,bronze,green,hybrid,Total,% Open,Closed/AAM embargoed,Closed/AAM immediate,Potential % open
Acoustics,2,1,0,0,0,0,3,33,1,1,100
Agriculture,18,7,0,3,4,1,33,45,9,4,84
Allergy,3,0,0,2,0,0,5,40,3,0,100
Anatomy & Morphology,10,0,0,1,1,0,12,16,10,0,100
Anesthesiology,15,2,0,4,0,3,24,37,4,2,62
Anthropology,26,1,0,3,5,4,39,33,21,2,92
Archaeology,29,0,0,2,4,4,39,25,23,4,94
Architecture,1,0,0,0,0,0,1,0,0,1,100
Area Studies,9,0,0,1,0,1,11,18,6,3,100
Art,2,0,0,0,0,0,2,0,2,0,100
Arts & Humanities - Other Topics,14,2,0,0,0,5,21,33,9,4,95
Asian Studies,3,0,0,0,0,0,3,0,2,1,100
Astronomy & Astrophysics,3,4,0,8,18,11,44,93,2,0,97
Audiology & Speech-Language Pathology,4,0,0,0,0,0,4,0,3,1,100
Automation & Control Systems,3,1,0,0,0,0,4,25,2,0,75
Behavioral Sciences,27,1,0,2,4,5,39,30,21,4,94
Biochemistry & Molecular Biology,124,85,5,26,23,41,304,59,97,8,93
Biodiversity & Conservation,22,18,0,4,7,8,59,62,18,4,100
Biomedical Social Sciences,22,1,0,12,4,11,50,56,16,5,98
Biophysics,17,1,0,5,0,6,29,41,17,0,100
Biotechnology & Applied Microbiology,27,17,4,2,7,7,64,57,22,1,93
Business & Economics,201,9,1,9,50,15,285,29,154,40,97
Cardiovascular System & Cardiology,67,18,1,31,18,28,163,58,39,11,89
Cell Biology,42,33,0,9,7,13,104,59,31,11,100
Chemistry,149,70,3,6,15,10,253,41,107,2,84
Classics,3,0,1,0,0,0,4,25,1,2,100
Communication,15,1,2,0,1,2,21,28,3,8,80
Computer Science,75,13,3,3,24,5,123,39,39,10,78
Construction & Building Technology,5,0,0,0,1,0,6,16,5,0,100
Criminology & Penology,19,2,0,0,2,0,23,17,10,7,91
Crystallography,2,1,0,0,1,0,4,50,0,0,50
Cultural Studies,8,0,0,0,0,0,8,0,4,0,50
Dance,4,0,0,0,0,0,4,0,3,1,100
Demography,1,0,0,0,0,0,1,0,0,1,100
"Dentistry, Oral Surgery & Medicine",97,18,9,6,15,8,153,36,84,4,94
Dermatology,7,5,0,5,1,1,19,63,5,1,94
Development Studies,6,0,0,1,0,0,7,14,6,0,100
Developmental Biology,5,6,0,3,1,2,17,70,3,2,100
Education & Educational Research,103,22,3,13,11,11,163,36,91,6,96
Electrochemistry,1,0,0,1,0,0,2,50,1,0,100
Emergency Medicine,15,1,0,2,0,0,18,16,12,3,100
Endocrinology & Metabolism,88,13,0,17,17,13,148,40,82,3,97
Energy & Fuels,18,2,0,0,1,1,22,18,18,0,100
Engineering,104,35,0,5,11,10,165,36,74,13,89
Entomology,13,2,0,7,1,0,23,43,12,0,95
Environmental Sciences & Ecology,169,117,2,28,34,45,395,57,151,11,98
Ethnic Studies,3,0,1,0,1,0,5,40,1,0,60
Evolutionary Biology,37,17,0,14,17,15,100,63,30,2,95
Family Studies,20,0,1,1,1,0,23,13,14,6,100
"Film, Radio & Television",1,0,0,0,0,0,1,0,1,0,100
Fisheries,41,0,0,3,0,4,48,14,32,9,100
Food Science & Technology,96,42,3,3,4,9,157,38,86,6,97
Forestry,1,1,0,0,0,0,2,50,1,0,100
Gastroenterology & Hepatology,23,19,0,22,6,6,76,69,17,2,94
General & Internal Medicine,64,97,38,21,30,17,267,76,35,15,94
Genetics & Heredity,29,47,2,12,22,21,133,78,23,0,95
Geochemistry & Geophysics,37,8,0,3,10,14,72,48,29,3,93
Geography,25,0,2,1,3,2,33,24,23,2,100
Geology,68,33,4,4,13,14,136,50,62,2,97
Geriatrics & Gerontology,34,8,0,8,17,16,83,59,30,4,100
Government & Law,29,0,0,0,13,2,44,34,23,5,97
Health Care Sciences & Services,83,74,7,11,14,15,204,59,66,13,98
Hematology,11,3,0,5,0,4,23,52,8,1,91
History,26,1,0,2,0,1,30,13,13,10,90
History & Philosophy of Science,9,1,0,1,1,0,12,25,6,3,100
Imaging Science & Photographic Technology,12,3,0,0,3,0,18,33,1,0,38
Immunology,35,19,10,16,12,24,116,69,30,0,95
Infectious Diseases,36,23,11,7,15,24,116,68,29,2,95
Information Science & Library Science,3,1,0,0,1,1,6,50,1,2,100
Instruments & Instrumentation,5,10,0,1,2,1,19,73,4,0,94
Integrative & Complementary Medicine,11,2,1,0,0,0,14,21,8,2,92
International Relations,15,0,1,0,1,0,17,11,15,0,100
Legal Medicine,11,0,1,0,1,3,16,31,9,0,87
Life Sciences & Biomedicine - Other Topics,29,27,0,13,13,11,93,68,17,9,96
Linguistics,10,0,0,1,0,1,12,16,5,4,91
Literature,11,0,0,1,0,0,12,8,7,3,91
Marine & Freshwater Biology,89,8,0,10,3,15,125,28,78,10,99
Materials Science,65,21,1,4,15,3,109,40,43,4,83
Mathematical & Computational Biology,7,5,0,0,4,5,21,66,5,0,90
Mathematical Methods In Social Sciences,5,0,0,0,2,1,8,37,4,0,87
Mathematics,24,1,2,1,16,5,49,51,21,1,95
Mechanics,4,0,0,0,1,0,5,20,3,0,80
Medical Ethics,8,1,0,9,1,8,27,70,4,4,100
Medical Informatics,8,27,1,0,2,1,39,79,8,0,100
Medical Laboratory Technology,5,0,0,4,0,0,9,44,3,0,77
Metallurgy & Metallurgical Engineering,1,3,0,0,0,0,4,75,1,0,100
Meteorology & Atmospheric Sciences,13,17,4,5,4,10,53,75,10,0,94
Microbiology,39,53,4,12,27,19,154,74,35,0,97
Microscopy,1,0,0,0,0,0,1,0,1,0,100
Mineralogy,10,3,0,1,0,0,14,28,10,0,100
Mining & Mineral Processing,4,3,0,0,0,0,7,42,4,0,100
Music,3,0,0,0,0,0,3,0,1,2,100
Mycology,3,0,4,0,1,0,8,62,3,0,100
Neurosciences & Neurology,191,70,0,39,45,46,391,51,142,13,90
Nuclear Science & Technology,1,0,0,0,0,3,4,75,1,0,100
Nursing,37,11,0,3,8,3,62,40,31,6,100
Nutrition & Dietetics,75,58,0,16,9,14,172,56,54,11,94
Obstetrics & Gynecology,36,5,0,7,5,8,61,40,34,2,100
Oceanography,54,2,1,8,3,9,77,29,41,8,93
Oncology,49,85,0,5,9,17,165,70,40,0,94
Operations Research & Management Science,9,0,0,0,1,1,11,18,6,1,81
Ophthalmology,11,4,0,0,0,1,16,31,10,0,93
Optics,6,6,0,1,16,2,31,80,2,2,93
Orthopedics,38,7,2,9,5,1,62,38,26,3,85
Otorhinolaryngology,9,0,0,0,1,0,10,10,6,2,90
Paleontology,9,0,0,0,3,1,13,30,6,0,76
Parasitology,28,8,1,3,1,2,43,34,27,0,97
Pathology,30,1,0,6,3,7,47,36,23,2,89
Pediatrics,73,15,0,9,8,18,123,40,55,3,87
Pharmacology & Pharmacy,121,83,4,22,34,22,286,57,97,4,93
Philosophy,9,0,0,1,2,0,12,25,8,1,100
Physical Geography,18,12,0,3,2,2,37,51,17,1,100
Physics,25,27,2,2,49,4,109,77,11,6,92
Physiology,22,16,0,19,6,2,65,66,20,2,100
Plant Sciences,27,5,0,3,1,4,40,32,22,1,90
Polymer Science,18,3,1,3,0,0,25,28,15,0,88
Psychiatry,126,49,1,25,34,30,265,52,78,40,96
Psychology,194,29,1,16,39,34,313,38,119,68,97
Public Administration,15,0,0,1,2,2,20,25,13,1,95
"Public, Environmental & Occupational Health",147,137,5,40,23,28,380,61,94,45,97
"Radiology, Nuclear Medicine & Medical Imaging",16,9,0,3,1,10,39,58,11,0,87
Rehabilitation,105,1,1,10,10,5,132,20,92,7,95
Religion,35,2,0,1,0,2,40,12,13,19,92
Remote Sensing,2,5,1,2,3,1,14,85,2,0,100
Reproductive Biology,12,1,0,3,1,6,23,47,10,2,100
Research & Experimental Medicine,28,53,1,4,5,3,94,70,20,2,93
Respiratory System,21,14,1,17,6,6,65,67,14,3,93
Rheumatology,41,25,0,31,9,7,113,63,37,2,98
Robotics,1,1,0,0,0,0,2,50,0,0,50
Science & Technology - Other Topics,87,246,3,11,34,26,407,78,55,12,95
Social Issues,13,1,0,11,1,6,32,59,9,4,100
Social Sciences - Other Topics,134,56,3,23,14,17,247,45,98,30,97
Social Work,16,5,0,2,0,0,23,30,13,3,100
Sociology,15,2,1,2,2,1,23,34,9,6,100
Spectroscopy,14,0,0,0,0,1,15,6,13,1,100
Sport Sciences,60,9,1,9,4,2,85,29,44,9,91
Substance Abuse,45,8,0,10,2,8,73,38,30,15,100
Surgery,102,11,0,12,10,6,141,27,82,5,89
Telecommunications,5,7,0,0,1,1,14,64,3,0,85
Theater,3,0,0,0,0,0,3,0,0,3,100
Thermodynamics,6,0,0,0,0,0,6,0,6,0,100
Toxicology,18,2,2,1,1,5,29,37,14,0,86
Transplantation,0,8,0,0,0,0,8,100,0,0,100
Transportation,13,0,0,1,0,5,19,31,13,0,100
Tropical Medicine,2,5,1,7,3,3,21,90,2,0,100
Urban Studies,11,0,0,0,2,1,14,21,9,1,92
Urology & Nephrology,17,12,0,7,4,4,44,61,13,0,90
Veterinary Sciences,8,10,0,2,0,1,21,61,6,0,90
Virology,4,17,5,2,2,2,32,87,2,1,96
Water Resources,15,3,1,0,2,4,25,40,15,0,100
Women's Studies,3,0,0,0,0,0,3,100,0,0,100
Zoology,52,7,0,4,3,3,69,24,37,9,91
