"DOI","Error"
"10.1002/14551858.00009438.pub2","Invalid DOI"
"10.1007/s12603-020-1492-3","DOI not in crossref"
"10.1016/j.cgh.202.05.061","Invalid DOI"
"10.1016/j.dental.2070.05.001","Invalid DOI"
"10.1016/j.j.2021.05.022","Invalid DOI"
"10.1016/j.lurbplan.2021.104135","Invalid DOI"
"10.1016/j.neuroscience.2020.11.0020306-4522/","Invalid DOI"
"10.1021/bk-2021-1402.ch010","DOI not in crossref"
"10.1055/s-0039-1691143","Invalid DOI"
"10.1076/stra.12.1.53.29011]","Invalid DOI"
"10.1093/oep/gpz036","DOI not in crossref"
"10.1098/rspa.2020.0003rspa20200003","Invalid DOI"
"10.1098/rspa.2020.0356rspa20200356","Invalid DOI"
"10.1098/rspb.2020.0690rspb20200690","Invalid DOI"
"10.1098/rspb.2020.0712rspb20200712","Invalid DOI"
"10.1098/rspb.2020.1081rspb20201081","Invalid DOI"
"10.1098/rspb.2020.1947rspb20201947","Invalid DOI"
"10.1098/rstb.2019.0583rstb20190583","Invalid DOI"
"10.1108/EBHRM-09-2020-0124","Invalid DOI"
"10.1109/VR46266.2020.00006","Invalid DOI"
"10.1109/VR46266.2020.000-2","Invalid DOI"
"10.1109/VR46266.2020.1581313017497","DOI not in crossref"
"10.1109/VR46266.2020.1581313146787","DOI not in crossref"
"10.1109/VRW50115.2020.0-139","Invalid DOI"
"10.1111/apt.15987","Invalid DOI"
"10.1111/apt.16373","Invalid DOI"
"10.1111/jpy.13179-21-047","Invalid DOI"
"10.1126/science.abf7258originally","Invalid DOI"
"10.1128/AEM.1613-20","Invalid DOI"
"10.1163/15697312-bia10015","Invalid DOI"
"10.1163/15697320-12341648","Invalid DOI"
"10.1163/18712207-12341415","Invalid DOI"
"10.1177/0253717620928813","Line did not execute"
"10.1177/0300060520925680","Line did not execute"
"10.1177/03000605211067902","Line did not execute"
"10.1177/0963689720972328","Line did not execute"
"10.1177/1178221820953397","Line did not execute"
"10.1177/1178630220924658","Line did not execute"
"10.1177/1460458220952917","Line did not execute"
"10.1177/1460458220980039","Line did not execute"
"10.1177/1557988319898991","Line did not execute"
"10.1177/1609406920953752","Line did not execute"
"10.1177/1758835920930359","Line did not execute"
"10.1177/17590914211014731","Line did not execute"
"10.1177/1759720X211028007","Line did not execute"
"10.1177/20363613211006338","Line did not execute"
"10.1177/20363613211050355","Line did not execute"
"10.1177/2042098620975516","Line did not execute"
"10.1177/2045125320922474","Line did not execute"
"10.1177/20451253211056743","Line did not execute"
"10.1177/2053951720985249","Line did not execute"
"10.1177/20543581211022207","Line did not execute"
"10.1177/21582440211007453","Line did not execute"
"10.1177/23779608211011310","Line did not execute"
"10.1183/23120541.00766-020","Invalid DOI"
"10.1186/s41239-021-00270-1","Invalid DOI"
"10.13110/humanbiology.93.2.02","Invalid DOI"
"10.15286/jps.130.4.351-353","Invalid DOI"
"10.15286/jps.130.4.353-355","Invalid DOI"
"10.15663/wje.v25vi1.783","Invalid DOI"
"10.15761/0101-60830000000280","Invalid DOI"
"10.17159/2078-5151/2021/v59n2a3230","Invalid DOI"
"10.17705/1pais.13101","Invalid DOI"
"10.18293/SEKE2020-083","Invalid DOI"
"10.18293/SEKE2020-159","Invalid DOI"
"10.18833/spur/4/4/2","Invalid DOI"
"10.1922/CDH_00009Holden07","DOI not in crossref"
"10.1922/CDH_00159Jamieson04","DOI not in crossref"
"10.19272/202011402007","DOI not in crossref"
"10.20418/nzjecol.45.27","Invalid DOI"
"10.20420/nzjecol.45.29","Invalid DOI"
"10.20507/MAIJournal.2021.10.2.10","Invalid DOI"
"10.20507/MAIJournal.2021.10.2.13","Invalid DOI"
"10.20507/MAIJournal.2021.10.2.3","Invalid DOI"
"10.21088/ijfmp.0974.3383.14221.34","Invalid DOI"
"10.21427/MG4M-E412","DOI not in crossref"
"10.22074/cellj.2020.6492","DOI not in crossref"
"10.22088/cjim.12.2.148","DOI not in crossref"
"10.3290/j.jad.b2288247","DOI not in crossref"
"10.3290/j.qi.a45428","DOI not in crossref"
"10.33321/cdi.2020.43.22","Invalid DOI"
"10.3389/fcvm.2021.750016","Invalid DOI"
"10.4103/ijawhs.ijawhs_9_21","Invalid DOI"
"10.4103/nah.NAH_81_20","Invalid DOI"
"10.4153/S0008414X19000461","Invalid DOI"
"10.53562/ajcb.66492","Invalid DOI"
"10.6531/JFS.202112_26(2).0002","DOI not in crossref"
"10.7554/eLife.62260;10.7554/eLife.62260.sa1;10.7554/eLife.62260.sa2","Invalid DOI"
