Repository,Items,Published Version,Accepted Version,Submitted Version,Null
CULeuclid,1,0,0,1,0
DiVA.org,54,51,0,3,0
EVASTAR-Karlsruhe.de,2,2,0,0,0
HAL,67,45,0,22,0
RePEc,22,10,0,12,0
TheScholarship.intra.ecu.edu,1,1,0,0,0
aber.ac.uk,1,1,0,0,0
academica-e.unavarra.es,1,1,0,0,0
academiccommons.columbia.edu,1,1,0,0,0
accedacris.ulpgc.es,1,0,0,1,0
addi.ehu.es,3,3,0,0,0
ageconsearch.umn.edu,1,1,0,0,0
air.unimi.it,8,7,0,1,0
alma.44SUR_INST,4,1,0,3,0
arXiv.org,141,0,1,140,0
archimer.ifremer.fr,5,3,0,2,0
archive.lstmed.ac.uk,8,0,8,0,0
archive.ugent.be,15,14,1,0,0
arro.anglia.ac.uk,2,0,2,0,0
arrow.tudublin.ie,1,1,0,0,0
aura.abdn.ac.uk,18,12,0,6,0
aut.researchgateway.ac.nz,1,0,0,1,0
authors.library.caltech.edu,11,0,11,0,0
bearworks.missouristate.edu,1,1,0,0,0
bib-pubdb1.desy.de,2,2,0,0,0
biblioboard.com,1,0,0,1,0
biopen.bi.no,1,0,0,1,0
boa.unimib.it,4,4,0,0,0
bora.uib.no,12,9,0,3,0
boris.unibe.ch,10,9,1,0,0
bradscholars.brad.ac.uk,3,0,3,0,0
brage.inn.no,1,1,0,0,0
cdm21054.contentdm.oclc.org,3,2,0,1,0
cds.cern.ch,1,0,0,1,0
cedar.wwu.edu,1,1,0,0,0
centaur.reading.ac.uk,2,0,2,0,0
cgspace.cgiar.org,1,1,0,0,0
clok.uclan.ac.uk,4,0,4,0,0
comum.rcaap.pt,2,2,0,0,0
corpus.ulaval.ca,1,1,0,0,0
cris.maastrichtuniversity.nl,4,2,0,2,0
cris.unibo.it,2,2,0,0,0
cronfa.swan.ac.uk,3,1,2,0,0
cupola.gettysburg.edu,1,1,0,0,0
d-scholarship.pitt.edu,1,0,1,0,0
darchive.mblwhoilibrary.org,5,2,0,3,0
dare.uva.nl,2,2,0,0,0
dc.etsu.edu,2,2,0,0,0
ddd.uab.cat,2,2,0,0,0
ddfv.ufv.es,1,1,0,0,0
dea.lib.unideb.hu,1,1,0,0,0
depositonce.tu-berlin.de,1,1,0,0,0
derby.openrepository.com,1,0,1,0,0
dialnet.unirioja.es,5,1,0,4,0
digital.csic.es,17,8,0,9,0
digital.library.adelaide.edu.au,14,14,0,0,0
digitalcollections.dordt.edu,1,1,0,0,0
digitalcommons.chapman.edu,2,0,0,2,0
digitalcommons.cwu.edu,1,1,0,0,0
digitalcommons.library.umaine.edu,1,0,0,1,0
digitalcommons.odu.edu,2,2,0,0,0
digitalcommons.unl.edu,3,3,0,0,0
digitalcommons.uri.edu,1,1,0,0,0
digitalcommons.usf.edu,3,3,0,0,0
digitalcommons.usu.edu,3,1,0,2,0
digitalscholarship.unlv.edu,1,1,0,0,0
digituma.uma.pt,3,2,0,1,0
diposit.ub.edu,7,5,2,0,0
dipot.ulb.ac.be,1,1,0,0,0
discovery.dundee.ac.uk,12,9,1,2,0
dnet,4,3,0,1,0
documentserver.uhasselt.be,2,1,0,1,0
dora,6,2,2,0,0
dora.dmu.ac.uk,2,0,0,2,0
dovepress.com,1,1,0,0,0
dro.deakin.edu.au,7,7,0,0,0
dro.dur.ac.uk.OAI2,13,0,13,0,0
dspace.bracu.ac.bd,4,4,0,0,0
dspace.library.uvic.ca,3,3,0,0,0
dspace.mit.edu,4,3,0,1,0
dspace.stir.ac.uk,8,5,1,2,0
dspace.ucuenca.edu.ec,1,0,0,1,0
e-archivo.uc3m.es,1,1,0,0,0
e-docs.geo-leo.de,5,4,0,1,0
e-space.mmu.ac.uk,1,0,1,0,0
ecommons.aku.edu,1,1,0,0,0
ecommons.luc.edu,1,1,0,0,0
econstor.eu,7,3,0,4,0
edoc.hu-berlin.de,2,2,0,0,0
edoc.unibas.ch,1,0,1,0,0
elar.urfu.ru,5,5,0,0,0
epic.awi.de,2,2,0,0,0
eprint.ncl.ac.uk,1,1,0,0,0
eprints.bbk.ac.uk.oai2,1,0,1,0,0
eprints.bournemouth.ac.uk,5,0,5,0,0
eprints.gla.ac.uk,50,0,50,0,0
eprints.glos.ac.uk,2,0,2,0,0
eprints.iisc.ac.in,1,0,1,0,0
eprints.keele.ac.uk,4,0,4,0,0
eprints.kingston.ac.uk,2,1,0,1,0
eprints.lancs.ac.uk,4,0,4,0,0
eprints.leedsbeckett.ac.uk,2,0,2,0,0
eprints.lincoln.ac.uk,5,0,5,0,0
eprints.lse.ac.uk,6,0,6,0,0
eprints.mdx.ac.uk,5,0,5,0,0
eprints.ncl.ac.uk,3,3,0,0,0
eprints.qut.edu.au,9,5,0,4,0
eprints.rclis.org,1,0,1,0,0
eprints.soton.ac.uk,19,0,19,0,0
eprints.ucl.ac.uk.OAI2,75,50,0,25,0
eprints.usq.edu.au,2,0,2,0,0
eprints.utas.edu.au,14,0,14,0,0
eprints.vu.edu.au,1,0,1,0,0
eprints.whiterose.ac.uk,43,12,30,1,0
epub.jku.at,1,1,0,0,0
epub.ub.uni-muenchen.de,2,2,0,0,0
epub.uni-bayreuth.de,1,1,0,0,0
epublications.marquette.edu,1,1,0,0,0
eref.uni-bayreuth.de,1,1,0,0,0
escholarship.org,35,24,0,11,0
escholarship.umassmed.edu,1,1,0,0,0
espace.curtin.edu.au,5,5,0,0,0
espace.library.uq.edu.au,9,8,1,0,0
estudogeral.sib.uc.pt,2,0,0,2,0
etheses.dur.ac.uk,1,0,0,1,0
europepmc.org,605,582,23,0,0
exeley.com,2,0,0,2,0
fhi.brage.unit.no,6,6,0,0,0
figshare.com,33,26,0,7,0
flore.unifi.it,3,2,0,1,0
fni.brage.unit.no,1,0,0,1,0
frl.publisso.de,11,11,0,0,0
gala.gre.ac.uk,1,0,1,0,0
generic.eprints.org,2,0,2,0,0
gesis.izsoz.de,1,1,0,0,0
gfzpublic.gfz-potsdam.de,6,4,0,2,0
helda.helsinki.fi,39,33,5,1,0
hesso.tind.io,2,2,0,0,0
hindawi.com,2,2,0,0,0
hrcak.srce.hr,1,1,0,0,0
https,13,3,10,0,0
hub.hku.hk,1,0,0,1,0
hull-repository.worktribe.com,8,6,2,0,0
hvlopen.brage.unit.no,1,1,0,0,0
imis.nioz.nl,2,2,0,0,0
imr.brage.unit.no,2,2,0,0,0
infoscience.epfl.ch,1,1,0,0,0
ink.library.smu.edu.sg,5,3,2,0,0
inspirehep.net,2,1,0,1,0
investigo.biblioteca.uvigo.es,1,1,0,0,0
ir.canterbury.ac.nz,21,16,0,5,0
ir.unimas.my,1,0,1,0,0
ir.ymlib.yonsei.ac.kr,2,1,0,1,0
irep.ntu.ac.uk,3,0,3,0,0
iris.unibs.it,1,0,0,1,0
iris.unica.it,2,2,0,0,0
iris.unife.it,4,2,0,2,0
iris.unipa.it,6,5,0,1,0
iris.uniroma1.it,10,8,0,2,0
iris.uniroma3.it,2,1,0,1,0
iris.unito.it,8,7,0,1,0
jupiter.its.unimelb.edu.au,141,128,3,10,0
jyx.jyu.fi,5,4,1,0,0
kar.kent.ac.uk,5,0,5,0,0
kops.uni-konstanz.de,4,3,0,1,0
kuscholarworks.ku.edu,2,2,0,0,0
library.wur.nl,11,10,1,0,0
libres.uncg.edu,1,1,0,0,0
lirias2repo.kuleuven.be,28,21,7,0,0
localhost,2,2,0,0,0
mdpi.com,214,200,0,14,0
mediatum.ub.tum.de,2,2,0,0,0
mouseion.jax.org,1,1,0,0,0
mro.massey.ac.nz,8,7,1,0,0
munin.uit.no,8,7,1,0,0
mural.maynoothuniversity.ie,1,0,1,0,0
muse.jhu.edu,1,1,0,0,0
napier-surface.worktribe.com,2,2,0,0,0
nibio.brage.unit.no,1,1,0,0,0
nih.brage.unit.no,1,1,0,0,0
nilu.brage.unit.no,1,1,0,0,0
nmbu.brage.unit.no,1,1,0,0,0
nofima.brage.unit.no,1,0,0,1,0
nora.nerc.ac.uk,25,0,25,0,0
norceresearch.brage.unit.no,1,1,0,0,0
nottingham-repository.worktribe.com,13,4,9,0,0
nrl.northumbria.ac.uk,11,0,11,0,0
ntnuopen.ntnu.no,7,5,0,2,0
oceanrep.geomar.de,10,0,10,0,0
oda.oslomet.no,2,2,0,0,0
oist.repo.nii.ac.jp,4,4,0,0,0
ojs.publicaciones.eafit.edu.co,1,1,0,0,0
omsorgsforskning.brage.unit.no,1,1,0,0,0
openaccess.city.ac.uk,2,0,2,0,0
openaccess.sgul.ac.uk,18,0,18,0,0
openarchive.usn.no,1,1,0,0,0
openrepository.aut.ac.nz,23,19,0,4,0
openresearch-repository.anu.edu.au,6,5,0,1,0
openresearch.lsbu.ac.uk,5,0,5,0,0
opinvisindi.is,9,6,2,1,0
opus.lib.uts.edu.au,11,7,0,4,0
ora.ox.ac.uk,61,39,0,22,0
orbi.ulg.ac.be,6,4,0,2,0
orbilu.uni.lu,1,1,0,0,0
ore.exeter.ac.uk,7,6,1,0,0
oro.open.ac.uk,5,0,5,0,0
oskar-bordeaux.fr,6,5,0,1,0
osti.gov,20,0,0,20,0
osuva.uwasa.fi,1,0,1,0,0
oulu.fi,8,6,0,2,0
ourarchive.otago.ac.nz,66,22,1,43,0
pdxscholar.library.pdx.edu,1,1,0,0,0
pearl.plymouth.ac.uk,1,1,0,0,0
philarchive.org,2,0,1,1,0
philpapers.org,2,1,0,1,0
plymsea.ac.uk,2,0,2,0,0
prism.ucalgary.ca,1,1,0,0,0
pub.cicero.oslo.no,1,0,0,1,0
pub.epsilon.slu.se,4,4,0,0,0
pubblicazioni.unicam.it,1,1,0,0,0
publications.aston.ac.uk,2,0,2,0,0
publikationen.sulb.uni-saarland.de,1,1,0,0,0
publikationen.ub.uni-frankfurt.de,1,1,0,0,0
pure.atira.dk,116,69,16,31,0
pure.ed.ac.uk,63,44,14,5,0
pure.eur.nl,9,9,0,0,0
pure.iiasa.ac.at,1,0,1,0,0
pure.knaw.nl,3,3,0,0,0
pure.mpg.de,14,10,0,4,0
pure.qub.ac.uk,13,11,2,0,0
pure.rug.nl,54,50,0,4,0
qmro.qmul.ac.uk,7,3,0,4,0
qspace.qu.edu.qa,5,5,0,0,0
qucosa,1,1,0,0,0
rabida.uhu.es,1,0,0,1,0
rde.dspace-express.com,2,1,1,0,0
recercat.cat,1,1,0,0,0
refubium.fu-berlin.de,4,4,0,0,0
repositori.irta.cat,4,3,1,0,0
repositori.udl.cat,3,2,1,0,0
repositori.uji.es,1,1,0,0,0
repositori.upf.edu,21,16,5,0,0
repositorio-aberto.up.pt,1,0,0,1,0
repositorio.cuc.edu.co,3,3,0,0,0
repositorio.esan.edu.pe,1,1,0,0,0
repositorio.insa.pt,1,0,0,1,0
repositorio.ipl.pt,1,1,0,0,0
repositorio.iscte-iul.pt,1,1,0,0,0
repositorio.ispa.pt,2,2,0,0,0
repositorio.uac.pt,1,1,0,0,0
repositorio.uam.es,3,3,0,0,0
repositorio.ucp.pt,1,1,0,0,0
repositorio.ul.pt,3,1,0,2,0
repositorio.unbosque.edu.co,2,2,0,0,0
repository.bilkent.edu.tr,1,1,0,0,0
repository.cardiffmet.ac.uk,2,0,2,0,0
repository.cshl.edu,3,1,2,0,0
repository.essex.ac.uk,3,0,3,0,0
repository.helmholtz-hzi.de,1,1,0,0,0
repository.kaust.edu.sa,2,2,0,0,0
repository.nwu.ac.za,3,3,0,0,0
repository.udca.edu.co,1,1,0,0,0
repository.upenn.edu,1,0,0,1,0
repository.uwc.ac.za,1,1,0,0,0
repub.eur.nl,5,5,0,0,0
research-information.bris.ac.uk,28,18,1,9,0
research-repository.griffith.edu.au,33,32,1,0,0
research-repository.st-andrews.ac.uk,15,11,4,0,0
research.bangor.ac.uk,7,6,0,1,0
research.vu.nl,8,8,0,0,0
researcharchive.lincoln.ac.nz,19,19,0,0,0
researcharchive.wintec.ac.nz,3,0,3,0,0
researchcommons.waikato.ac.nz,11,7,3,1,0
researchonline.gcu.ac.uk,5,4,1,0,0
researchonline.jcu.edu.au,15,0,15,0,0
researchonline.ljmu.ac.uk,7,0,7,0,0
researchonline.lshtm.ac.uk,44,22,17,5,0
researchonline.nd.edu.au,1,0,0,1,0
researchonline.rvc.ac.uk,2,0,2,0,0
researchportal.port.ac.uk,3,0,0,3,0
researchrepository.murdoch.edu.au,8,8,0,0,0
rgu-repository.worktribe.com,3,3,0,0,0
ri.conicet.gov.ar,5,5,0,0,0
ria.ua.pt,1,1,0,0,0
ricerca.uniba.it,1,1,0,0,0
riunet.upv.es,2,2,0,0,0
ro.ecu.edu.au,12,7,2,3,0
ro.uow.edu.au,4,3,0,1,0
ruj.uj.edu.pl,3,3,0,0,0
run.unl.pt,3,3,0,0,0
ruor.uottawa.ca,2,2,0,0,0
sapientia.ualg.pt,1,1,0,0,0
savoirs.usherbrooke.ca,2,1,0,1,0
scholarcommons.usf.edu,5,4,0,1,0
scholarexchange.furman.edu,1,0,0,1,0
scholarlypublications.universiteitleiden.nl,1,1,0,0,0
scholarshare.temple.edu,2,2,0,0,0
scholarsphere.psu.edu,1,0,0,1,0
scholarworks.gsu.edu,1,0,0,1,0
scholarworks.iupui.edu,2,2,0,0,0
scholarworks.law.ubalt.edu,1,1,0,0,0
scholarworks.unist.ac.kr,1,1,0,0,0
scielo,1,1,0,0,0
sdu.dk,10,9,0,1,0
semanticscholar.org,1,0,0,1,0
serval.unil.ch,8,7,1,0,0
ses.library.usyd.edu.au,4,0,0,4,0
share.osf.io,17,1,0,16,0
shura.shu.ac.uk,10,0,10,0,0
spiral.imperial.ac.uk,25,17,0,8,0
sro.sussex.ac.uk,6,0,6,0,0
strathprints.strath.ac.uk,6,0,5,1,0
t-stor.teagasc.ie,1,0,0,1,0
tara.tcd.ie,1,1,0,0,0
tilburguniversity.edu,2,1,1,0,0
trepo.tuni.fi,5,3,2,0,0
tsukuba.repo.nii.ac.jp,1,1,0,0,0
ttu-ir.tdl.org,1,0,0,1,0
tudelft.nl,4,4,0,0,0
ub.uni-erlangen.de-opus,2,2,0,0,0
ucacris,1,1,0,0,0
ueaeprints.uea.ac.uk,17,1,16,0,0
uhra.herts.ac.uk,2,0,1,1,0
uia.brage.unit.no,3,3,0,0,0
uis.brage.unit.no,3,3,0,0,0
uknowledge.uky.edu,1,1,0,0,0
ulir.ul.ie,11,10,0,1,0
uni-augsburg.opus-bayern.de,4,3,0,1,0
unige.ch,4,4,0,0,0
univoak.eu,2,2,0,0,0
upcommons.upc.edu,2,2,0,0,0
urm_publish,9,0,9,0,0
usiena-air.unisi.it,2,2,0,0,0
vet-erinar.vet.bg.ac.rs,1,1,0,0,0
vtechworks.lib.vt.edu,3,3,0,0,0
westminsterresearch.westminster.ac.uk,2,0,2,0,0
wrap.warwick.ac.uk,11,9,2,0,0
www.duo.uio.no,23,18,5,0,0
www.hirsla.lsh.is,1,1,0,0,0
www.iris.sssup.it,2,2,0,0,0
www.lenus.ie,11,11,0,0,0
www.lume.ufrgs.br,5,4,0,1,0
www.repository.cam.ac.uk,25,15,0,10,0
www.research-collection.ethz.ch,15,14,1,0,0
www.research.unipd.it,1,1,0,0,0
www.ucm.es,1,0,1,0,0
www.um.edu.mt,2,1,0,1,0
www.zora.uzh.ch,23,0,23,0,0
yorkspace.library.yorku.ca,1,0,0,1,0
zaguan.unizar.es,4,3,1,0,0
zenodo.org,22,8,1,13,0
