"DOI","Error"
"10.1002/aqc.3122","Line did not execute"
"10.1002/asia.201801729","Line did not execute"
"10.1002/bin.1651","Invalid DOI"
"10.1007/JHEP03(2019)101","Line did not execute"
"10.1007/JHEP03(2019)127","Line did not execute"
"10.1007/JHEP03(2019)170","Line did not execute"
"10.1007/JHEP04(2019)015","Line did not execute"
"10.1007/JHEP05(2019)210","Line did not execute"
"10.1007/JHEP06(2019)093","Line did not execute"
"10.1007/JHEP07(2019)142","Line did not execute"
"10.1007/JHEP10(2019)125","Line did not execute"
"10.1016/j.epsl.2018.10.020","Line did not execute"
"10.1016/j.fct.2019.04.008","Line did not execute"
"10.1016/j.geomorph.2019.07.012","Line did not execute"
"10.1016/j.nbt.2019.07.002","Line did not execute"
"10.1016/j.physletb.2018.10.056","Line did not execute"
"10.1016/j.physletb.2019.01.058","Line did not execute"
"10.1016/j.physletb.2019.01.069","Line did not execute"
"10.1016/j.physletb.2019.01.072","Line did not execute"
"10.1016/j.physletb.2019.02.018","Line did not execute"
"10.1016/j.physletb.2019.134811","Line did not execute"
"10.1016/j.physletb.2019.134992","Line did not execute"
"10.1016/j.taap.2019.114732","Line did not execute"
"10.1016/S0140-6736(19)30044-3","Line did not execute"
"10.1051/0004-6361/201935177","Line did not execute"
"10.1063/1.5079423","Line did not execute"
"10.1063/1.5099126","Line did not execute"
"10.1080/00131857.2018.1461085","Line did not execute"
"10.1080/00288330.2019.1619597","Line did not execute"
"10.1080/00958972.2019.1580698","Line did not execute"
"10.1080/03036758.2019.1661855","Line did not execute"
"10.1080/1177083X.2018.1538053","Line did not execute"
"10.1080/1177083X.2019.1603165","Line did not execute"
"10.1080/1177083X.2019.1614635","Line did not execute"
"10.1080/14787318.2019.1683968","Line did not execute"
"10.1088/1748-0221/14/06/P06032","Line did not execute"
"10.1093/mnras/stz1983","Line did not execute"
"10.1094/PHYTO-12-18-0486-R","Line did not execute"
"10.1103/PhysRevD.100.112002","Line did not execute"
"10.1103/PhysRevLett.122.081804","Line did not execute"
"10.1103/PhysRevLett.123.131802","Line did not execute"
"10.1109/IVCNZ48456.2019.8961016","Line did not execute"
"10.1109/TRANSDUCERS.2019.8808304","Line did not execute"
"10.1130/B35063.1","Line did not execute"
"10.1140/epjc/s10052-019-6562-5","Line did not execute"
"10.1140/epjc/s10052-019-6774-8","Line did not execute"
"10.1186/s12939-018-0904-z","Line did not execute"
"10.1186/s40623-019-1008-8","Line did not execute"
"10.11999/JEIT190094","DOI not in crossref"
"10.12989/scs.2019.32.1.037","DOI not in crossref"
"10.14006/j.jzjgxb.2017.0748","DOI not in crossref"
"10.15203/OEGA_28.8","Invalid DOI"
"10.18154/RWTH-CONV-239914","DOI not in crossref"
"10.20507/MAIJournal.2019.8.2.10","Line did not execute"
"10.20901/PM.56.3-4.11","Line did not execute"
"10.24425/ppb.2019.129453","DOI not in crossref"
"10.25537/dm.2019v24.899-914","DOI not in crossref"
"10.341711/mjiri.33.32","Invalid DOI"
"10.4473/TPM26.3.6","DOI not in crossref"
"10.5459/bnzsee.52.1.1-22","Line did not execute"
"10.7189/jogh-09-020303","Invalid DOI"
"10.1007/JHEP02(2020)191","Line did not execute"
"10.1007/JHEP03(2020)103","Line did not execute"
"10.1007/JHEP04(2020)188","Line did not execute"
"10.1007/JHEP06(2020)018","Line did not execute"
"10.1007/JHEP08(2020)139","Line did not execute"
"10.1007/JHEP11(2020)039","Line did not execute"
"10.1007/s00244-020-00760-9","Line did not execute"
"10.1016/j.fct.2020.111743","Line did not execute"
"10.1016/j.ijdrr.2020.101636","Line did not execute"
"10.1016/j.jvolgeores.2019.106703","Line did not execute"
"10.1016/j.marpol.2020.103889","Line did not execute"
"10.1016/j.physletb.2020.135203","Line did not execute"
"10.1016/j.physletb.2020.135285","Line did not execute"
"10.1016/j.physletb.2020.135328","Line did not execute"
"10.1016/j.physletb.2020.135345","Line did not execute"
"10.1016/j.physletb.2020.135409","Line did not execute"
"10.1016/j.physletb.2020.135578","Line did not execute"
"10.1016/j.physletb.2020.135988","Line did not execute"
"10.1021/acs.orglett.0c02401","Line did not execute"
"10.1021/acsnano.9b08136","Line did not execute"
"10.1029/2019JB018739","Line did not execute"
"10.1038/s41598-020-78810-4","Line did not execute"
"10.1039/d0sc00427h","Line did not execute"
"10.1063/5.0026345","Line did not execute"
"10.1074/JBC.RA119.012351","Line did not execute"
"10.1080/00288306.2020.1773510","Line did not execute"
"10.1080/00958972.2020.1856825","Line did not execute"
"10.1080/1177083X.2019.1642921","Line did not execute"
"10.1080/1177083X.2020.1730415","Line did not execute"
"10.1080/14636778.2020.1829463","Line did not execute"
"10.1080/25742981.2020.1811129","Line did not execute"
"10.1088/1475-7516/2020/01/038","Line did not execute"
"10.1093/MNRAS/STZ3105","Line did not execute"
"10.1098/rsif.2020.0488rsif20200488","Invalid DOI"
"10.1098/rsif.2020.0545rsif20200545","Invalid DOI"
"10.1098/rspb.2020.0550rspb20200550","Invalid DOI"
"10.1098/rspb.2020.2454rspb","Invalid DOI"
"10.1103/PhysRevB.102.035304","Line did not execute"
"10.1103/PhysRevLett.124.041803","Line did not execute"
"10.1103/PhysRevLett.124.162002","Line did not execute"
"10.1108/EJM-01-2018-0043","Line did not execute"
"10.1109/TED.2020.3031883","Line did not execute"
"10.1111/geb.13005","Line did not execute"
"10.1145/3421590.3421613","Invalid DOI"
"10.1177/1177180120947822","Line did not execute"
"10.1177/8755293020919426","Line did not execute"
"10.14006/j.jzjgxb.2019.0259","DOI not in crossref"
"10.14764/10.ASEAS-0037","DOI not in crossref"
"10.15286/JPS.129.4.351-382","Line did not execute"
"10.15287/afr.2020.1883","Invalid DOI"
"10.17051/ilkonline.2020.689664","Line did not execute"
"10.18757/ejtir.2020.20.4.4205","DOI not in crossref"
"10.3847/1538-4357/ab7937","Line did not execute"
"10.4052/tigg.1804.4E","Line did not execute"
"10.5194/esurf-8-351-2020","Line did not execute"
"10.5194/esurf-8-595-2020","Line did not execute"
"10.5194/nhess-20-451-2020","Line did not execute"
"10.5303/JKAS.2020.53.6.161","DOI not in crossref"
"10.1007/978-981-13-6034-3","Line did not execute"
"10.1016/j.jcsr.2019.105599","Invalid DOI"
"10.1016/j.nuclphysa.2018.09.049","Line did not execute"
"10.1016/j.nuclphysa.2018.10.028","Line did not execute"
"10.1109/VR46266.2020.00-37","Invalid DOI"
"10.1109/VRW50115.2020.0-177","Invalid DOI"
"10.1109/VRW50115.2020.0-219","Invalid DOI"
"10.15376/biores.14.3.6088-6099","Invalid DOI"
"10.2112/S187-003.1","Invalid DOI"
"10.22092/ijfs.2019.118391","DOI not in crossref"
"10.5303/JKAS.2020.53.1.9","DOI not in crossref"
