WoS Subject,closed,gold,diamond,bronze,green,hybrid,Total,% Open,Closed/AAM embargoed,Closed/AAM immediate,Potential % open
Acoustics,10,0,1,2,2,1,16,37,10,0,100
Agriculture,14,2,1,0,2,1,20,30,14,0,100
Allergy,1,0,0,0,0,0,1,0,1,0,100
Anesthesiology,1,0,0,0,1,0,2,50,1,0,100
Anthropology,1,0,0,0,1,1,3,66,1,0,100
Architecture,0,0,0,0,1,0,1,100,0,0,100
Area Studies,6,0,0,2,1,0,9,33,6,0,100
Art,1,2,0,0,0,0,3,66,1,0,100
Arts & Humanities - Other Topics,6,0,0,0,1,0,7,14,1,4,85
Asian Studies,1,0,0,0,0,0,1,0,0,0,0
Astronomy & Astrophysics,2,2,20,10,72,22,128,98,1,1,100
Audiology & Speech-Language Pathology,27,0,0,3,4,0,34,20,15,7,85
Automation & Control Systems,4,1,0,0,3,1,9,55,4,0,100
Behavioral Sciences,9,0,0,2,6,1,18,50,7,1,94
Biochemistry & Molecular Biology,34,7,0,7,4,15,67,49,25,5,94
Biodiversity & Conservation,12,7,0,1,0,5,25,52,12,0,100
Biomedical Social Sciences,7,0,0,0,2,0,9,22,6,1,100
Biophysics,13,2,0,2,1,2,20,35,12,1,100
Biotechnology & Applied Microbiology,9,1,0,2,3,2,17,47,9,0,100
Business & Economics,79,2,4,5,34,4,128,38,45,31,97
Cardiovascular System & Cardiology,1,0,0,0,0,1,2,50,1,0,100
Cell Biology,3,0,0,3,1,3,10,70,2,1,100
Chemistry,79,23,4,7,22,11,146,45,62,0,88
Classics,3,0,0,0,0,0,3,0,2,1,100
Communication,11,0,0,4,1,0,16,31,4,2,68
Computer Science,75,13,1,5,29,6,129,41,34,8,74
Construction & Building Technology,36,3,0,3,6,0,48,25,17,9,79
Criminology & Penology,4,0,0,0,2,0,6,33,2,2,100
Crystallography,3,0,0,0,2,0,5,40,2,1,100
Cultural Studies,8,0,0,0,1,0,9,11,7,0,88
Demography,1,0,0,1,0,0,2,50,0,0,50
"Dentistry, Oral Surgery & Medicine",2,0,0,0,1,0,3,33,1,0,66
Dermatology,0,0,0,0,0,1,1,100,0,0,100
Development Studies,3,0,0,0,0,1,4,25,2,0,75
Developmental Biology,2,0,0,0,0,0,2,0,2,0,100
Education & Educational Research,59,5,0,3,18,3,88,32,47,8,95
Electrochemistry,5,2,0,1,1,0,9,44,4,1,100
Emergency Medicine,1,1,0,1,0,0,3,66,1,0,100
Endocrinology & Metabolism,3,0,0,0,0,1,4,25,2,0,75
Energy & Fuels,33,6,0,2,8,0,49,32,30,0,93
Engineering,253,37,2,15,60,15,382,33,175,53,93
Entomology,6,0,0,0,2,0,8,25,6,0,100
Environmental Sciences & Ecology,152,83,0,19,35,37,326,53,131,12,97
Ethnic Studies,0,0,0,1,1,0,2,100,0,0,100
Evolutionary Biology,10,7,0,4,2,7,30,66,4,2,86
Family Studies,3,0,0,0,1,0,4,25,2,1,100
"Film, Radio & Television",3,0,0,0,0,0,3,0,3,0,100
Fisheries,11,1,0,0,0,1,13,15,9,2,100
Food Science & Technology,8,3,0,1,0,2,14,42,8,0,100
Forestry,18,6,12,1,2,1,40,55,16,1,97
General & Internal Medicine,5,11,1,1,1,1,20,75,1,1,85
Genetics & Heredity,4,3,0,2,0,2,11,63,4,0,100
Geochemistry & Geophysics,10,3,0,1,7,2,23,56,8,0,91
Geography,19,1,3,1,5,4,33,42,17,2,100
Geology,94,24,1,4,23,18,164,42,83,5,96
Geriatrics & Gerontology,3,1,0,0,0,0,4,25,3,0,100
Government & Law,14,0,3,5,6,3,31,54,9,1,87
Health Care Sciences & Services,4,4,0,0,3,0,11,63,1,3,100
History,4,0,0,1,0,0,5,20,3,0,80
History & Philosophy of Science,2,0,0,1,0,0,3,33,1,0,66
Imaging Science & Photographic Technology,5,4,1,1,0,0,11,54,1,0,63
Immunology,0,1,1,1,0,0,3,100,0,0,100
Infectious Diseases,0,2,1,0,0,0,3,100,0,0,100
Information Science & Library Science,6,0,1,0,1,0,8,25,5,1,100
Instruments & Instrumentation,4,4,0,0,4,6,18,77,2,2,100
Integrative & Complementary Medicine,2,0,1,0,0,0,3,33,2,0,100
International Relations,10,0,0,3,3,3,19,47,6,1,84
Legal Medicine,1,0,0,0,1,0,2,50,1,0,100
Life Sciences & Biomedicine - Other Topics,12,4,0,5,10,5,36,66,10,2,100
Linguistics,27,2,0,1,4,1,35,22,13,11,91
Literature,4,0,0,0,0,0,4,0,2,2,100
Marine & Freshwater Biology,34,6,0,3,1,4,48,29,32,2,100
Materials Science,51,19,2,5,19,6,102,50,38,5,92
Mathematical & Computational Biology,5,1,0,1,8,3,18,72,5,0,100
Mathematical Methods In Social Sciences,3,0,0,0,0,1,4,25,3,0,100
Mathematics,21,4,3,1,20,3,52,59,20,1,100
Mechanics,16,0,0,0,9,0,25,36,14,2,100
Medical Ethics,1,0,0,0,0,0,1,0,1,0,100
Medical Informatics,8,0,0,0,3,0,11,27,8,0,100
Medical Laboratory Technology,1,0,0,0,0,0,1,0,1,0,100
Metallurgy & Metallurgical Engineering,2,7,0,1,3,0,13,84,2,0,100
Meteorology & Atmospheric Sciences,12,19,0,1,9,4,45,73,9,1,95
Microbiology,6,12,0,1,1,3,23,73,6,0,100
Mineralogy,2,0,0,0,0,0,2,0,2,0,100
Mining & Mineral Processing,1,0,0,0,0,0,1,0,1,0,100
Mycology,1,0,0,0,0,0,1,0,1,0,100
Neurosciences & Neurology,19,8,0,0,3,1,31,38,15,0,87
Nuclear Science & Technology,0,0,0,0,1,0,1,100,0,0,100
Nursing,5,0,0,0,0,0,5,0,5,0,100
Nutrition & Dietetics,7,1,0,0,0,2,10,30,5,0,80
Obstetrics & Gynecology,3,1,0,0,1,0,5,40,1,0,60
Oceanography,13,2,0,2,1,0,18,27,11,1,94
Oncology,3,2,0,0,0,2,7,57,3,0,100
Operations Research & Management Science,9,1,0,0,2,2,14,35,9,0,100
Ophthalmology,1,1,0,0,0,0,2,50,1,0,100
Optics,12,0,0,0,4,0,16,25,9,0,81
Orthopedics,1,0,0,0,0,0,1,0,1,0,100
Otorhinolaryngology,9,0,0,2,1,0,12,25,6,1,83
Paleontology,0,1,0,0,1,0,2,100,0,0,100
Pediatrics,10,0,0,2,4,0,16,37,8,1,93
Pharmacology & Pharmacy,8,3,0,1,1,1,14,42,6,0,85
Philosophy,6,0,0,0,0,0,6,0,6,0,100
Physical Geography,19,3,0,2,4,6,34,44,16,0,91
Physics,24,18,97,1,34,44,218,88,11,11,99
Physiology,5,1,0,0,0,0,6,16,3,2,100
Plant Sciences,21,9,0,4,3,5,42,50,17,0,90
Polymer Science,3,1,0,0,1,1,6,50,1,0,66
Psychiatry,17,1,0,1,2,0,21,19,13,4,100
Psychology,63,12,0,6,15,10,106,40,47,15,99
Public Administration,12,0,0,3,1,3,19,36,7,4,94
"Public, Environmental & Occupational Health",23,14,2,2,4,4,49,53,17,6,100
"Radiology, Nuclear Medicine & Medical Imaging",8,3,0,2,2,1,16,50,6,0,87
Rehabilitation,29,0,0,1,4,0,34,14,19,6,88
Religion,2,0,0,0,1,0,3,33,2,0,100
Remote Sensing,1,6,1,1,0,0,9,88,1,0,100
Research & Experimental Medicine,0,3,0,0,0,0,3,100,0,0,100
Respiratory System,3,0,0,0,2,1,6,50,3,0,100
Rheumatology,1,0,0,0,0,0,1,0,1,0,100
Robotics,3,2,0,0,2,0,7,57,1,0,71
Science & Technology - Other Topics,50,73,2,11,14,9,159,68,38,4,94
Social Issues,2,0,0,0,2,1,5,60,2,0,100
Social Sciences - Other Topics,83,1,1,4,13,5,107,22,69,13,99
Social Work,3,3,0,1,2,0,9,66,3,0,100
Sociology,15,0,0,1,3,1,20,25,10,5,100
Spectroscopy,9,0,0,0,2,0,11,18,8,0,90
Sport Sciences,7,1,0,0,2,0,10,30,6,1,100
Substance Abuse,1,1,0,0,0,0,2,50,1,0,100
Surgery,1,0,0,0,0,0,1,0,1,0,100
Telecommunications,10,10,0,0,3,0,23,56,2,8,100
Thermodynamics,12,0,0,0,5,0,17,29,12,0,100
Toxicology,5,0,0,1,0,2,8,37,4,1,100
Transportation,22,0,0,1,7,0,30,26,17,4,96
Urban Studies,13,0,0,0,1,0,14,7,9,4,100
Urology & Nephrology,1,0,0,0,0,0,1,0,1,0,100
Veterinary Sciences,0,1,0,0,1,0,2,100,0,0,100
Virology,1,1,0,1,0,0,3,66,1,0,100
Water Resources,25,8,0,0,5,5,43,41,19,6,100
Women's Studies,0,0,0,0,2,0,2,100,0,0,100
Zoology,25,1,0,4,6,1,37,32,19,4,94
