"DOI","Error"
"10.1002/bin.1651","Invalid DOI"
"10.11999/JEIT190094","DOI not in crossref"
"10.12989/scs.2019.32.1.037","DOI not in crossref"
"10.14006/j.jzjgxb.2017.0748","DOI not in crossref"
"10.15203/OEGA_28.8","Invalid DOI"
"10.18154/RWTH-CONV-239914","DOI not in crossref"
"10.18420/se2019-42","DOI not in crossref"
"10.24425/ppb.2019.129453","DOI not in crossref"
"10.25537/dm.2019v24.899-914","DOI not in crossref"
"10.341711/mjiri.33.32","Invalid DOI"
"10.4473/TPM26.3.6","DOI not in crossref"
"10.7189/jogh-09-020303","Invalid DOI"
"10.1098/rsif.2020.0488rsif20200488","Invalid DOI"
"10.1098/rsif.2020.0545rsif20200545","Invalid DOI"
"10.1098/rspb.2020.0550rspb20200550","Invalid DOI"
"10.1098/rspb.2020.2454rspb","Invalid DOI"
"10.1145/3421590.3421613","Invalid DOI"
"10.14006/j.jzjgxb.2019.0259","DOI not in crossref"
"10.14764/10.ASEAS-0037","DOI not in crossref"
"10.15287/afr.2020.1883","Invalid DOI"
"10.18757/ejtir.2020.20.4.4205","DOI not in crossref"
"10.5303/JKAS.2020.53.6.161","DOI not in crossref"
"10.1016/j.jcsr.2019.105599","Invalid DOI"
"10.1109/VR46266.2020.00-37","Invalid DOI"
"10.1109/VRW50115.2020.0-177","Invalid DOI"
"10.1109/VRW50115.2020.0-219","Invalid DOI"
"10.15376/biores.14.3.6088-6099","Invalid DOI"
"10.2112/S187-003.1","Invalid DOI"
"10.22092/ijfs.2019.118391","DOI not in crossref"
"10.5303/JKAS.2020.53.1.9","DOI not in crossref"
