Repository,Items,Published Version,Accepted Version,Submitted Version,Null
CULeuclid,3,1,0,2,0
DiVA.org,26,23,0,3,0
EVASTAR-Karlsruhe.de,86,86,0,0,0
HAL,43,16,0,27,0
RePEc,26,1,0,25,0
aber.ac.uk,4,4,0,0,0
academiccommons.columbia.edu,1,0,0,1,0
accedacris.ulpgc.es,1,1,0,0,0
addi.ehu.es,2,1,1,0,0
agritrop.cirad.fr,1,1,0,0,0
air.unimi.it,3,2,0,1,0
air.uniud.it,1,0,0,1,0
aisberg.unibg.it,188,152,0,36,0
animalstudiesrepository.org,1,1,0,0,0
arXiv.org,370,0,2,368,0
archimer.ifremer.fr,3,2,0,1,0
archive.ugent.be,252,252,0,0,0
arpi.unipi.it,77,67,0,10,0
arro.anglia.ac.uk,2,0,2,0,0
arts.units.it,131,107,0,24,0
aura.abdn.ac.uk,2,1,0,1,0
authors.library.caltech.edu,120,0,120,0,0
bib-pubdb1.desy.de,166,166,0,0,0
boa.unimib.it,51,36,0,15,0
bora.uib.no,2,1,1,0,0
boris.unibe.ch,2,2,0,0,0
bradscholars.brad.ac.uk,2,2,0,0,0
bura.brunel.ac.uk,14,13,0,1,0
cds.cern.ch,207,163,0,44,0
centaur.reading.ac.uk,5,0,5,0,0
clok.uclan.ac.uk,1,0,1,0,0
comum.rcaap.pt,7,6,0,1,0
cris.unibo.it,92,83,0,9,0
cronfa.swan.ac.uk,6,1,5,0,0
d-scholarship.pitt.edu,2,0,2,0,0
darchive.mblwhoilibrary.org,5,4,0,1,0
dare.uva.nl,3,1,0,2,0
dash.harvard.edu,1,0,1,0,0
ddd.uab.cat,2,1,0,1,0
deepblue.lib.umich.edu,2,2,0,0,0
dialnet.unirioja.es,1,0,0,1,0
digibug.ugr.es,7,5,0,2,0
digibuo.uniovi.es,168,139,0,29,0
digital.csic.es,110,83,0,27,0
digital.library.adelaide.edu.au,6,3,0,3,0
digitalcollection.zhaw.ch,1,1,0,0,0
digitalcommons.chapman.edu,1,1,0,0,0
digitalcommons.mtu.edu,1,1,0,0,0
digitalcommons.usu.edu,2,2,0,0,0
diglib.uibk.ac.at,1,0,0,1,0
diposit.ub.edu,3,3,0,0,0
dipot.ulb.ac.be,195,158,0,37,0
discovery.dundee.ac.uk,2,1,1,0,0
dora,209,166,42,0,0
doras.dcu.ie,1,0,1,0,0
dro.dur.ac.uk.OAI2,8,0,8,0,0
dspace.library.uvic.ca,2,2,0,0,0
dspace.mit.edu,48,46,0,2,0
dspace.stir.ac.uk,3,2,0,1,0
dspace.vsb.cz,1,1,0,0,0
dspace.vutbr.cz,1,1,0,0,0
e-docs.geo-leo.de,1,1,0,0,0
e-space.mmu.ac.uk,4,0,4,0,0
earsiv.kmu.edu.tr,184,124,0,60,0
econstor.eu,7,1,0,6,0
edpsciences.org,6,1,0,5,0
elar.urfu.ru,1,1,0,0,0
elib.bsu.by,1,0,0,1,0
elib.dlr.de,9,0,9,0,0
eprint.ncl.ac.uk,6,5,0,1,0
eprints.bournemouth.ac.uk,2,0,2,0,0
eprints.gla.ac.uk,8,0,8,0,0
eprints.glos.ac.uk,1,0,1,0,0
eprints.iisc.ac.in,84,1,82,1,0
eprints.keele.ac.uk,7,0,7,0,0
eprints.kingston.ac.uk,1,0,1,0,0
eprints.lancs.ac.uk,6,0,6,0,0
eprints.leedsbeckett.ac.uk,6,0,6,0,0
eprints.lincoln.ac.uk,1,0,1,0,0
eprints.lse.ac.uk,1,0,0,1,0
eprints.mdx.ac.uk,1,0,0,1,0
eprints.qut.edu.au,3,1,0,2,0
eprints.soton.ac.uk,14,0,14,0,0
eprints.ucl.ac.uk.OAI2,17,11,0,6,0
eprints.usq.edu.au,1,0,1,0,0
eprints.utas.edu.au,13,0,13,0,0
eprints.whiterose.ac.uk,36,8,26,2,0
epubs.surrey.ac.uk,3,0,3,0,0
erepo.uef.fi,1,1,0,0,0
eresearch.ozyegin.edu.tr,35,26,0,9,0
escholarship.org,41,8,0,33,0
espace.curtin.edu.au,1,0,0,1,0
estudogeral.sib.uc.pt,1,1,0,0,0
europepmc.org,224,222,2,0,0
figshare.com,4,0,0,4,0
flore.unifi.it,3,2,0,1,0
frl.publisso.de,2,2,0,0,0
fulir.irb.hr,194,114,0,80,0
gala.gre.ac.uk,1,0,1,0,0
generic.eprints.org,105,20,85,0,0
gesis.izsoz.de,2,1,0,1,0
gfzpublic.gfz-potsdam.de,3,2,0,1,0
hau.collections.crest.ac.uk,1,0,0,1,0
helda.helsinki.fi,209,208,0,1,0
hesso.tind.io,1,1,0,0,0
hindawi.com,5,5,0,0,0
hrcak.srce.hr,4,4,0,0,0
http,44,0,5,0,0
https,39,29,0,10,0
hull-repository.worktribe.com,4,4,0,0,0
hvlopen.brage.unit.no,1,1,0,0,0
hzi.openrepository.com,1,0,0,1,0
imis.nioz.nl,2,2,0,0,0
imr.brage.unit.no,1,1,0,0,0
infoscience.epfl.ch,108,92,0,16,0
ir.Vanderbilt.edu,1,0,0,1,0
ir.canterbury.ac.nz,358,122,2,234,0
ir.library.osaka-u.ac.jp,1,1,0,0,0
ir.vanderbilt.edu,1,1,0,0,0
ira.lib.polyu.edu.hk,1,1,0,0,0
irep.ntu.ac.uk,5,0,5,0,0
iris.unibas.it,126,2,0,124,0
iris.unica.it,3,2,0,1,0
iris.unipa.it,3,1,0,2,0
iris.uniroma1.it,116,96,0,20,0
iris.unito.it,164,132,0,32,0
irsteadoc.irstea.fr,1,1,0,0,0
jupiter.its.unimelb.edu.au,18,14,0,4,0
jyx.jyu.fi,4,4,0,0,0
kar.kent.ac.uk,2,0,2,0,0
kops.uni-konstanz.de,1,1,0,0,0
kuscholarworks.ku.edu,114,98,0,16,0
library.wur.nl,4,4,0,0,0
lilloa.univ-lille.fr,2,0,0,2,0
lirias2repo.kuleuven.be,7,3,0,4,0
lra.le.ac.uk,1,1,0,0,0
lup.lub.lu.se,1,0,0,1,0
macau.uni-kiel.de,1,1,0,0,0
mdpi.com,6,5,0,1,0
mdsoar.org,1,1,0,0,0
mediatum.ub.tum.de,9,8,0,1,0
munin.uit.no,2,1,1,0,0
muse.jhu.edu,1,1,0,0,0
nora.nerc.ac.uk,7,0,7,0,0
nottingham-repository.worktribe.com,2,2,0,0,0
nrl.northumbria.ac.uk,4,0,4,0,0
ntnuopen.ntnu.no,1,0,0,1,0
oatao.univ-toulouse.fr,3,0,3,0,0
oceanrep.geomar.de,4,0,4,0,0
ojs.pkp.sfu.ca,1,1,0,0,0
open.metu.edu.tr,5,4,0,1,0
openaccess.iyte.edu.tr,153,127,0,26,0
openaccess.leidenuniv.nl,2,2,0,0,0
openrepository.aut.ac.nz,3,1,0,2,0
openresearch-repository.anu.edu.au,7,4,0,3,0
opinvisindi.is,5,4,0,1,0
opus.lib.uts.edu.au,6,4,1,1,0
ora.ox.ac.uk,17,14,0,3,0
orbi.ulg.ac.be,17,8,0,9,0
ore.exeter.ac.uk,1,0,1,0,0
oro.open.ac.uk,5,0,5,0,0
oskar-bordeaux.fr,1,1,0,0,0
osti.gov,169,2,0,167,0
oulu.fi,5,5,0,0,0
ourarchive.otago.ac.nz,4,1,0,3,0
pdxscholar.library.pdx.edu,1,1,0,0,0
psasir.upm.edu.my,2,0,2,0,0
pubblicazioni.unicam.it,1,1,0,0,0
publications.aston.ac.uk,5,0,5,0,0
publications.rwth-aachen.de,5,5,0,0,0
publikationen.ub.uni-frankfurt.de,1,1,0,0,0
pure.atira.dk,39,23,1,15,0
pure.ed.ac.uk,15,3,1,11,0
pure.iiasa.ac.at,3,0,3,0,0
pure.leuphana.de,1,1,0,0,0
pure.mpg.de,7,3,0,4,0
pure.qub.ac.uk,9,9,0,0,0
pure.rug.nl,2,2,0,0,0
qmro.qmul.ac.uk,2,1,0,1,0
ray.yorksj.ac.uk,1,0,1,0,0
rde.dspace-express.com,1,1,0,0,0
re.public.polimi.it,1,0,0,1,0
refubium.fu-berlin.de,3,2,0,1,0
repositori.udl.cat,1,1,0,0,0
repositori.upf.edu,1,1,0,0,0
repositorio-aberto.up.pt,2,2,0,0,0
repositorio.uam.es,21,21,0,0,0
repositorio.ul.pt,1,1,0,0,0
repositorio.unican.es,59,59,0,0,0
repositorium.sdum.uminho.pt,1,0,0,1,0
repository.arizona.edu,2,1,1,0,0
repository.hanyang.ac.kr,15,13,0,2,0
repository.kaust.edu.sa,4,4,0,0,0
repository.urosario.edu.co,1,1,0,0,0
repub.eur.nl,4,1,0,3,0
research-information.bris.ac.uk,5,3,0,2,0
research-repository.griffith.edu.au,13,10,1,2,0
research-repository.st-andrews.ac.uk,9,3,5,1,0
research.usc.edu.au,1,1,0,0,0
research.vu.nl,2,1,0,1,0
researcharchive.lincoln.ac.nz,17,14,0,3,0
researcharchive.wintec.ac.nz,1,0,1,0,0
researchcommons.waikato.ac.nz,8,4,3,1,0
researchonline.gcu.ac.uk,1,0,1,0,0
researchonline.jcu.edu.au,7,0,7,0,0
researchonline.ljmu.ac.uk,4,0,4,0,0
researchonline.lshtm.ac.uk,1,0,1,0,0
researchonline.rvc.ac.uk,1,0,1,0,0
researchportal.port.ac.uk,1,1,0,0,0
researchrepository.murdoch.edu.au,1,1,0,0,0
ri.conicet.gov.ar,3,3,0,0,0
riunet.upv.es,1,1,0,0,0
rke.abertay.ac.uk,1,0,1,0,0
ro.ecu.edu.au,5,2,0,3,0
ro.uow.edu.au,4,1,0,3,0
roderic.uv.es,2,2,0,0,0
ruj.uj.edu.pl,1,0,0,1,0
scholarlypublications.universiteitleiden.nl,1,0,0,1,0
sdu.dk,1,1,0,0,0
semanticscholar.org,63,0,0,63,0
share.osf.io,6,1,0,5,0
spiral.imperial.ac.uk,184,151,1,32,0
sro.sussex.ac.uk,2,0,2,0,0
strathprints.strath.ac.uk,2,0,2,0,0
sure.sunderland.ac.uk,1,0,1,0,0
t2r2.star.titech.ac.jp,1,1,0,0,0
tara.tcd.ie,1,1,0,0,0
tilburguniversity.edu,2,1,0,1,0
toi.brage.unit.no,1,0,0,1,0
trepo.tuni.fi,1,1,0,0,0
tsukuba.repo.nii.ac.jp,3,2,0,1,0
tudelft.nl,4,4,0,0,0
ueaeprints.uea.ac.uk,6,0,6,0,0
uhra.herts.ac.uk,2,0,2,0,0
ulir.ul.ie,2,1,0,1,0
unige.ch,10,9,1,0,0
univoak.eu,19,0,0,19,0
upcommons.upc.edu,7,4,0,3,0
urm_publish,9,0,9,0,0
usiena-air.unisi.it,1,0,0,1,0
uvadoc.uva.es,1,0,0,1,0
v-lib-bura1.brunel.ac.uk,181,148,0,33,0
vinar.vin.bg.ac.rs,108,108,0,0,0
vtechworks.lib.vt.edu,4,4,0,0,0
vubissmart,82,24,0,58,0
works.swarthmore.edu,1,1,0,0,0
wrap.warwick.ac.uk,2,2,0,0,0
www.duo.uio.no,4,3,1,0,0
www.lume.ufrgs.br,74,74,0,0,0
www.repository.cam.ac.uk,7,5,0,2,0
www.research-collection.ethz.ch,61,61,0,0,0
www.tdx.cat,1,1,0,0,0
www.ucm.es,2,0,1,1,0
www.wellbeingintlstudiesrepository.org,1,1,0,0,0
www.zora.uzh.ch,182,1,180,1,0
zenodo.org,7,3,0,4,0
