WoS Subject,closed,gold,diamond,bronze,green,hybrid,Total,% Open,Closed/AAM embargoed,Closed/AAM immediate,Potential % open
Acoustics,4,0,0,0,3,0,7,42,0,4,100
Agriculture,7,0,0,0,0,1,8,12,4,2,87
Allergy,3,0,0,0,1,2,6,50,3,0,100
Anesthesiology,3,0,0,1,0,0,4,25,2,1,100
Anthropology,7,2,0,0,0,0,9,22,5,1,88
Archaeology,2,0,0,0,0,1,3,33,1,1,100
Architecture,6,1,0,2,5,0,14,57,5,1,100
Area Studies,14,0,1,1,4,0,20,30,7,5,90
Art,0,0,0,0,1,0,1,100,0,0,100
Arts & Humanities - Other Topics,8,1,3,1,3,1,17,52,1,3,76
Asian Studies,3,0,0,1,0,0,4,25,2,1,100
Astronomy & Astrophysics,0,9,0,10,35,2,56,100,0,0,100
Audiology & Speech-Language Pathology,3,0,0,0,0,0,3,0,1,2,100
Automation & Control Systems,11,1,0,2,10,1,25,56,0,10,96
Behavioral Sciences,7,1,0,0,3,1,12,41,7,0,100
Biochemistry & Molecular Biology,44,17,1,6,10,10,88,50,34,1,89
Biodiversity & Conservation,14,11,0,2,6,4,37,62,12,2,100
Biomedical Social Sciences,9,0,0,1,0,2,12,25,6,2,91
Biophysics,11,0,0,1,1,3,16,31,9,2,100
Biotechnology & Applied Microbiology,10,3,0,0,1,2,16,37,6,2,87
Business & Economics,150,2,0,16,64,8,240,37,98,45,97
Cardiovascular System & Cardiology,1,0,0,0,0,0,1,0,1,0,100
Cell Biology,8,1,0,11,3,1,24,66,6,1,95
Chemistry,136,34,8,5,16,7,206,33,98,3,83
Classics,3,0,0,0,0,0,3,0,0,2,66
Communication,21,0,1,0,5,7,34,38,11,9,97
Computer Science,170,13,6,12,63,6,270,37,45,50,72
Construction & Building Technology,14,1,1,1,1,0,18,22,12,2,100
Criminology & Penology,28,0,0,2,10,0,40,30,15,13,100
Crystallography,1,0,0,1,0,1,3,66,1,0,100
Cultural Studies,11,0,0,2,0,0,13,15,6,5,100
Demography,3,1,0,0,0,0,4,25,2,0,75
"Dentistry, Oral Surgery & Medicine",0,1,0,1,0,0,2,100,0,0,100
Development Studies,9,0,0,0,4,2,15,40,9,0,100
Developmental Biology,0,0,0,1,0,1,2,100,0,0,100
Education & Educational Research,77,4,3,15,23,2,124,37,65,8,96
Electrochemistry,12,0,0,1,3,1,17,29,12,0,100
Emergency Medicine,1,0,0,1,0,0,2,50,1,0,100
Endocrinology & Metabolism,2,1,0,1,4,4,12,83,1,0,91
Energy & Fuels,21,6,0,0,7,1,35,40,18,0,91
Engineering,120,21,3,5,33,1,183,34,46,34,78
Entomology,2,1,0,2,5,0,10,80,2,0,100
Environmental Sciences & Ecology,92,77,0,12,27,26,234,60,77,7,96
Ethnic Studies,16,0,1,0,2,1,20,20,7,4,75
Evolutionary Biology,6,5,0,2,8,2,23,73,5,1,100
Family Studies,9,0,1,0,1,1,12,25,4,5,100
"Film, Radio & Television",13,0,0,0,0,0,13,0,12,1,100
Fisheries,8,0,0,1,2,5,16,50,6,2,100
Food Science & Technology,14,2,0,1,1,2,20,30,10,3,95
Forestry,1,0,0,0,0,0,1,0,1,0,100
General & Internal Medicine,5,20,5,6,2,8,46,89,3,2,100
Genetics & Heredity,7,5,0,0,1,0,13,46,4,2,92
Geochemistry & Geophysics,30,2,0,8,8,15,63,52,22,6,96
Geography,24,1,0,0,4,3,32,25,21,3,100
Geology,61,29,7,7,24,25,153,60,52,2,95
Geriatrics & Gerontology,1,1,0,0,2,4,8,87,1,0,100
Government & Law,56,0,1,8,8,4,77,27,38,9,88
Health Care Sciences & Services,5,19,5,1,5,2,37,86,3,2,100
Hematology,4,0,0,1,1,1,7,42,3,0,85
History,22,0,0,0,2,0,24,8,10,9,87
History & Philosophy of Science,9,0,0,1,2,1,13,30,6,3,100
Imaging Science & Photographic Technology,4,6,0,2,5,0,17,76,0,2,88
Immunology,11,12,3,13,3,4,46,76,8,0,93
Infectious Diseases,2,1,3,0,1,1,8,75,0,0,75
Information Science & Library Science,23,3,0,2,10,2,40,42,7,15,97
Instruments & Instrumentation,7,2,0,0,1,0,10,30,6,1,100
International Relations,8,0,0,4,6,1,19,57,7,1,100
Legal Medicine,2,0,1,0,0,0,3,33,2,0,100
Life Sciences & Biomedicine - Other Topics,7,5,0,4,5,2,23,69,7,0,100
Linguistics,59,0,1,3,8,3,74,20,26,28,93
Literature,13,1,0,1,0,0,15,13,11,2,100
Marine & Freshwater Biology,45,12,0,4,9,8,78,42,42,2,98
Materials Science,90,24,6,5,17,4,146,38,61,6,84
Mathematical & Computational Biology,23,0,0,0,4,1,28,17,0,0,17
Mathematical Methods In Social Sciences,2,0,0,0,0,2,4,50,2,0,100
Mathematics,36,2,4,4,43,7,96,62,21,10,94
Mechanics,1,0,0,0,0,0,1,0,1,0,100
Medical Ethics,2,0,0,0,0,1,3,33,0,0,33
Medical Informatics,1,4,3,0,0,1,9,88,1,0,100
Medical Laboratory Technology,0,1,0,0,0,0,1,100,0,0,100
Metallurgy & Metallurgical Engineering,8,1,0,0,1,0,10,20,8,0,100
Meteorology & Atmospheric Sciences,10,19,3,3,9,8,52,80,8,0,96
Microbiology,5,5,0,3,3,5,21,76,5,0,100
Mineralogy,6,1,0,0,0,0,7,14,6,0,100
Mining & Mineral Processing,1,1,0,0,1,0,3,66,1,0,100
Music,3,0,0,0,0,0,3,0,0,3,100
Neurosciences & Neurology,22,9,0,1,11,4,47,53,21,1,100
Nuclear Science & Technology,1,0,0,0,0,0,1,0,1,0,100
Nursing,6,8,0,1,3,1,19,68,6,0,100
Nutrition & Dietetics,4,4,0,1,1,0,10,60,2,0,80
Obstetrics & Gynecology,5,1,0,1,1,1,9,44,5,0,100
Oceanography,17,2,0,5,5,7,36,52,14,2,97
Oncology,5,9,0,1,1,1,17,70,3,0,88
Operations Research & Management Science,44,0,0,3,8,1,56,21,10,0,39
Ophthalmology,1,0,0,0,1,0,2,50,1,0,100
Optics,13,1,0,1,2,0,17,23,9,1,82
Orthopedics,0,0,0,0,0,1,1,100,0,0,100
Paleontology,5,0,0,0,1,2,8,37,5,0,100
Parasitology,0,0,0,0,1,1,2,100,0,0,100
Pathology,1,0,0,0,0,0,1,0,1,0,100
Pediatrics,8,0,0,3,2,0,13,38,6,0,84
Pharmacology & Pharmacy,19,7,0,2,10,0,38,50,11,0,78
Philosophy,8,0,0,0,3,2,13,38,6,2,100
Physical Geography,15,19,0,2,6,4,46,67,15,0,100
Physics,91,36,3,3,56,10,199,54,48,34,95
Physiology,0,5,0,0,1,1,7,100,0,0,100
Plant Sciences,20,4,0,2,7,1,34,41,15,2,91
Polymer Science,15,2,0,0,1,1,19,21,12,0,84
Psychiatry,24,6,0,1,5,8,44,45,19,5,100
Psychology,156,11,0,14,47,23,251,37,102,50,98
Public Administration,34,1,1,1,6,2,45,24,25,9,100
"Public, Environmental & Occupational Health",11,26,3,4,9,5,58,81,8,2,98
"Radiology, Nuclear Medicine & Medical Imaging",3,1,0,2,1,0,7,57,3,0,100
Rehabilitation,29,0,0,0,5,2,36,19,22,2,86
Religion,5,2,0,0,1,0,8,37,4,1,100
Remote Sensing,2,6,0,1,3,0,12,83,0,2,100
Reproductive Biology,3,0,0,1,0,2,6,50,3,0,100
Research & Experimental Medicine,2,2,0,0,2,2,8,75,1,1,100
Respiratory System,4,5,0,6,0,2,17,76,1,0,82
Rheumatology,0,1,0,1,2,1,5,100,0,0,100
Robotics,1,0,0,0,1,0,2,50,1,0,100
Science & Technology - Other Topics,68,114,7,8,26,16,239,71,38,11,92
Social Issues,6,0,2,0,2,2,12,50,1,4,91
Social Sciences - Other Topics,47,33,8,6,10,6,110,57,35,8,96
Social Work,1,0,0,0,1,0,2,50,1,0,100
Sociology,40,1,1,5,6,3,56,28,15,19,89
Spectroscopy,8,0,0,0,1,0,9,11,8,0,100
Sport Sciences,3,0,0,0,1,2,6,50,3,0,100
Substance Abuse,6,0,0,0,0,1,7,14,6,0,100
Surgery,2,0,0,0,0,0,2,0,2,0,100
Telecommunications,21,9,0,1,5,2,38,44,7,6,78
Theater,1,0,0,0,1,0,2,50,0,1,100
Thermodynamics,1,0,0,1,0,0,2,50,1,0,100
Toxicology,1,0,0,0,1,1,3,66,1,0,100
Transportation,3,0,1,0,2,0,6,50,2,0,83
Tropical Medicine,0,0,0,0,1,0,1,100,0,0,100
Urban Studies,8,0,0,1,2,0,11,27,7,1,100
Veterinary Sciences,4,0,0,0,2,1,7,42,4,0,100
Virology,1,3,1,0,1,1,7,85,0,0,85
Water Resources,7,2,1,1,4,5,20,65,7,0,100
Women's Studies,14,0,0,0,0,0,14,100,0,0,100
Zoology,16,0,0,2,1,1,20,20,10,4,90
