"DOI","Error"
"10.4230/LIPIcs.IPEC.2020.3","DOI not in crossref"
"10.4230/LIPIcs.IPEC.2020.6","DOI not in crossref"
"10.7900/jot.2018aug23.2202","Invalid DOI"
"10.1098/rsob.200218rsob200218","Invalid DOI"
"10.5617/adno7975","Invalid DOI"
"10.1419/96346","DOI not in crossref"
"10.34190/ESM.20.060","Invalid DOI"
"10.6084/m9.figshare.c.4834923","DOI not in crossref"
"10.20495/seas.9.1_3","DOI not in crossref"
"10.1177/2053951720912775","Line did not execute"
"10.20507/MAIJournal.2021.10.2.13","Invalid DOI"
"10.1177/11786329211062742","Line did not execute"
"10.1108/EBHRM-09-2020-0124","Invalid DOI"
"10.4230/LIPIcs.ECOOP.2021.21","DOI not in crossref"
"10.7507/1672-2531.202012158","DOI not in crossref"
"10.7900/jot.2019aug22.2266","Invalid DOI"
"10.23919/EATS52162.2021.9704818","Invalid DOI"
"10.20507/MAIJournal.2021.10.1.71","Invalid DOI"
"10.1177/21582440211032202","Line did not execute"
"10.1177/2333393621995164","Line did not execute"
"10.1080/10345329.2020.1853127","DOI not in crossref"
"10.1109/VRW50115.2020.00-89","Invalid DOI"
"10.15286/jps.130.2.137-148","Invalid DOI"
"10.1355/cs43-1s","Invalid DOI"
"10.25849/myrmecol.news_030:213","DOI not in crossref"
"10.17879/59019509488","DOI not in crossref"
"10.20495/seas.9.13","Invalid DOI"
"10.1016/j.marenveres.2020.105086","Invalid DOI"
"10.1515/bot-2021","Invalid DOI"
"10.18417/emisa.15.2","DOI not in crossref"
"10.1136/fetalneonatal-2019-317417","Invalid DOI"
"10.1016/j.apenergy.2061.116563","Invalid DOI"
"10.1109/VRW50115.2020.00-50","Invalid DOI"
"10.17554/eLife.59081","Invalid DOI"
"10.7554/eLife.70968;10.7554/eLife.70968.sa1;10.7554/eLife.70968.sa2","Invalid DOI"
"10.5303/JKAS.2020.53.6.161","DOI not in crossref"
"10.1177/2515245919900809","Line did not execute"
