Repository,Items,Published Version,Accepted Version,Submitted Version,Null
CiteSeerX.psu,1,0,0,1,0
DiVA.org,8,7,0,1,0
EVASTAR-Karlsruhe.de,1,1,0,0,0
HAL,44,21,0,23,0
RePEc,27,9,0,18,0
aaltodoc.aalto.fi,2,2,0,0,0
aber.ac.uk,1,0,0,1,0
academicworks.cuny.edu,1,1,0,0,0
accedacris.ulpgc.es,1,1,0,0,0
acikerisim.duzce.edu.tr,1,0,0,1,0
addi.ehu.es,1,1,0,0,0
ageconsearch.umn.edu,1,1,0,0,0
air.unimi.it,1,0,0,1,0
alma.44SUR_INST,1,0,0,1,0
apo-prod.ansto.gov.au,1,1,0,0,0
arXiv.org,197,0,1,196,0
archimer.ifremer.fr,3,1,0,2,0
archive.ugent.be,8,8,0,0,0
arro.anglia.ac.uk,1,0,1,0,0
arts.units.it,1,0,0,1,0
aura.abdn.ac.uk,14,11,1,2,0
authors.library.caltech.edu,18,0,18,0,0
biopen.bi.no,2,2,0,0,0
bora.uib.no,3,1,0,2,0
boris.unibe.ch,9,9,0,0,0
brage.inn.no,1,1,0,0,0
bura.brunel.ac.uk,2,1,0,1,0
cdm21054.contentdm.oclc.org,1,0,0,1,0
cds.cern.ch,1,0,0,1,0
centaur.reading.ac.uk,6,0,6,0,0
constellation.uqac.ca,1,0,1,0,0
cris.maastrichtuniversity.nl,2,2,0,0,0
cronfa.swan.ac.uk,8,4,4,0,0
darchive.mblwhoilibrary.org,2,1,0,1,0
dare.uva.nl,4,4,0,0,0
deepblue.lib.umich.edu,1,0,0,1,0
depot.ceon.pl,1,1,0,0,0
derby.openrepository.com,2,0,0,2,0
dergipark.org.tr,1,0,0,1,0
dialnet.unirioja.es,1,0,0,1,0
digibug.ugr.es,3,2,1,0,0
digibuo.uniovi.es,1,1,0,0,0
digital.csic.es,7,4,0,3,0
digital.library.adelaide.edu.au,1,1,0,0,0
digitalcollection.zhaw.ch,5,4,0,1,0
digitalcommons.lsu.edu,2,0,0,2,0
digitalcommons.odu.edu,1,1,0,0,0
digitalcommons.unl.edu,1,0,0,1,0
digitalcommons.usu.edu,1,1,0,0,0
digitalcommons.wayne.edu,1,0,0,1,0
digitalcommons.wustl.edu,1,1,0,0,0
digitalscholarship.unlv.edu,1,0,0,1,0
diglib.uibk.ac.at,1,1,0,0,0
dipot.ulb.ac.be,6,3,0,3,0
discovery.dundee.ac.uk,4,3,0,1,0
dnet,2,2,0,0,0
doc.rero.ch,1,1,0,0,0
dora,5,1,1,0,0
dora.dmu.ac.uk,1,0,0,1,0
doras.dcu.ie,2,0,2,0,0
dr.library.brocku.ca,1,1,0,0,0
dro.dur.ac.uk.OAI2,15,0,15,0,0
drops-oai.dagstuhl.de,1,1,0,0,0
dspace.lib.cranfield.ac.uk,2,2,0,0,0
dspace.library.uvic.ca,2,2,0,0,0
dspace.mit.edu,7,4,0,3,0
dspace.stir.ac.uk,2,2,0,0,0
dspace.ucuenca.edu.ec,1,1,0,0,0
e-docs.geo-leo.de,4,3,0,1,0
econstor.eu,13,2,0,11,0
edoc.unibas.ch,2,0,2,0,0
edpsciences.org,2,0,0,2,0
elar.urfu.ru,2,2,0,0,0
elib.dlr.de,1,0,1,0,0
epic.awi.de,7,5,0,2,0
eprint.ncl.ac.uk,4,3,0,1,0
eprints.bbk.ac.uk.oai2,5,0,5,0,0
eprints.bournemouth.ac.uk,3,0,3,0,0
eprints.gla.ac.uk,19,0,19,0,0
eprints.gold.ac.uk,1,0,1,0,0
eprints.keele.ac.uk,11,0,11,0,0
eprints.lancs.ac.uk,8,0,8,0,0
eprints.leedsbeckett.ac.uk,1,0,0,1,0
eprints.lse.ac.uk,4,0,4,0,0
eprints.mdx.ac.uk,1,0,1,0,0
eprints.qut.edu.au,10,3,2,5,0
eprints.soton.ac.uk,30,0,30,0,0
eprints.ucl.ac.uk.OAI2,23,11,0,12,0
eprints.ums.edu.my,2,0,2,0,0
eprints.usq.edu.au,1,0,1,0,0
eprints.utas.edu.au,11,0,11,0,0
eprints.whiterose.ac.uk,16,4,11,1,0
epub.uni-regensburg.de,1,1,0,0,0
erudit.org,2,0,0,2,0
escholarship.org,17,7,0,10,0
espace.curtin.edu.au,4,2,0,2,0
espace.library.uq.edu.au,2,2,0,0,0
europepmc.org,130,127,3,0,0
fhi.brage.unit.no,1,1,0,0,0
figshare.com,372,208,3,161,0
flore.unifi.it,1,1,0,0,0
fraunhofer.de,1,1,0,0,0
frl.publisso.de,1,0,0,1,0
generic.eprints.org,1,0,1,0,0
gfzpublic.gfz-potsdam.de,4,3,0,1,0
helda.helsinki.fi,7,4,2,1,0
hindawi.com,1,1,0,0,0
https,7,0,7,0,0
hull-repository.worktribe.com,11,9,2,0,0
idus.us.es,1,1,0,0,0
ink.library.smu.edu.sg,5,2,1,2,0
ir.canterbury.ac.nz,13,4,0,9,0
ir.lib.uwo.ca,1,0,0,1,0
ir.unimas.my,1,0,1,0,0
irep.ntu.ac.uk,3,0,3,0,0
iris.unipa.it,1,1,0,0,0
iris.uniroma1.it,1,0,0,1,0
iris.unito.it,1,1,0,0,0
iris.unive.it,1,0,0,1,0
jukuri.luke.fi,1,1,0,0,0
jupiter.its.unimelb.edu.au,38,30,0,8,0
jyx.jyu.fi,1,1,0,0,0
kar.kent.ac.uk,7,0,7,0,0
kops.uni-konstanz.de,3,3,0,0,0
kuscholarworks.ku.edu,2,1,0,1,0
lib.dr.iastate.edu,1,0,0,1,0
library.wur.nl,3,2,1,0,0
lirias2repo.kuleuven.be,8,4,4,0,0
marjon.collections.crest.ac.uk,1,0,1,0,0
mdpi.com,70,60,0,10,0
mdsoar.org,1,0,0,1,0
mro.massey.ac.nz,2,0,2,0,0
munin.uit.no,4,3,0,1,0
mural.maynoothuniversity.ie,1,0,1,0,0
napier-surface.worktribe.com,1,1,0,0,0
nectar.northampton.ac.uk,1,0,1,0,0
nora.nerc.ac.uk,16,0,16,0,0
nottingham-repository.worktribe.com,5,2,3,0,0
nrl.northumbria.ac.uk,8,0,8,0,0
ntnuopen.ntnu.no,1,1,0,0,0
nulan.mdp.edu.ar,1,1,0,0,0
oai.uniceub.emnuvens.com.br,1,1,0,0,0
oceanrep.geomar.de,8,0,8,0,0
oist.repo.nii.ac.jp,2,2,0,0,0
ojs.localhost,1,1,0,0,0
oma.vliz.be,1,1,0,0,0
openaccess.city.ac.uk,1,0,1,0,0
openaccess.mef.edu.tr,1,1,0,0,0
openarchive.usn.no,1,1,0,0,0
openrepository.aut.ac.nz,7,5,1,1,0
openresearch-repository.anu.edu.au,4,3,1,0,0
opinvisindi.is,1,0,0,1,0
opus.lib.uts.edu.au,6,3,1,2,0
ora.ox.ac.uk,16,12,0,4,0
orbi.ulg.ac.be,3,2,0,1,0
ore.exeter.ac.uk,2,1,1,0,0
oro.open.ac.uk,6,0,6,0,0
osti.gov,12,0,0,12,0
oulu.fi,2,2,0,0,0
pearl.plymouth.ac.uk,4,1,0,3,0
philpapers.org,1,0,1,0,0
philsci-archive.pitt.edu,4,0,0,4,0
psasir.upm.edu.my,1,0,1,0,0
pub.cicero.oslo.no,1,1,0,0,0
pub.epsilon.slu.se,2,2,0,0,0
publications.aston.ac.uk,4,0,4,0,0
publications.pik-potsdam.de,8,5,0,3,0
publications.ut-capitole.fr,1,0,1,0,0
pure.atira.dk,25,13,2,10,0
pure.ed.ac.uk,42,24,11,7,0
pure.iiasa.ac.at,2,0,2,0,0
pure.leuphana.de,1,1,0,0,0
pure.mpg.de,6,5,0,1,0
pure.qub.ac.uk,7,5,2,0,0
pure.rug.nl,7,6,0,1,0
qmro.qmul.ac.uk,1,0,0,1,0
qspace.qu.edu.qa,1,1,0,0,0
qucosa,1,1,0,0,0
real.mtak.hu,1,0,1,0,0
refubium.fu-berlin.de,6,5,0,1,0
repositori.udl.cat,2,2,0,0,0
repositori.uji.es,1,1,0,0,0
repositori.upf.edu,3,3,0,0,0
repositorio-aberto.up.pt,2,2,0,0,0
repositorio.iscte-iul.pt,1,0,1,0,0
repositorio.uac.pt,1,1,0,0,0
repositorio.ucp.pt,1,0,1,0,0
repositorio.ul.pt,1,1,0,0,0
repositorio.unb.br,1,1,0,0,0
repository.bilkent.edu.tr,1,1,0,0,0
repository.cardiffmet.ac.uk,1,0,1,0,0
repository.essex.ac.uk,4,0,4,0,0
repository.kaust.edu.sa,7,5,0,2,0
repository.kulib.kyoto-u.ac.jp,1,1,0,0,0
repository.udca.edu.co,1,1,0,0,0
repository.uel.ac.uk,2,2,0,0,0
repository.ust.hk,1,1,0,0,0
repository.uwtsd.ac.uk,1,0,1,0,0
repozitorij.uni-lj.si,3,3,0,0,0
repub.eur.nl,1,1,0,0,0
research-information.bris.ac.uk,13,8,0,5,0
research-repository.griffith.edu.au,15,14,1,0,0
research-repository.st-andrews.ac.uk,25,16,7,2,0
research.bangor.ac.uk,3,2,0,1,0
research.chalmers.se,4,4,0,0,0
research.vu.nl,1,1,0,0,0
researcharchive.lincoln.ac.nz,3,3,0,0,0
researcharchive.vuw.ac.nz,2,0,0,2,0
researchcommons.waikato.ac.nz,6,3,1,2,0
researchonline.gcu.ac.uk,1,0,1,0,0
researchonline.jcu.edu.au,8,0,8,0,0
researchonline.lshtm.ac.uk,1,0,0,1,0
researchonline.rca.ac.uk,1,0,1,0,0
researchportal.port.ac.uk,4,1,0,3,0
researchrepository.murdoch.edu.au,2,2,0,0,0
researchrepository.ucd.ie,1,1,0,0,0
ri.conicet.gov.ar,4,4,0,0,0
ria.ua.pt,1,1,0,0,0
ro.uow.edu.au,5,2,0,3,0
rua.ua.es,2,1,0,1,0
run.unl.pt,1,0,0,1,0
sapientia.ualg.pt,1,1,0,0,0
scholar.sun.ac.za,3,2,0,1,0
scholarlypublications.universiteitleiden.nl,2,2,0,0,0
scholarsphere.psu.edu,1,0,0,1,0
scholarworks.iupui.edu,1,0,0,1,0
scholarworks.umass.edu,1,0,0,1,0
scielo,1,1,0,0,0
sdu.dk,4,4,0,0,0
semanticscholar.org,1,0,0,1,0
serval.unil.ch,3,1,1,1,0
share.osf.io,26,4,1,21,0
shura.shu.ac.uk,2,0,2,0,0
spiral.imperial.ac.uk,13,9,0,4,0
sro.sussex.ac.uk,3,0,3,0,0
strathprints.strath.ac.uk,21,0,21,0,0
tara.tcd.ie,1,1,0,0,0
trepo.tuni.fi,2,0,2,0,0
tudelft.nl,5,5,0,0,0
ueaeprints.uea.ac.uk,12,0,12,0,0
uia.brage.unit.no,1,1,0,0,0
uknowledge.uky.edu,2,2,0,0,0
unige.ch,2,2,0,0,0
upcommons.upc.edu,5,4,1,0,0
urm_publish,2,0,2,0,0
usir.salford.ac.uk,2,2,0,0,0
vubissmart,4,4,0,0,0
westminsterresearch.westminster.ac.uk,1,0,0,1,0
wrap.warwick.ac.uk,8,4,4,0,0
www.duo.uio.no,3,2,0,1,0
www.lenus.ie,1,1,0,0,0
www.open-access.bcu.ac.uk,3,0,3,0,0
www.repository.cam.ac.uk,23,11,0,12,0
www.research-collection.ethz.ch,9,9,0,0,0
www.research.unipd.it,1,1,0,0,0
www.researchbank.ac.nz,1,0,0,1,0
www.ucm.es,2,0,2,0,0
www.um.edu.mt,2,2,0,0,0
www.zora.uzh.ch,6,0,6,0,0
zaguan.unizar.es,3,3,0,0,0
zenodo.org,10,3,0,7,0
