Repository,Items,Published Version,Accepted Version,Submitted Version,Null
CiteSeerX.psu,2,1,0,1,0
DiVA.org,6,6,0,0,0
EVASTAR-Karlsruhe.de,3,3,0,0,0
HAL,37,13,0,24,0
RePEc,29,12,0,17,0
aaltodoc.aalto.fi,1,1,0,0,0
aber.ac.uk,1,0,0,1,0
academicworks.cuny.edu,1,1,0,0,0
accedacris.ulpgc.es,1,1,0,0,0
addi.ehu.es,1,1,0,0,0
ageconsearch.umn.edu,4,3,0,1,0
air.unimi.it,3,2,0,1,0
apo-prod.ansto.gov.au,1,1,0,0,0
arXiv.org,200,0,1,199,0
archimer.ifremer.fr,3,2,0,1,0
archive.ugent.be,7,7,0,0,0
arts.units.it,1,0,0,1,0
aura.abdn.ac.uk,5,4,0,1,0
aut.researchgateway.ac.nz,1,0,0,1,0
authors.library.caltech.edu,27,0,27,0,0
bib-pubdb1.desy.de,1,1,0,0,0
biopen.bi.no,1,1,0,0,0
bora.uib.no,1,1,0,0,0
boris.unibe.ch,7,7,0,0,0
bradscholars.brad.ac.uk,1,1,0,0,0
cds.cern.ch,1,0,0,1,0
centaur.reading.ac.uk,5,0,5,0,0
cgspace.cgiar.org,1,1,0,0,0
clok.uclan.ac.uk,1,0,1,0,0
cronfa.swan.ac.uk,4,2,2,0,0
cwi.nl,1,0,0,1,0
darchive.mblwhoilibrary.org,1,1,0,0,0
dare.uva.nl,3,2,0,1,0
ddd.uab.cat,1,0,1,0,0
derby.openrepository.com,1,0,0,1,0
dergipark.org.tr,1,0,0,1,0
digibug.ugr.es,1,1,0,0,0
digibuo.uniovi.es,1,1,0,0,0
digital.csic.es,5,4,0,1,0
digital.library.adelaide.edu.au,1,1,0,0,0
digitalcollection.zhaw.ch,2,2,0,0,0
digitalcommons.cwu.edu,1,1,0,0,0
digitalcommons.odu.edu,1,1,0,0,0
digitalcommons.unl.edu,2,2,0,0,0
digitalcommons.usu.edu,1,1,0,0,0
digitalscholarship.unlv.edu,1,0,0,1,0
dipot.ulb.ac.be,8,5,0,3,0
discovery.dundee.ac.uk,4,3,0,1,0
doab-books,1,1,0,0,0
doc.rero.ch,2,2,0,0,0
dora,9,3,2,0,0
dora.dmu.ac.uk,2,0,0,2,0
doras.dcu.ie,2,0,2,0,0
dro.dur.ac.uk.OAI2,10,0,10,0,0
dspace.lboro.ac.uk,2,0,2,0,0
dspace.lib.cranfield.ac.uk,1,1,0,0,0
dspace.stir.ac.uk,2,2,0,0,0
econstor.eu,9,1,0,8,0
edoc.unibas.ch,2,0,2,0,0
edpsciences.org,4,1,0,3,0
elar.urfu.ru,3,3,0,0,0
epic.awi.de,6,5,0,1,0
eprint.ncl.ac.uk,4,4,0,0,0
eprints.bbk.ac.uk.oai2,3,0,3,0,0
eprints.bournemouth.ac.uk,1,0,1,0,0
eprints.gla.ac.uk,5,0,5,0,0
eprints.gold.ac.uk,1,0,1,0,0
eprints.keele.ac.uk,13,0,13,0,0
eprints.lancs.ac.uk,7,0,7,0,0
eprints.lib.hokudai.ac.jp,1,1,0,0,0
eprints.lincoln.ac.uk,1,0,1,0,0
eprints.lse.ac.uk,2,0,2,0,0
eprints.mdx.ac.uk,1,0,1,0,0
eprints.qut.edu.au,7,2,1,4,0
eprints.soas.ac.uk,1,0,1,0,0
eprints.soton.ac.uk,29,0,29,0,0
eprints.ucl.ac.uk.OAI2,16,6,0,10,0
eprints.usq.edu.au,1,0,1,0,0
eprints.utas.edu.au,13,0,13,0,0
eprints.whiterose.ac.uk,12,4,7,1,0
epub.ub.uni-muenchen.de,1,0,0,1,0
epubs.surrey.ac.uk,2,0,1,1,0
erudit.org,1,1,0,0,0
escholarship.org,17,8,0,9,0
espace.curtin.edu.au,3,2,0,1,0
espace.library.uq.edu.au,2,0,0,2,0
estudogeral.sib.uc.pt,1,0,0,1,0
europepmc.org,233,221,12,0,0
exeley.com,1,0,0,1,0
fhi.brage.unit.no,1,1,0,0,0
figshare.com,223,113,0,110,0
flore.unifi.it,6,6,0,0,0
frl.publisso.de,1,0,0,1,0
generic.eprints.org,3,0,3,0,0
gesis.izsoz.de,2,2,0,0,0
gfzpublic.gfz-potsdam.de,5,4,0,1,0
helda.helsinki.fi,8,5,2,1,0
hindawi.com,2,2,0,0,0
http,5,0,5,0,0
hull-repository.worktribe.com,8,7,1,0,0
ink.library.smu.edu.sg,5,2,2,1,0
ir.canterbury.ac.nz,9,3,0,6,0
ir.lib.uwo.ca,1,0,0,1,0
irep.ntu.ac.uk,3,0,3,0,0
iris.unipa.it,2,1,0,1,0
iris.uniroma1.it,3,2,0,1,0
iris.unito.it,1,1,0,0,0
iris.unive.it,1,0,0,1,0
jdc.jefferson.edu,1,0,0,1,0
jukuri.luke.fi,1,1,0,0,0
jupiter.its.unimelb.edu.au,27,22,0,5,0
jyx.jyu.fi,1,1,0,0,0
kar.kent.ac.uk,9,1,8,0,0
kobv.de-opus4-uni-potsdam,1,0,0,1,0
kops.uni-konstanz.de,4,3,0,1,0
kuscholarworks.ku.edu,1,1,0,0,0
library.wur.nl,1,0,0,1,0
libres.uncg.edu,1,0,0,1,0
lirias2repo.kuleuven.be,7,4,0,3,0
lup.lub.lu.se,3,0,0,3,0
macau.uni-kiel.de,1,0,0,1,0
marjon.collections.crest.ac.uk,1,0,1,0,0
mdpi.com,3,2,0,1,0
mdsoar.org,1,0,0,1,0
mro.massey.ac.nz,2,1,1,0,0
munin.uit.no,2,2,0,0,0
nora.nerc.ac.uk,21,0,21,0,0
nottingham-repository.worktribe.com,4,2,2,0,0
nrl.northumbria.ac.uk,5,0,5,0,0
ntnuopen.ntnu.no,1,1,0,0,0
oai.uniceub.emnuvens.com.br,1,1,0,0,0
oceanrep.geomar.de,8,0,8,0,0
oda.hioa.no,1,1,0,0,0
ojs.pkp.sfu.ca,2,2,0,0,0
ojs.www.ijic.org,1,1,0,0,0
oma.vliz.be,3,3,0,0,0
openaccess.city.ac.uk,2,0,2,0,0
openaccess.leidenuniv.nl,2,2,0,0,0
openaccess.mef.edu.tr,2,2,0,0,0
openaccess.nhh.no,1,1,0,0,0
openarchive.usn.no,2,2,0,0,0
openrepository.aut.ac.nz,5,3,0,2,0
openresearch-repository.anu.edu.au,12,8,1,3,0
opinvisindi.is,1,1,0,0,0
opus.lib.uts.edu.au,11,5,1,5,0
ora.ox.ac.uk,20,10,0,10,0
orbi.ulg.ac.be,2,0,0,2,0
ore.exeter.ac.uk,2,1,1,0,0
oro.open.ac.uk,13,0,13,0,0
osti.gov,8,1,0,7,0
oulu.fi,4,3,0,1,0
pearl.plymouth.ac.uk,4,0,0,4,0
philarchive.org,2,0,2,0,0
philsci-archive.pitt.edu,5,0,0,5,0
publications.aston.ac.uk,8,0,8,0,0
pure.atira.dk,29,9,4,16,0
pure.ed.ac.uk,29,14,2,13,0
pure.iiasa.ac.at,1,0,1,0,0
pure.mpg.de,7,5,0,2,0
pure.qub.ac.uk,6,6,0,0,0
pure.rug.nl,8,7,0,1,0
qmro.qmul.ac.uk,2,1,0,1,0
qucosa,2,1,1,0,0
quod.lib.umich.edu,1,0,0,1,0
real.mtak.hu,2,0,2,0,0
refubium.fu-berlin.de,4,3,0,1,0
repositori.udl.cat,1,1,0,0,0
repositori.uji.es,1,1,0,0,0
repositorio-aberto.up.pt,1,1,0,0,0
repositorio.iscte-iul.pt,3,0,3,0,0
repositorio.ul.pt,1,1,0,0,0
repositorio.unb.br,1,1,0,0,0
repository.cardiffmet.ac.uk,1,0,1,0,0
repository.essex.ac.uk,3,0,3,0,0
repository.kaust.edu.sa,2,2,0,0,0
repository.uel.ac.uk,1,1,0,0,0
repository.up.ac.za,1,0,0,1,0
repozitorij.uni-lj.si,2,2,0,0,0
repub.eur.nl,1,1,0,0,0
research-information.bris.ac.uk,16,7,1,8,0
research-repository.griffith.edu.au,14,13,0,1,0
research-repository.st-andrews.ac.uk,15,6,7,2,0
research.bangor.ac.uk,3,2,0,1,0
research.chalmers.se,4,4,0,0,0
researcharchive.lincoln.ac.nz,3,2,0,1,0
researcharchive.vuw.ac.nz,2,0,0,2,0
researchbank.acu.edu.au,2,2,0,0,0
researchcommons.waikato.ac.nz,5,2,2,1,0
researchonline.jcu.edu.au,6,0,6,0,0
researchonline.ljmu.ac.uk,2,0,2,0,0
researchonline.lshtm.ac.uk,2,0,2,0,0
researchonline.rca.ac.uk,1,0,1,0,0
researchportal.port.ac.uk,2,1,0,1,0
researchrepository.murdoch.edu.au,3,3,0,0,0
researchspace.bathspa.ac.uk,1,0,0,1,0
ricerca.uniba.it,3,3,0,0,0
ro.uow.edu.au,10,4,0,6,0
rodin.uca.es,1,0,0,1,0
run.unl.pt,1,0,0,1,0
sapientia.ualg.pt,1,1,0,0,0
scholar.sun.ac.za,4,1,0,3,0
scholarcommons.sc.edu,1,1,0,0,0
scholarcommons.usf.edu,1,1,0,0,0
scholarship.law.tamu.edu,1,1,0,0,0
scholarspace.manoa.hawaii.edu,1,1,0,0,0
scholarworks.iupui.edu,1,0,0,1,0
scholarworks.smith.edu,1,0,0,1,0
scielo,1,1,0,0,0
sdu.dk,5,5,0,0,0
semanticscholar.org,53,0,0,53,0
serval.unil.ch,3,1,1,1,0
share.osf.io,16,3,1,12,0
shura.shu.ac.uk,1,0,1,0,0
spiral.imperial.ac.uk,7,6,0,1,0
sro.sussex.ac.uk,4,0,4,0,0
strathprints.strath.ac.uk,6,0,6,0,0
tilburguniversity.edu,1,1,0,0,0
trepo.tuni.fi,5,1,4,0,0
tudelft.nl,3,1,0,2,0
ueaeprints.uea.ac.uk,14,0,13,1,0
uia.brage.unit.no,1,1,0,0,0
uknowledge.uky.edu,1,1,0,0,0
ulir.ul.ie,1,1,0,0,0
uni-augsburg.opus-bayern.de,1,1,0,0,0
unige.ch,1,1,0,0,0
upcommons.upc.edu,5,2,0,3,0
urm_publish,4,0,4,0,0
usir.salford.ac.uk,2,2,0,0,0
v-lib-bura1.brunel.ac.uk,4,1,0,3,0
vubissmart,4,4,0,0,0
wrap.eprints.org,1,0,1,0,0
wrap.warwick.ac.uk,6,4,2,0,0
www.duo.uio.no,2,2,0,0,0
www.lenus.ie,1,1,0,0,0
www.pedocs.de-opus,1,0,0,1,0
www.repository.cam.ac.uk,23,9,0,14,0
www.research-collection.ethz.ch,2,2,0,0,0
www.research.unipd.it,1,1,0,0,0
www.zora.uzh.ch,5,0,3,2,0
zaguan.unizar.es,2,2,0,0,0
zenodo.org,9,6,0,3,0
