WoS Subject,closed,gold,diamond,bronze,green,hybrid,Total,% Open,Closed/AAM embargoed,Closed/AAM immediate,Potential % open
Acoustics,3,0,0,0,2,0,5,40,0,3,100
Agriculture,9,0,0,0,2,2,13,30,5,3,92
Allergy,1,0,0,0,2,0,3,66,1,0,100
Anesthesiology,1,0,0,1,0,0,2,50,1,0,100
Anthropology,10,0,0,3,0,0,13,23,6,3,92
Archaeology,1,0,0,0,0,0,1,0,0,1,100
Architecture,12,1,0,6,3,0,22,45,10,1,95
Area Studies,16,0,2,2,4,0,24,33,8,4,83
Art,1,1,0,1,0,0,3,66,1,0,100
Arts & Humanities - Other Topics,11,0,2,2,0,0,15,26,7,2,86
Asian Studies,3,0,0,1,1,0,5,40,1,2,100
Astronomy & Astrophysics,3,2,0,11,45,2,63,95,1,2,100
Audiology & Speech-Language Pathology,3,0,0,0,0,0,3,0,1,2,100
Automation & Control Systems,1,0,0,0,1,0,2,50,0,1,100
Behavioral Sciences,10,0,0,1,3,0,14,28,8,1,92
Biochemistry & Molecular Biology,36,15,0,8,4,8,71,49,24,0,83
Biodiversity & Conservation,15,7,0,2,5,7,36,58,12,3,100
Biomedical Social Sciences,10,0,0,1,2,3,16,37,8,2,100
Biophysics,9,0,0,2,1,2,14,35,8,1,100
Biotechnology & Applied Microbiology,12,8,0,0,0,0,20,40,10,0,90
Business & Economics,165,3,2,15,45,9,239,30,112,49,98
Cardiovascular System & Cardiology,2,0,0,0,0,0,2,0,2,0,100
Cell Biology,5,0,0,16,0,1,22,77,5,0,100
Chemistry,128,24,3,2,17,12,186,31,91,0,80
Classics,3,0,0,0,0,0,3,0,0,1,33
Communication,24,0,0,2,5,1,32,25,14,9,96
Computer Science,120,7,2,9,46,2,186,35,50,22,74
Construction & Building Technology,10,1,1,0,0,0,12,16,6,3,91
Criminology & Penology,28,0,1,2,6,0,37,24,15,12,97
Crystallography,1,0,0,0,0,0,1,0,1,0,100
Cultural Studies,8,0,0,3,1,0,12,33,5,3,100
Demography,3,0,0,0,1,0,4,25,3,0,100
"Dentistry, Oral Surgery & Medicine",0,1,0,0,0,0,1,100,0,0,100
Development Studies,14,0,0,1,4,2,21,33,14,0,100
Developmental Biology,0,0,0,1,0,0,1,100,0,0,100
Education & Educational Research,98,2,3,11,17,0,131,25,82,15,99
Electrochemistry,13,0,0,0,1,0,14,7,11,0,85
Emergency Medicine,2,0,0,0,0,0,2,0,2,0,100
Endocrinology & Metabolism,4,0,0,2,3,6,15,73,3,0,93
Energy & Fuels,23,6,1,2,5,0,37,37,19,0,89
Engineering,85,11,4,2,26,2,130,34,37,42,95
Entomology,8,1,0,0,1,0,10,20,7,0,90
Environmental Sciences & Ecology,94,53,0,18,24,31,220,57,74,16,98
Ethnic Studies,7,0,1,0,3,0,11,36,4,2,90
Evolutionary Biology,9,4,0,7,2,2,24,62,7,1,95
Family Studies,7,0,1,0,1,0,9,22,2,5,100
"Film, Radio & Television",5,0,0,1,1,0,7,28,4,1,100
Fisheries,10,0,0,3,3,1,17,41,6,4,100
Food Science & Technology,9,2,0,1,0,2,14,35,5,3,92
Forestry,1,1,0,1,0,0,3,66,1,0,100
Gastroenterology & Hepatology,0,0,0,0,0,1,1,100,0,0,100
General & Internal Medicine,10,11,3,5,1,1,31,67,7,1,93
Genetics & Heredity,6,7,0,1,0,0,14,57,6,0,100
Geochemistry & Geophysics,30,1,0,5,17,16,69,56,17,6,89
Geography,25,0,0,1,4,3,33,24,23,2,100
Geology,61,22,6,2,17,22,130,53,53,6,98
Geriatrics & Gerontology,2,0,0,1,3,2,8,75,2,0,100
Government & Law,50,0,0,7,10,2,69,27,38,8,94
Health Care Sciences & Services,14,5,3,2,4,1,29,51,8,6,100
Hematology,4,2,0,1,1,0,8,50,3,0,87
History,23,0,0,0,0,0,23,0,13,8,91
History & Philosophy of Science,7,0,1,0,2,1,11,36,5,2,100
Imaging Science & Photographic Technology,1,2,0,1,1,0,5,80,0,0,80
Immunology,8,13,0,10,3,5,39,79,7,0,97
Infectious Diseases,1,1,0,1,1,3,7,85,0,0,85
Information Science & Library Science,24,1,0,0,5,2,32,25,8,12,87
Instruments & Instrumentation,6,2,0,0,1,0,9,33,4,2,100
International Relations,16,0,1,2,7,1,27,40,11,3,92
Legal Medicine,2,0,1,0,0,0,3,33,2,0,100
Life Sciences & Biomedicine - Other Topics,7,5,0,6,2,3,23,69,5,2,100
Linguistics,62,0,0,1,7,1,71,12,29,29,94
Literature,11,1,0,0,0,0,12,8,10,1,100
Marine & Freshwater Biology,44,13,0,5,13,4,79,44,39,4,98
Materials Science,72,15,0,2,29,9,127,43,47,4,83
Mathematical & Computational Biology,3,4,0,0,0,2,9,66,1,2,100
Mathematical Methods In Social Sciences,3,0,0,0,0,2,5,40,3,0,100
Mathematics,57,2,1,3,32,9,104,45,20,10,74
Mechanics,3,0,0,0,3,0,6,50,3,0,100
Medical Ethics,4,0,0,0,0,1,5,20,1,1,60
Medical Informatics,2,3,2,0,0,1,8,75,1,1,100
Medical Laboratory Technology,0,1,0,0,0,0,1,100,0,0,100
Metallurgy & Metallurgical Engineering,9,1,0,0,1,0,11,18,8,0,90
Meteorology & Atmospheric Sciences,14,16,2,2,9,12,55,74,13,0,98
Microbiology,7,4,0,5,2,4,22,68,7,0,100
Mineralogy,3,0,0,0,0,0,3,0,3,0,100
Mining & Mineral Processing,1,0,0,0,0,0,1,0,0,0,0
Music,3,0,0,0,0,0,3,0,0,3,100
Neurosciences & Neurology,25,5,0,2,8,1,41,39,20,3,95
Nuclear Science & Technology,2,0,0,0,0,0,2,0,2,0,100
Nursing,12,0,0,1,5,0,18,33,11,0,94
Nutrition & Dietetics,3,0,0,1,2,0,6,50,0,1,66
Obstetrics & Gynecology,5,1,0,2,0,1,9,44,5,0,100
Oceanography,19,4,0,3,4,2,32,40,16,3,100
Oncology,4,6,0,0,0,2,12,66,2,0,83
Operations Research & Management Science,25,0,0,2,8,1,36,30,9,1,58
Optics,12,5,0,1,5,0,23,47,8,0,82
Paleontology,2,0,0,1,2,1,6,66,2,0,100
Parasitology,0,0,0,0,0,1,1,100,0,0,100
Pathology,1,0,0,0,0,0,1,0,1,0,100
Pediatrics,6,0,0,3,1,1,11,45,6,0,100
Pharmacology & Pharmacy,20,6,0,0,6,2,34,41,12,1,79
Philosophy,5,0,2,0,5,2,14,64,2,3,100
Physical Geography,18,11,0,0,7,3,39,53,18,0,100
Physics,82,18,1,4,61,12,178,53,43,31,95
Physiology,0,3,0,0,1,0,4,100,0,0,100
Plant Sciences,20,4,0,1,5,2,32,37,14,2,87
Polymer Science,14,2,0,0,2,0,18,22,12,0,88
Psychiatry,25,8,0,2,6,6,47,46,23,2,100
Psychology,153,13,0,4,32,14,216,29,103,48,99
Public Administration,41,1,0,3,6,2,53,22,29,12,100
"Public, Environmental & Occupational Health",12,16,3,3,7,4,45,73,6,5,97
"Radiology, Nuclear Medicine & Medical Imaging",5,2,0,1,0,1,9,44,4,0,88
Rehabilitation,27,0,0,1,1,0,29,6,20,4,89
Religion,8,3,0,0,1,0,12,33,7,1,100
Remote Sensing,1,2,0,1,1,0,5,80,1,0,100
Reproductive Biology,1,0,0,1,0,1,3,66,1,0,100
Research & Experimental Medicine,1,1,0,0,1,1,4,75,1,0,100
Respiratory System,8,3,0,5,0,1,17,52,4,1,82
Rheumatology,0,0,0,1,2,1,4,100,0,0,100
Robotics,3,1,0,0,0,0,4,25,1,0,50
Science & Technology - Other Topics,78,104,0,11,22,20,235,66,38,7,85
Social Issues,8,0,0,0,0,1,9,11,5,3,100
Social Sciences - Other Topics,58,21,4,5,9,5,102,43,38,15,95
Social Work,2,0,0,0,0,0,2,0,2,0,100
Sociology,29,1,1,5,6,2,44,34,14,15,100
Spectroscopy,7,0,0,0,3,0,10,30,6,0,90
Sport Sciences,1,1,0,0,1,0,3,66,1,0,100
Substance Abuse,5,0,0,0,0,1,6,16,5,0,100
Surgery,1,0,0,0,0,0,1,0,1,0,100
Telecommunications,18,5,0,2,5,2,32,43,6,8,87
Theater,2,0,0,1,0,0,3,33,1,1,100
Thermodynamics,3,0,0,0,1,0,4,25,3,0,100
Toxicology,1,0,0,0,0,1,2,50,1,0,100
Transportation,2,0,1,0,2,1,6,66,1,1,100
Urban Studies,15,2,0,2,0,2,21,28,11,4,100
Veterinary Sciences,2,0,0,1,0,0,3,33,2,0,100
Virology,0,2,0,0,0,1,3,100,0,0,100
Water Resources,10,1,1,0,4,5,21,52,9,1,100
Women's Studies,13,0,0,0,0,0,13,100,0,0,100
Zoology,12,2,0,0,0,2,16,25,8,3,93
