"DOI","Error"
"10.14650/94671","DOI not in crossref"
"10.24507/ijicic.15.05.1989","DOI not in crossref"
"10.4230/LIPIcs.ECOOP.2019.5","DOI not in crossref"
"10.2979/jourworlphil.4.1.09","Invalid DOI"
"10.14627/537663020","DOI not in crossref"
"10.5130/portal.v16i1/2.6520","Invalid DOI"
"10.1364/COSI.2019.CM1A.CW1A.3","Invalid DOI"
"10.3390/su10023443","Invalid DOI"
"10.3389/fmars.2019.186","Invalid DOI"
"10.7900/jot.2018aug23.2202","Invalid DOI"
"10.4230/LIPIcs.IPEC.2020.6","DOI not in crossref"
"10.4230/LIPIcs.IPEC.2020.3","DOI not in crossref"
"10.1098/rsob.200218rsob200218","Invalid DOI"
"10.5617/adno7975","Invalid DOI"
"10.1419/96346","DOI not in crossref"
"10.34190/ESM.20.060","Invalid DOI"
"10.1002/curj.91","Line did not execute"
"10.6084/m9.figshare.c.4834923","DOI not in crossref"
"10.20495/seas.9.1_3","DOI not in crossref"
"10.5303/JKAS.2020.53.6.161","DOI not in crossref"
"10.17554/eLife.59081","Invalid DOI"
"10.1016/j.marenveres.2020.105086","Invalid DOI"
"10.1088/1361-6668/ab0688","Invalid DOI"
"10.20495/seas.9.13","Invalid DOI"
"10.25849/myrmecol.news_030:213","DOI not in crossref"
"10.1109/VRW50115.2020.00-89","Invalid DOI"
"10.1109/VRW50115.2020.00-50","Invalid DOI"
"10.18417/emisa.15.2","DOI not in crossref"
"10.1136/fetalneonatal-2019-317417","Invalid DOI"
"10.1136/jnnp-2019-ABN-2.28","Invalid DOI"
"10.1016/52589-7500(19)30130-X","Invalid DOI"
"10.3828/jlh.2019.6","Invalid DOI"
"10.1017/S002204691000472","Invalid DOI"
"10.1177/1757743819828398","Invalid DOI"
"10.26686/jnzs.v0iNS29.6262","Invalid DOI"
"10.17879/85169761673","DOI not in crossref"
