Repository,Items,Published Version,Accepted Version,Submitted Version,Null
DiVA.org,8,8,0,0,0
EVASTAR-Karlsruhe.de,2,2,0,0,0
HAL,21,12,0,9,0
RePEc,17,6,0,11,0
aaltodoc.aalto.fi,1,0,1,0,0
air.unimi.it,1,1,0,0,0
alma.44SUR_INST,2,2,0,0,0
apo-prod.ansto.gov.au,1,1,0,0,0
arXiv.org,31,0,0,31,0
archimer.ifremer.fr,1,1,0,0,0
archive.ugent.be,4,4,0,0,0
aura.abdn.ac.uk,8,7,0,1,0
bibliotecadigital.ipb.pt,1,1,0,0,0
bird.bcamath.org,1,0,0,1,0
boa.unimib.it,1,1,0,0,0
boris.unibe.ch,3,3,0,0,0
bura.brunel.ac.uk,2,1,0,1,0
casi.ntrs.nasa.gov,1,0,0,1,0
cdm21054.contentdm.oclc.org,2,0,0,2,0
centaur.reading.ac.uk,2,0,2,0,0
cgspace.cgiar.org,1,1,0,0,0
clok.uclan.ac.uk,3,0,3,0,0
cris.maastrichtuniversity.nl,1,1,0,0,0
cris.unibo.it,1,1,0,0,0
darchive.mblwhoilibrary.org,5,4,0,1,0
dare.uva.nl,1,1,0,0,0
dea.lib.unideb.hu,1,1,0,0,0
digibug.ugr.es,1,0,0,1,0
digital.csic.es,3,2,0,1,0
digital.library.adelaide.edu.au,9,8,0,1,0
digitalcommons.chapman.edu,1,1,0,0,0
digitalcommons.library.umaine.edu,1,1,0,0,0
digitalcommons.lsu.edu,2,2,0,0,0
digitalcommons.odu.edu,1,1,0,0,0
digitalscholarship.unlv.edu,1,0,0,1,0
diposit.ub.edu,1,0,1,0,0
dnet,5,4,1,0,0
dora,17,1,2,0,0
doras.dcu.ie,14,0,14,0,0
dro.deakin.edu.au,1,1,0,0,0
dro.dur.ac.uk.OAI2,5,0,5,0,0
dsp.tecnalia.com,1,1,0,0,0
dspace.lboro.ac.uk,1,0,1,0,0
dspace.library.uu.nl,1,1,0,0,0
dspace.stir.ac.uk,6,4,2,0,0
e-space.mmu.ac.uk,11,0,11,0,0
econstor.eu,10,4,0,6,0
epic.awi.de,2,2,0,0,0
eprints.gla.ac.uk,3,0,3,0,0
eprints.keele.ac.uk,2,0,2,0,0
eprints.lancs.ac.uk,3,0,3,0,0
eprints.leedsbeckett.ac.uk,2,0,2,0,0
eprints.lincoln.ac.uk,1,1,0,0,0
eprints.lse.ac.uk,1,0,1,0,0
eprints.mdx.ac.uk,2,0,2,0,0
eprints.qut.edu.au,4,2,1,1,0
eprints.soton.ac.uk,7,0,7,0,0
eprints.ucl.ac.uk.OAI2,8,2,0,6,0
eprints.utas.edu.au,7,0,7,0,0
eprints.whiterose.ac.uk,9,0,9,0,0
erudit.org,2,0,0,2,0
escholarship.org,13,10,0,3,0
espace.curtin.edu.au,3,1,2,0,0
espace.inrs.ca,1,1,0,0,0
europepmc.org,70,66,4,0,0
figshare.com,8,6,0,2,0
gesis.izsoz.de,3,3,0,0,0
gfzpublic.gfz-potsdam.de,3,2,0,1,0
hau.collections.crest.ac.uk,1,0,0,1,0
helda.helsinki.fi,9,9,0,0,0
hiof.brage.unit.no,1,0,0,1,0
https,1,0,1,0,0
hull-repository.worktribe.com,1,1,0,0,0
insight.cumbria.ac.uk,1,0,1,0,0
ir.canterbury.ac.nz,5,1,0,4,0
irep.ntu.ac.uk,2,0,2,0,0
iris.unica.it,1,1,0,0,0
iris.unipa.it,2,1,0,1,0
iris.unitn.it,4,4,0,0,0
iris.unito.it,2,1,0,1,0
jdecs1.ecs.soton.ac.uk,2,0,2,0,0
jukuri.luke.fi,2,1,0,1,0
jupiter.its.unimelb.edu.au,23,19,0,4,0
jyx.jyu.fi,1,1,0,0,0
kar.kent.ac.uk,3,0,3,0,0
kops.uni-konstanz.de,4,4,0,0,0
ktisis.cut.ac.cy,1,0,0,1,0
library.wur.nl,3,3,0,0,0
libtstbura1.brunel.ac.uk,1,1,0,0,0
lirias2repo.kuleuven.be,5,1,4,0,0
marjon.collections.crest.ac.uk,1,0,1,0,0
mdpi.com,51,47,0,4,0
mdsoar.org,1,0,0,1,0
mro.massey.ac.nz,2,0,2,0,0
munin.uit.no,2,2,0,0,0
napier-surface.worktribe.com,2,2,0,0,0
nectar.northampton.ac.uk,1,0,1,0,0
nhm.openrepository.com,1,1,0,0,0
nibio.brage.unit.no,1,1,0,0,0
nih.brage.unit.no,1,0,0,1,0
niva.brage.unit.no,1,1,0,0,0
nora.nerc.ac.uk,7,0,7,0,0
nottingham-repository.worktribe.com,1,1,0,0,0
nrl.northumbria.ac.uk,7,0,7,0,0
oa.upm.es,1,0,1,0,0
oai.bibliothek.uni-kassel.de,1,1,0,0,0
oceanrep.geomar.de,1,0,1,0,0
ojs.datascience.codata.org,1,1,0,0,0
openpub.fmach.it,1,0,0,1,0
openrepository.aut.ac.nz,16,12,0,4,0
openresearch-repository.anu.edu.au,1,0,0,1,0
opus.lib.uts.edu.au,9,8,0,1,0
opus.uni-hohenheim.de,1,0,0,1,0
ora.ox.ac.uk,5,2,0,3,0
ore.exeter.ac.uk,1,0,0,1,0
oro.open.ac.uk,4,0,4,0,0
osti.gov,9,0,0,9,0
ourarchive.otago.ac.nz,1,0,0,1,0
pdxscholar.library.pdx.edu,1,1,0,0,0
pearl.plymouth.ac.uk,1,1,0,0,0
philarchive.org,1,0,0,1,0
philpapers.org,3,0,0,3,0
plymsea.ac.uk,1,0,1,0,0
pub.epsilon.slu.se,4,4,0,0,0
publications.pik-potsdam.de,2,0,0,2,0
publikationen.sulb.uni-saarland.de,1,1,0,0,0
pure.atira.dk,15,5,1,9,0
pure.ed.ac.uk,7,5,2,0,0
pure.leuphana.de,1,1,0,0,0
pure.mpg.de,1,1,0,0,0
pure.qub.ac.uk,8,6,2,0,0
pure.rug.nl,8,7,0,1,0
rdu.unc.edu.ar,1,1,0,0,0
re.public.polimi.it,2,1,0,1,0
real.mtak.hu,1,0,1,0,0
repositorio,7,0,0,1,0
repositorio-aberto.up.pt,2,2,0,0,0
repositorio.esan.edu.pe,1,1,0,0,0
repositorio.uac.pt,1,1,0,0,0
repositorio.ul.pt,1,0,0,1,0
repositorio.unican.es,1,1,0,0,0
repositorium.sdum.uminho.pt,1,1,0,0,0
repository.arizona.edu,1,1,0,0,0
repository.bilkent.edu.tr,2,2,0,0,0
repository.cardiffmet.ac.uk,1,0,1,0,0
repository.essex.ac.uk,2,0,2,0,0
repository.kaust.edu.sa,8,7,0,1,0
repository.up.ac.za,1,0,0,1,0
repozitorij.uni-lj.si,1,1,0,0,0
research-information.bris.ac.uk,7,4,0,3,0
research-repository.griffith.edu.au,12,9,3,0,0
research-repository.st-andrews.ac.uk,5,2,3,0,0
research.bangor.ac.uk,4,3,0,1,0
research.chalmers.se,1,1,0,0,0
research.vu.nl,1,0,0,1,0
researcharchive.lincoln.ac.nz,4,3,0,1,0
researcharchive.wintec.ac.nz,5,0,4,1,0
researchcommons.waikato.ac.nz,292,159,70,63,0
researchonline.jcu.edu.au,13,0,13,0,0
researchonline.ljmu.ac.uk,1,0,1,0,0
researchportal.port.ac.uk,1,0,0,1,0
researchrepository.murdoch.edu.au,3,3,0,0,0
ri.conicet.gov.ar,2,2,0,0,0
rke.abertay.ac.uk,1,0,1,0,0
rodin.uca.es,1,1,0,0,0
sam.ensam.eu,1,1,0,0,0
sapientia.ualg.pt,1,1,0,0,0
scholarcommons.usf.edu,1,0,0,1,0
scholarlypublications.universiteitleiden.nl,1,0,0,1,0
scholarsphere.psu.edu,1,0,0,1,0
scholarworks.gsu.edu,1,1,0,0,0
scholarworks.uvm.edu,1,1,0,0,0
sdu.dk,4,1,1,2,0
semanticscholar.org,2,0,0,2,0
serval.unil.ch,1,1,0,0,0
share.osf.io,3,1,0,2,0
shura.shu.ac.uk,1,0,1,0,0
spiral.imperial.ac.uk,1,1,0,0,0
sro.sussex.ac.uk,1,0,1,0,0
strathprints.strath.ac.uk,2,0,2,0,0
sure.sunderland.ac.uk,1,0,1,0,0
tore.tuhh.de,2,2,0,0,0
tsukuba.repo.nii.ac.jp,1,1,0,0,0
ueaeprints.uea.ac.uk,2,0,2,0,0
uhra.herts.ac.uk,1,0,0,1,0
ulir.ul.ie,1,1,0,0,0
urm_publish,3,0,3,0,0
usir.salford.ac.uk,1,1,0,0,0
vubissmart,1,1,0,0,0
westminsterresearch.westminster.ac.uk,1,0,1,0,0
wrap.warwick.ac.uk,1,0,1,0,0
www.duo.uio.no,9,8,1,0,0
www.lenus.ie,1,1,0,0,0
www.repository.cam.ac.uk,3,3,0,0,0
www.research-collection.ethz.ch,10,10,0,0,0
www.ucm.es,1,0,1,0,0
www.zora.uzh.ch,7,0,7,0,0
zenodo.org,4,3,0,1,0
