Department,Total,closed,gold,diamond,bronze,green,hybrid,Journal articles,Open,% Open,Closed/AAM embargoed,Closed/AAM immediate,Potential % open
"AI Institute, University of Waikato",2,2,0,0,0,0,0,1,0,0%,1,0,50%
"ARC Centre of Excellence for Australian Biodiversity and Heritage, Canberra, ACT  2601, Australia, Radiocarbon Dating Laboratory, University of Waikato",2,1,0,0,0,0,1,2,1,50%,1,0,100%
"ARC Centre of Excellence for Australian Biodiversity and Heritage, Canberra, ACT, Australia, Radiocarbon Dating Laboratory, University of Waikato",1,1,0,0,0,0,0,1,0,0%,1,0,100%
"ARC Centre of Excellence for Australian Biodiversity and Heritage, Canberra, Australia, Radiocarbon Dating Laboratory, University of Waikato",1,1,0,0,0,0,0,1,0,0%,1,0,100%
"ARC Centre of Excellence for Australian Biodiversity and Heritage, College of Arts, Society and Education, James Cook University, PO Box 6811, Cairns, QLD  4870, Australia, Radiocarbon Dating Laboratory, Division of Health, Engineering, Computing and Science, University of Waikato",1,0,0,0,0,0,1,1,1,100%,0,0,100%
"ARC Centre of Excellence for Australian Biodiversity and Heritage, James Cook University, P.O. Box 6811, Cairns, QLD  4870, Australia, Waikato Radiocarbon Dating Laboratory, University of Waikato",1,0,0,0,0,1,0,1,1,100%,0,0,100%
"Accounting, Waikato Management School, University of Waikato",1,1,0,0,0,0,0,1,0,0%,0,1,100%
"Adams Centre for High Performance, University of Waikato",3,3,0,0,0,0,0,3,0,0%,2,0,66%
"Adams Centre, Te Huataki Waiora School of Health, The University of Waikato",1,0,0,1,0,0,0,1,1,100%,0,0,100%
"AgResearch Ltd., Ruakura Research Centre, Hamilton, 3240, New Zealand, School of Science, The University of Waikato",1,0,1,0,0,0,0,1,1,100%,0,0,100%
"AgResearch, Ruakura Research Centre, Hamilton, New Zealand, School of Science, The University of Waikato",1,1,0,0,0,0,0,1,0,0%,1,0,100%
"Ahuora—Smart Energy Systems Group, School of Engineering, University of Waikato",1,0,1,0,0,0,0,1,1,100%,0,0,100%
"Ai Institute, University of Waikato",1,0,0,0,0,1,0,0,0,,0,0,0%
"Anthropology Programme, School of Social Sciences, University of Waikato",1,1,0,0,0,0,0,1,0,0%,1,0,100%
"Anthropology Programme, University of Waikato",1,1,0,0,0,0,0,1,0,0%,1,0,100%
"Arts and Social Sciences, The University of Waikato",1,0,0,0,0,1,0,1,1,100%,0,0,100%
"Auckland University, Auckland, New Zealand, Science and Engineering, University of Waikato",1,1,0,0,0,0,0,1,0,0%,1,0,100%
"Auckland, New Zealand, Health, Sport and Human Performance, University of Waikato",1,1,0,0,0,0,0,1,0,0%,0,0,0%
"Australian Research Council Centre of Excellence for Australian Biodiversity and Heritage, Canberra, ACT, Australia, Radiocarbon Dating Laboratory, University of Waikato",1,0,1,0,0,0,0,1,1,100%,0,0,100%
"Australian Research Council Centre of Excellence for Australian Biodiversity and Heritage, Wollongong, Australia, Radiocarbon Dating Laboratory, University of Waikato",1,1,0,0,0,0,0,1,0,0%,1,0,100%
"Australian Rivers Institute and School of Environment and Science, Griffith University, Nathan, QLD, Australia, Environmental Research Institute, University of Waikato",1,0,0,0,0,0,1,1,1,100%,0,0,100%
"Australian Rivers Institute, Griffith University, Nathan, QLD, Australia, Environmental Research Institute, University of Waikato",1,0,0,0,1,0,0,1,1,100%,0,0,100%
"BUU China-New Zealand Tourism Research Unit, The University of Waikato",1,0,0,0,1,0,0,1,1,100%,0,0,100%
"BUU China-New Zealand Tourism Research Unit, University of Waikato",2,2,0,0,0,0,0,2,0,0%,2,0,100%
"BestStart Educare, Tauranga, New Zealand, School of Education, University of Waikato",1,0,0,0,1,0,0,1,1,100%,0,0,100%
"Biogeochemistry and Ecohydrology Research, University of Waikato",1,1,0,0,0,0,0,1,0,0%,1,0,100%
"Biological Sciences, School of Science, University of Waikato",3,2,0,0,0,0,1,3,1,33%,2,0,100%
"Biological Sciences, University of Waikato",2,1,0,0,0,0,1,2,1,50%,1,0,100%
"Biological and Environmental Sciences and Engineering (BESE), Red Sea Research Center (RSRC), King Abdullah University of Science and Technology (KAUST), Thuwal, 23955-6900, Saudi Arabia, School of Science, University of Waikato",1,0,1,0,0,0,0,1,1,100%,0,0,100%
"Biology Department, Woods Hole Oceanographic Institution, Woods Hole, MA, United States, School of Science, University of Waikato",1,0,1,0,0,0,0,1,1,100%,0,0,100%
"Biomedical Unit, School of Science, University of Waikato",2,1,1,0,0,0,0,2,1,50%,1,0,100%
"Boise State University, Boise, ID, United States, University of Waikato",1,1,0,0,0,0,0,1,0,0%,1,0,100%
"Bureau de Recherche Géologique et Minière (BRGM), 3 avenue C. Guillemin, Orléans, 45060, France, Faculty of Science and Engineering, University of Waikato",1,0,1,0,0,0,0,1,1,100%,0,0,100%
"Business School, University of Waikato",1,1,0,0,0,0,0,1,0,0%,1,0,100%
"CIIMAR - Interdisciplinary Centre of Marine and Environmental Research, University of Porto, Portugal, FCUP – Faculty of Sciences, University of Porto, Portugal, School of Science, University of Waikato",1,1,0,0,0,0,0,1,0,0%,1,0,100%
"CIIMAR/CIMAR - Centro Interdisciplinar de Investigação Marinha e Ambiental, Universidade do Porto, Matosinhos, Portugal, Departamento de Biologia, Faculdade de Ciências, Universidade do Porto, Porto, Portugal, School of Science, University of Waikato",1,0,0,0,0,1,0,1,1,100%,0,0,100%
"CIIMAR/CIMAR - Centro Interdisciplinar de Investigação Marinha e Ambiental, Universidade do Porto, Matosinhos, Portugal, Departamento de Química e Bioquímica, Faculdade de Ciências, Universidade do Porto, Porto, Portugal, International Centre for Terrestrial Antarctic Research, University of Waikato",1,0,0,0,0,1,0,1,1,100%,0,0,100%
"Canadian High Arctic Research Station, Polar Knowledge Canada, Cambridge Bay, NU, Canada, School of Science, University of Waikato",2,0,1,0,0,1,0,2,2,100%,0,0,100%
"Canadian High Arctic Research Station, Polar Knowledge Canada, Cambridge Bay, NUX0B0C0, Canada, School of Science, University of Waikato",1,0,1,0,0,0,0,1,1,100%,0,0,100%
"Canadian High Arctic Research Station, Polar Knowledge Canada, Cambridge Bay, Nunavut, Canada, School of Science, University of Waikato",1,0,1,0,0,0,0,1,1,100%,0,0,100%
"Candidate, Faculty of Education,University of Waikato",1,1,0,0,0,0,0,1,0,0%,1,0,100%
"Carbon Dating Laboratory, School of Science, University of Waikato",1,1,0,0,0,0,0,1,0,0%,1,0,100%
"Cawthron Institute, Coastal and FreshwaterNelson  7010, New Zealand, Department of Biological Sciences, University of Waikato",1,0,1,0,0,0,0,1,1,100%,0,0,100%
"Cawthron Institute, Private Bag 2, Nelson, 7042, New Zealand, New Zealand Food Safety Science and Research Centre, Massey University, Private Bag 11 222,, Palmerston North, 4442, New Zealand, School of Science, University of Waikato",1,0,1,0,0,0,0,1,1,100%,0,0,100%
"Cawthron Institute, Private Bag 2, Nelson, 7042, New Zealand, New Zealand Food Safety Science and Research Centre, Massey University, Private Bag 11-222, Palmerston North, 4442, New Zealand, School of Science, University of Waikato",1,0,0,0,0,0,1,1,1,100%,0,0,100%
"Cawthron Institute, Private Bag 2, Nelson, 7042, New Zealand, University of Waikato",3,2,0,0,0,0,1,3,1,33%,2,0,100%
"Centre for Biodiversity and Restoration Ecology, Victoria University of Wellington, Wellington, New Zealand, School of Graduate Research, University of Waikato",1,1,0,0,0,0,0,1,0,0%,1,0,100%
"Centre for Environmental, Resources and Energy Law (CEREL), Te Piringa-Faculty of Law, University of Waikato",1,1,0,0,0,0,0,1,0,0%,0,0,0%
"Centre for Environmental, Resources and Energy Law, Te Piringa Faculty of Law, University of Waikato",1,1,0,0,0,0,0,1,0,0%,0,0,0%
"Centre for Environmental, Resources and Energy Law, Te Piringa – Faculty of Law, University of Waikato",3,3,0,0,0,0,0,3,0,0%,3,0,100%
"Centre for Environmental, Resources and Energy Law, Te Piringa-Faculty of Law, University of Waikato",1,0,1,0,0,0,0,1,1,100%,0,0,100%
"Centre for Global Studies in Education, The University of Waikato",1,1,0,0,0,0,0,1,0,0%,0,0,0%
"Centre for Microbial Ecology and Genomics, Department of Biochemistry, Genetics and Microbiology, University of Pretoria, Pretoria, 0002, South Africa, School of Science, University of Waikato",1,0,0,0,0,1,0,1,1,100%,0,0,100%
"Centre for Natural Gas, University of Queensland, St Lucia, QLD  4072, Australia, Earth Sciences, University of Waikato",1,1,0,0,0,0,0,1,0,0%,1,0,100%
"Centre for Natural Resources and Technology, Federal University of Campina Grande, Aprígio Veloso Street, 882, Campina Grande, PB  58429-900, Brazil, Environmental Planning Programme, School of Social Sciences, The University of Waikato",1,0,0,0,0,1,0,1,1,100%,0,0,100%
"Centre for Research on Life-long Learning and Education CELE, University of Waikato",1,1,0,0,0,0,0,0,0,,0,0,0%
"Centre for Tertiary Teaching and Learning, University of Waikato",2,1,0,1,0,0,0,2,1,50%,1,0,100%
"Centro Interdisciplinar de Investigação Marinha e Ambiental (CIIMAR), Universidade do Porto, Terminal de Cruzeiros do Porto de Leixões, Matosinhos, Portugal, Faculdade de Ciências, Universidade do Porto, Porto, Portugal, School of Science & Engineering, University of Waikato",1,0,1,0,0,0,0,1,1,100%,0,0,100%
"Centro Interdisciplinar de Investigação Marinha e Ambiental, Universidade do Porto, Terminal de Cruzeiros do Porto de Leixões, Matosinhos, 4450-208, Portugal, School of Science, University of Waikato",1,0,0,0,0,1,0,1,1,100%,0,0,100%
"Chair of Integrated Catchment Management, School of Social Sciences, University of Waikato",1,1,0,0,0,0,0,1,0,0%,1,0,100%
"Chemistry Department, University of Waikato",1,1,0,0,0,0,0,1,0,0%,1,0,100%
"Chemistry, School of Science, University of Waikato",9,6,2,0,0,1,0,9,3,33%,6,0,100%
"China-New Zealand Tourism Research Unit, The University of Waikato",3,3,0,0,0,0,0,3,0,0%,3,0,100%
"China-New Zealand Tourism Research Unit, University of Waikato",3,3,0,0,0,0,0,3,0,0%,2,1,100%
"China-New Zealand Tourism Research Unit, Waikato Management School, University of Waikato",1,1,0,0,0,0,0,1,0,0%,0,1,100%
"China-New Zeland Tourism Research Unit, The University of Waikato",1,1,0,0,0,0,0,1,0,0%,0,0,0%
"Cities Research Institute, Griffith University, Nathan, Brisbane, QLD  4111, Australia, Faculty of Arts and Social Sciences, The University of Waikato",1,0,0,0,0,0,1,1,1,100%,0,0,100%
"Cities Research Institute, Nathan Campus, Griffith University, Brisbane, Australia, Faculty of Arts and Social Sciences, The University of Waikato",1,0,0,0,0,1,0,1,1,100%,0,0,100%
"Civil Engineering, School of Engineering, Faculty of Science and Engineering, University of Waikato",1,0,0,0,0,1,0,1,1,100%,0,0,100%
"Coastal Marine Field Station, Environmental Research Institute, University of Waikato",2,1,1,0,0,0,0,2,1,50%,0,0,50%
"Coastal Marine Field Station, School of Science, University of Waikato",1,0,1,0,0,0,0,1,1,100%,0,0,100%
"Coastal Marine Field Station, University of Waikato",13,6,3,0,1,0,3,13,7,53%,5,1,100%
"Coastal Marine Group, Faculty of Science and Engineering, University of Waikato",1,0,0,0,1,0,0,1,1,100%,0,0,100%
"Coastal Marine Group, School of Science, University of Waikato",4,3,0,0,0,0,1,4,1,25%,3,0,100%
"Coastal Marine Group, University of Waikato",2,1,0,0,1,0,0,2,1,50%,0,1,100%
"Coastal Marine Research Station, University of Waikato",1,1,0,0,0,0,0,1,0,0%,1,0,100%
"Coastal and Freshwater, Cawthron Institute, Nelson, New Zealand, Department of Biological Sciences, University of Waikato",1,0,1,0,0,0,0,1,1,100%,0,0,100%
"College of Earth, Ocean, and Environment, University of Delaware, Lewes, DE  19958, United States, International Centre for Terrestrial Antarctic Research, School of Science, University of Waikato",1,0,0,0,0,0,1,1,1,100%,0,0,100%
"College of Earth, Ocean, and Environment, University of Delaware, Lewes, DE, United States, International Centre for Terrestrial Antarctic Research, University of Waikato",1,0,1,0,0,0,0,1,1,100%,0,0,100%
"College of Education Health and Human Development, Child Well-Being Institute, University of Canterbury, Christchurch, New Zealand, School of Education, University of Waikato",1,1,0,0,0,0,0,1,0,0%,0,0,0%
"College of Engineering, Universiti Teknologi MARA, Shah Alam, Malaysia, Faculty of Science and Engineering, University of Waikato",1,1,0,0,0,0,0,1,0,0%,0,0,0%
"Commercial Accounting, University of Johannesburg, College of Business and Economics, Chris Hani Road, Auckland Park, South Africa, Accounting, Finance & Economics, University of Waikato",1,1,0,0,0,0,0,1,0,0%,1,0,100%
"Computer Science Department, University of Waikato",2,0,0,0,1,1,0,0,0,,0,0,0%
"Computing and Mathematical Sciences, University of Waikato",1,0,0,0,0,1,0,0,0,,0,0,0%
"Curtin University, GPO Box U1987, Perth, WA  6845, Australia, University of Waikato",1,0,0,0,0,1,0,1,1,100%,0,0,100%
"DCU Business School, Dublin City University, Dublin 9, Ireland, School of Accounting, Finance and Economics, University of Waikato",26,9,0,0,2,3,12,23,17,73%,6,0,88%
"DCU Business School, Dublin City University, Dublin, Ireland, School of Accounting, Finance and Economics, University of Waikato",2,0,0,0,0,1,1,2,2,100%,0,0,100%
"DCU Business School, Dublin City UniversityDublin 9, Ireland, School of Accounting, Finance and Economics, University of Waikato",1,0,0,0,0,0,1,1,1,100%,0,0,100%
"DCU Business School, Dublin Ciy University, Dublin, Ireland, School of Accounting, Finance and Ecomonics, University of Waikato",1,1,0,0,0,0,0,1,0,0%,0,0,0%
"Department Sustainable Products and Processes, University of Kassel, Kurt-Wolters-Str. 3, Kassel, 34125, Germany, Sustainable Energy, Water & Resilient Systems Group, School of Engineering, University of Waikato",1,1,0,0,0,0,0,1,0,0%,1,0,100%
"Department of Accounting, University of Waikato",4,2,0,0,0,2,0,4,2,50%,0,2,100%
"Department of Anaesthesia and Pain Medicine, Waikato District Health Board, Hamilton, New Zealand, School of Engineering, University of Waikato",1,1,0,0,0,0,0,1,0,0%,1,0,100%
"Department of Biological Science, University of Waikato",1,1,0,0,0,0,0,1,0,0%,1,0,100%
"Department of Biological Sciences, University of Waikato",7,3,4,0,0,0,0,7,4,57%,3,0,100%
"Department of Biological and Geographical Sciences, University of Huddersfield, Queensgate, Huddersfield, HD1 3DH, United Kingdom, School of Science, University of Waikato",1,0,0,0,0,0,1,1,1,100%,0,0,100%
"Department of Biosystems Engineering, University of São Paulo College of Animal Science and Food Engineering, Av. Duque de Caxias Norte 225, CEP 13635-900 Pirassununga, SP, Brazil, Faculty of Science and Engineering, University of Waikato",1,1,0,0,0,0,0,1,0,0%,1,0,100%
"Department of Biosystems Engineering, University of São Paulo, Pirassununga, SP, Brazil, Swanson School of Engineering, University of Pittsburgh, Pittsburgh, PA, United States, Faculty of Science and Engineering, University of Waikato",1,0,0,0,1,0,0,1,1,100%,0,0,100%
"Department of Chemistry, School of Science, University of Waikato",3,3,0,0,0,0,0,3,0,0%,2,0,66%
"Department of Chemistry, University of Waikato",1,1,0,0,0,0,0,1,0,0%,0,1,100%
"Department of Civil and Environmental Engineering, The University of Auckland, Auckland, 1023, New Zealand, School of Engineering, The University of Waikato",1,0,1,0,0,0,0,1,1,100%,0,0,100%
"Department of Computer Science, The University of Waikato",2,1,0,0,0,1,0,2,1,50%,1,0,100%
"Department of Computer Science, University of Waikato",28,10,3,1,0,10,4,15,11,73%,3,1,53%
"Department of Computing and Mathematical Sciences, University of Waikato",1,0,1,0,0,0,0,1,1,100%,0,0,100%
"Department of Design, University of Waikato",1,1,0,0,0,0,0,1,0,0%,1,0,100%
"Department of Earth and Ocean Sciences, University of Waikato",1,0,1,0,0,0,0,1,1,100%,0,0,100%
"Department of Earth and Planetary Sciences, Harvard University, Cambridge, MA, United States, Now at School of Science, University of Waikato",1,0,0,0,1,0,0,1,1,100%,0,0,100%
"Department of Earth and Planetary Sciences, Yale University, New Haven, CT, United States, Department of Earth and Planetary Sciences, Harvard University, Cambridge, MA, United States, Now at University of Waikato",1,0,0,0,0,0,1,1,1,100%,0,0,100%
"Department of Earth and Planetary Sciences, Yale University, New Haven, CT, United States, University of Waikato",1,0,0,0,0,1,0,1,1,100%,0,0,100%
"Department of Economics and Finance, Durham University Business School, Durham, United Kingdom, Department of Business Economics, University of Verona, Verona, Italy, Department of Economics, University of Waikato",1,1,0,0,0,0,0,1,0,0%,1,0,100%
"Department of Economics and Finance, University of Waikato",1,1,0,0,0,0,0,1,0,0%,1,0,100%
"Department of Economics, School of Accounting, Finance and Economics, University of Waikato",1,1,0,0,0,0,0,1,0,0%,1,0,100%
"Department of Economics, The University of Waikato",1,1,0,0,0,0,0,1,0,0%,1,0,100%
"Department of Economics, University of Waikato",6,2,1,1,0,2,0,6,4,66%,1,1,100%
"Department of Education, University of Waikato",2,2,0,0,0,0,0,2,0,0%,1,0,50%
"Department of Electronic Engineering, School of Engineering, The University of Waikato",2,0,2,0,0,0,0,2,2,100%,0,0,100%
"Department of Environmental Toxicology, Institute of Environmental and Human Health, Texas Tech University, Lubbock, TX, United States, School of Science, University of Waikato",1,0,1,0,0,0,0,1,1,100%,0,0,100%
"Department of Finance, Waikato Management School, University of Waikato",1,1,0,0,0,0,0,1,0,0%,1,0,100%
"Department of General and Applied Linguistics, University of Waikato",1,1,0,0,0,0,0,1,0,0%,1,0,100%
"Department of Geography, University of Waikato",1,1,0,0,0,0,0,1,0,0%,1,0,100%
"Department of Geology and Geophysics, Yale University, New Haven, CT, United States, School of Science, University of Waikato",1,0,0,0,0,1,0,1,1,100%,0,0,100%
"Department of Linguistics, Division of Arts, Law, Psychology and Social Sciences, University of Waikato",1,1,0,0,0,0,0,1,0,0%,1,0,100%
"Department of Management Communication, University of Waikato",2,1,1,0,0,0,0,2,1,50%,1,0,100%
"Department of Management Sciences and Technology, Am Schwarzenberg-Campus 4, 21073 Hamburg, Germany, and Waikato Management School, Hamburg University of Technology (TUHH), University of Waikato",1,0,0,0,0,0,1,1,1,100%,0,0,100%
"Department of Management Sciences and Technology, Hamburg University of Technology (TUHH), Hamburg, Germany, Waikato Management School, University of Waikato",1,1,0,0,0,0,0,1,0,0%,1,0,100%
"Department of Management Systems, University of Waikato",1,0,1,0,0,0,0,1,1,100%,0,0,100%
"Department of Management and Marketing, University of Waikato",2,0,0,0,1,1,0,2,2,100%,0,0,100%
"Department of Mathematics and Statistics, The University of Waikato",1,0,0,0,0,1,0,1,1,100%,0,0,100%
"Department of Mathematics and Statistics, University of Waikato",22,7,1,1,3,7,3,22,15,68%,2,2,86%
"Department of Mathematics, The University of Waikato",6,1,0,1,0,4,0,6,5,83%,0,1,100%
"Department of Mathematics, University of Waikato",9,2,2,1,0,4,0,9,7,77%,2,0,100%
"Department of Mechanical Engineering, University of Waikato",1,1,0,0,0,0,0,1,0,0%,1,0,100%
"Department of NIDEA (National Institute of Demographic and Economic Analysis), Waikato Medical Research Centre, The University of Waikato",1,0,1,0,0,0,0,1,1,100%,0,0,100%
"Department of Paediatrics, Waikato District Health Board and National Institute of Demographic and Economic Analysis, University of Waikato",1,0,0,0,0,1,0,1,1,100%,0,0,100%
"Department of Pest-management and Conservation, Lincoln University, Lincoln, New Zealand, School of Science, The University of Waikato",1,0,0,0,0,1,0,1,1,100%,0,0,100%
"Department of Political Science Public Policy, The University of Waikato",1,1,0,0,0,0,0,1,0,0%,1,0,100%
"Department of Politics and Public Policy, University of Waikato",4,2,1,1,0,0,0,4,2,50%,1,0,75%
"Department of Psychology, Faculty of Behavioural and Social Sciences, University of Groningen, Groningen, Netherlands, School of Psychology, Division of Arts, Psychology, and Social Sciences, University of Waikato",1,0,1,0,0,0,0,1,1,100%,0,0,100%
"Department of Psychology, Lancaster University, Bailrigg, UK, United Kingdom, School of Psychology, The University of Waikato",1,1,0,0,0,0,0,1,0,0%,1,0,100%
"Department of Psychology, Lancaster University, Lancaster, United Kingdom, School of Psychology, University of Waikato",3,0,2,0,0,0,1,3,3,100%,0,0,100%
"Department of Psychology, University of Groningen, Groningen, Netherlands, School of Psychology, University of Waikato",1,1,0,0,0,0,0,1,0,0%,0,0,0%
"Department of Psychology, University of Groningen, Netherlands, University of Waikato",1,1,0,0,0,0,0,1,0,0%,1,0,100%
"Department of Psychology, University of OsloOslo, Norway, School of Social Sciences, University of Waikato",1,0,0,0,0,1,0,1,1,100%,0,0,100%
"Department of Psychology, University of Waikato",1,1,0,0,0,0,0,1,0,0%,0,1,100%
"Department of Pure and Industrial Chemistry, Faculty of Physical Sciences, University of Nigeria, Nsukka, Enugu State  410001, Nigeria, School of Science, University of Waikato",1,1,0,0,0,0,0,1,0,0%,1,0,100%
"Department of Pure and Industrial Chemistry, University of Nigeria, Nsukka, 410001, Nigeria, School of Science, University of Waikato",1,1,0,0,0,0,0,1,0,0%,1,0,100%
"Department of Pure and Industrial Chemistry, University of Nigeria, Nsukka, Enugu State  410001, Nigeria, School of Science, University of Waikato",1,1,0,0,0,0,0,1,0,0%,1,0,100%
"Department of Social Sciences, University of Waikato",2,2,0,0,0,0,0,2,0,0%,2,0,100%
"Department of Sociology, University of Waikato",1,0,0,0,1,0,0,1,1,100%,0,0,100%
"Department of Software Engineering, University of Waikato",4,2,0,0,0,1,1,2,1,50%,1,0,50%
"Department of Space Science, University of Alabama in Huntsville, Huntsville, AL  35805, United States, Department of Mathematics and Statistics, University of Waikato",2,1,0,0,1,0,0,2,1,50%,0,0,50%
"Department of Spatial Economics, Vrije Universiteit Amsterdam, De Boelelaan 1105, Amsterdam, 1081 HV, Netherlands, National Institute of Demographic and Economic Analysis, University of Waikato",1,0,0,0,0,1,0,1,1,100%,0,0,100%
"Department of Sport and Leisure Studies, University of Waikato",1,1,0,0,0,0,0,1,0,0%,1,0,100%
"Department of Statistics, University of Waikato",2,1,0,0,0,0,1,2,1,50%,1,0,100%
"Department of Veterinary Diagnostic and Production Animal Medicine, College of Veterinary Medicine, Iowa State University, 1809 South Riverside Drive, Ames, IA, United States, Animal Behaviour and Welfare, AgResearch Ltd, Ruakura Research Centre, Private Bag 3123, Hamilton, New Zealand, School of Science, University of Waikato",1,1,0,0,0,0,0,1,0,0%,1,0,100%
"Department: Waikato Management School, University/Institution, University of Waikato",1,1,0,0,0,0,0,1,0,0%,1,0,100%
"Dept. of Economics, School of Accounting, Finance and Economics (SAFE), The University of Waikato",1,0,0,1,0,0,0,1,1,100%,0,0,100%
"Deputy Vice-Chancellor Academic, University of Waikato",1,1,0,0,0,0,0,1,0,0%,1,0,100%
"Division of Arts, Law, Psychology & Social Sciences, School of Psychology, University of Waikato",1,0,1,0,0,0,0,1,1,100%,0,0,100%
"Division of Arts, Law, Psychology and Social Sciences, School of Psychology, University of Waikato",1,0,0,0,1,0,0,1,1,100%,0,0,100%
"Division of Arts, Law, Psychology and Social Sciences, University of Waikato",2,1,0,0,0,0,1,2,1,50%,1,0,100%
"Division of Education, The University of Waikato",4,4,0,0,0,0,0,3,0,0%,3,0,75%
"Division of Education, University of Waikato",10,8,2,0,0,0,0,10,2,20%,7,0,90%
"Division of Health Engineering Computing and Science, Te Huataki Waiora School of Health, Adams Centre for High Performance, University of Waikato",1,0,1,0,0,0,0,1,1,100%,0,0,100%
"Division of Health, Engineering, Computers and Science, School of Science, University of Waikato",1,0,1,0,0,0,0,1,1,100%,0,0,100%
"Division of Health, Engineering, Computing & Science, Te Huataki Waiora School of Health, University of Waikato",1,1,0,0,0,0,0,1,0,0%,1,0,100%
"Division of Health, Engineering, Computing and Science (HECS), University of Waikato",1,0,0,0,0,1,0,1,1,100%,0,0,100%
"Division of Health, Engineering, Computing and Science Te Huataki Waiora School of Health University of Waikato",1,0,0,0,0,1,0,1,1,100%,0,0,100%
"Division of Health, Engineering, Computing and Science, Environmental Research Institute, School of Science, The University of Waikato",1,0,0,0,0,0,1,1,1,100%,0,0,100%
"Division of Health, Engineering, Computing and Science, School of Health, Sport and Human Performance, University of Waikato",1,0,0,0,0,1,0,1,1,100%,0,0,100%
"Division of Health, Engineering, Computing and Science, Te Huataki Waiora School of Health, Adams Centre for High Performance, University of Waikato",5,2,0,0,0,3,0,5,3,60%,2,0,100%
"Division of Health, Engineering, Computing and Science, Te Huataki Waiora School of Health, University of Waikato",7,5,0,1,0,1,0,7,2,28%,5,0,100%
"Division of Health, Engineering, Computing and Science, University of Waikato",2,1,0,0,1,0,0,2,1,50%,1,0,100%
"Division of Health, Engineering, Computing, and Science, School of Health, Sport and Human Performance, University of Waikato",1,0,0,0,1,0,0,1,1,100%,0,0,100%
"Dodd Walls Centre for Photonics and Quantum Technologies, The University of Waikato",1,1,0,0,0,0,0,1,0,0%,0,1,100%
"Dr., University of Waikato",1,1,0,0,0,0,0,1,0,0%,1,0,100%
"Dublin City University (DCU) Dublin 9, Ireland, School of Accounting, Finance and Economics, University of Waikato",1,0,0,0,0,0,1,1,1,100%,0,0,100%
"Durham University Business School, Durham University, Mill Hill Lane, DurhamDH1 3LB, United Kingdom, Department of Business Administration, University of Verona, Via Cantarane, Verona, 24 - 37129, Italy, School of Accounting, Economics & Finance, University of Waikato",1,0,0,0,0,1,0,1,1,100%,0,0,100%
"Earth Sciences, School of Science, University of Waikato",3,2,1,0,0,0,0,3,1,33%,2,0,100%
"Earth Sciences, University of Waikato",1,1,0,0,0,0,0,1,0,0%,1,0,100%
"Earth and Planetary Sciences, Yale University, New Haven, CT, United States, Te Aka Mātuatua, University of Waikato",1,0,0,0,0,1,0,1,1,100%,0,0,100%
"Economics Department, University of Waikato",1,0,0,0,0,1,0,1,1,100%,0,0,100%
"Economics and Finance, Waikato Management School, The University of Waikato",1,1,0,0,0,0,0,1,0,0%,1,0,100%
"Economics, Waikato Management School, University of Waikato",2,2,0,0,0,0,0,2,0,0%,1,1,100%
"Education Division, University of Waikato",1,1,0,0,0,0,0,1,0,0%,1,0,100%
"Emeritus, University of Waikato",1,1,0,0,0,0,0,1,0,0%,1,0,100%
"Energy Initiative, University of Queensland, Brisbane, 4072, Australia, Earth Sciences, School of Science, University of Waikato",1,1,0,0,0,0,0,1,0,0%,1,0,100%
"Energy Initiative, University of Queensland, Brisbane, QLD  4072, Australia, School of Science, University of Waikato",1,0,0,0,0,1,0,1,1,100%,0,0,100%
"Energy Research Centre, School of Engineering, University of Waikato",1,1,0,0,0,0,0,1,0,0%,1,0,100%
"Energy Systems Integration Group, School of Engineering, The University of Waikato",1,1,0,0,0,0,0,1,0,0%,1,0,100%
"Energy Systems Integration Group, School of Engineering, University of Waikato",3,1,2,0,0,0,0,3,2,66%,1,0,100%
"Energy and Climate Law, at the Centre for Energy, Resources and Environmental Law (CEREL), Te Piringa - Faculty of Law, University of Waikato",1,1,0,0,0,0,0,1,0,0%,1,0,100%
Engineering University of Waikato,1,1,0,0,0,0,0,1,0,0%,0,1,100%
"English Programme, School of Arts, Te Kura Toi, University of Waikato",1,1,0,0,0,0,0,1,0,0%,1,0,100%
"Enviornmental Planning Post Doctoral, University of Waikato",1,1,0,0,0,0,0,1,0,0%,1,0,100%
"Environmental Management Group, Toi Ohomai Institute of Technology, Tauranga, New Zealand, School of Science, University of Waikato",1,0,1,0,0,0,0,1,1,100%,0,0,100%
"Environmental Planning Program, Faculty of Arts and Social Sciences, University of Waikato",2,1,0,0,1,0,0,2,1,50%,1,0,100%
"Environmental Planning Programme, Faculty of Arts and Social Sciences, University of Waikato",1,1,0,0,0,0,0,1,0,0%,1,0,100%
"Environmental Planning Programme, School of Social Sciences, The University of Waikato",2,0,0,0,0,2,0,2,2,100%,0,0,100%
"Environmental Planning Programme, School of Social Sciences, University of Waikato",2,2,0,0,0,0,0,2,0,0%,1,0,50%
"Environmental Planning Programme, University of Waikato",2,1,0,0,0,0,1,2,1,50%,1,0,100%
"Environmental Research Institute and School of Science, University of Waikato",1,0,0,0,1,0,0,1,1,100%,0,0,100%
"Environmental Research Institute, Faculty of Science & Engineering, University of Waikato",1,1,0,0,0,0,0,1,0,0%,1,0,100%
"Environmental Research Institute, Faculty of Science and Engineering, The University of Waikato",1,1,0,0,0,0,0,1,0,0%,1,0,100%
"Environmental Research Institute, School of Science, Faculty of Science and Engineering, University of Waikato",4,0,2,0,0,2,0,4,4,100%,0,0,100%
"Environmental Research Institute, School of Science, Science and Engineering, University of Waikato",1,1,0,0,0,0,0,1,0,0%,1,0,100%
"Environmental Research Institute, School of Science, The University of Waikato",3,3,0,0,0,0,0,3,0,0%,3,0,100%
"Environmental Research Institute, School of Science, University of Waikato",11,5,5,1,0,0,0,11,6,54%,5,0,100%
"Environmental Research Institute, The University of Waikato",10,7,1,0,2,0,0,10,3,30%,6,0,90%
"Environmental Research Institute, University of Waikato",24,8,7,1,3,2,3,24,16,66%,8,0,100%
"Experimental Philosophy Research Group, University of Waikato",3,3,0,0,0,0,0,0,0,,0,0,0%
"Faculty of Arts and Social Sciences, School of Psychology, University of Waikato",1,1,0,0,0,0,0,1,0,0%,1,0,100%
"Faculty of Arts and Social Sciences, The University of Waikato",1,1,0,0,0,0,0,1,0,0%,1,0,100%
"Faculty of Arts and Social Sciences, University of Waikato",3,2,0,0,0,1,0,3,1,33%,1,1,100%
"Faculty of Banking, University of Economics, The University of Danang, Da Nang, 550000, Viet Nam, School of Accounting, Finance and Economics, The University of Waikato",1,0,1,0,0,0,0,1,1,100%,0,0,100%
"Faculty of Education, Te Whiringa School of Educational Leadership and Policy, Te Toi Tangata Faculty of Education, University of Waikato",1,1,0,0,0,0,0,0,0,,0,0,0%
"Faculty of Education, The University of Waikato",2,2,0,0,0,0,0,2,0,0%,2,0,100%
"Faculty of Education, University of Waikato",14,11,2,0,0,1,0,13,3,23%,10,0,92%
"Faculty of Engineering and Information Sciences, School of Engineering, University of Waikato",1,1,0,0,0,0,0,1,0,0%,1,0,100%
"Faculty of Engineering, University of Waikato",3,2,0,0,0,1,0,3,1,33%,2,0,100%
"Faculty of Health, Education and Environment, Toi Ohomai Institute of Technology, Tauranga, 3112, New Zealand, Te Huataki Waiora School of Health, The University of Waikato",3,0,3,0,0,0,0,3,3,100%,0,0,100%
"Faculty of Health, Sport and Human Performance, Adams Center for High Performance, The University of Waikato",1,1,0,0,0,0,0,1,0,0%,0,0,0%
"Faculty of Health, Sport and Human Performance, University of Waikato",6,3,1,0,1,1,0,6,3,50%,3,0,100%
"Faculty of Health, Sport, and Human Performance, University of Waikato",1,1,0,0,0,0,0,1,0,0%,0,0,0%
"Faculty of Health, The University of Waikato",1,0,0,0,0,1,0,1,1,100%,0,0,100%
"Faculty of Law, University of Waikato",2,1,0,0,0,0,1,2,1,50%,1,0,100%
"Faculty of Management, School of Accounting, Finance and Economics, University of Waikato",1,1,0,0,0,0,0,1,0,0%,0,1,100%
"Faculty of Maori and Indigenous Studies, University of Waikato",4,3,1,0,0,0,0,3,1,33%,1,1,75%
"Faculty of Māori & Indigenous Studies, University of Waikato",1,1,0,0,0,0,0,1,0,0%,1,0,100%
"Faculty of Māori and Indigenous Studies, University of Waikato",8,6,2,0,0,0,0,8,2,25%,4,1,87%
"Faculty of Science & Engineering, The University of Waikato",1,1,0,0,0,0,0,1,0,0%,1,0,100%
"Faculty of Science and Engineering, School of Engineering, University of Waikato",1,0,1,0,0,0,0,1,1,100%,0,0,100%
"Faculty of Science and Engineering, The University of Waikato",2,2,0,0,0,0,0,1,0,0%,1,0,50%
"Faculty of Science and Engineering, University of Waikato",12,8,3,0,0,1,0,11,4,36%,6,0,83%
"Faculty of Science and Technology, University of Waikato",1,1,0,0,0,0,0,1,0,0%,1,0,100%
"Faculty of Science, The University of Waikato",1,1,0,0,0,0,0,1,0,0%,1,0,100%
"Fertility New Zealand, Auckland, New Zealand, School of Psychology, University of Waikato",4,0,0,0,0,0,4,4,4,100%,0,0,100%
"Film Tourism Research Centre, College of Tourism, Beijing Union University, Chaoyang, Beijing, China, BUU China-New Zealand Tourism Research Unit, University of Waikato",1,1,0,0,0,0,0,1,0,0%,1,0,100%
"Finance, Waikato Management School, The University of Waikato",1,1,0,0,0,0,0,1,0,0%,1,0,100%
"Geography Programme, School of Social Sciences, University of Waikato",1,1,0,0,0,0,0,1,0,0%,1,0,100%
"Geography Programme, University of Waikato",3,2,0,0,0,1,0,3,1,33%,2,0,100%
"Geography and Environmental Planning Programme, School of Social Sciences, University of Waikato",1,1,0,0,0,0,0,1,0,0%,1,0,100%
"George Perkins Marsh Institute, Clark University, 950 Main Street, Worcester, MA  01610, United States, Department of Economics, Waikato Management School, University of Waikato",1,1,0,0,0,0,0,1,0,0%,1,0,100%
"German Centre for Integrative Biodiversity Research (iDiv) Halle-Jena-Leipzig, Leipzig, Germany, Institute of Landscape Ecology, University of Münster, Münster, Germany, Institute of Biology, Leipzig University, Leipzig, Germany, School of Science, University of Waikato",1,0,0,0,1,0,0,1,1,100%,0,0,100%
"German Centre for Integrative Biodiversity Research (iDiv), Deutscher Pl. 5E, Leipzig, 04103, Germany, School of Science, the University of Waikato",1,0,0,0,0,0,1,1,1,100%,0,0,100%
"Gns Science, Gracefield, Lower Hutt, 5010, New Zealand, Faculty of Science and Engineering, University of Waikato",1,0,1,0,0,0,0,1,1,100%,0,0,100%
"Growing up in New Zealand, The University of Auckland, Auckland, New Zealand, National Institute of Demographic and Economic Analysis, University of Waikato",1,0,0,0,1,0,0,1,1,100%,0,0,100%
"Hamburg University of Technology (TUHH), Germany, University of Waikato",2,2,0,0,0,0,0,2,0,0%,0,2,100%
"Hamburg University of Technology (TUHH), Hamburg, Germany, University of Waikato",2,2,0,0,0,0,0,2,0,0%,1,1,100%
"Hamburg University of Technology, Germany, University of Waikato",1,1,0,0,0,0,0,1,0,0%,1,0,100%
"Hamburg University of Technology, Hamburg, Germany, University of Waikato",1,0,0,0,0,1,0,1,1,100%,0,0,100%
"Hamburg University of Technology, Hamburg, Germany, Waikato Management School, University of Waikato",1,0,0,0,0,0,1,1,1,100%,0,0,100%
"Health, Sport and Human Performance, School of Health, University of Waikato",1,0,0,0,0,0,1,1,1,100%,0,0,100%
"Health, Sport and Human Performance, University of Waikato",4,4,0,0,0,0,0,4,0,0%,3,0,75%
"Huataki Waiora School of Health, University of Waikato",1,1,0,0,0,0,0,0,0,,0,0,0%
"ICTAR-The International Centre for Terrestrial Antarctic Research, University of Waikato",1,0,1,0,0,0,0,1,1,100%,0,0,100%
IP-Paris University of Waikato,1,1,0,0,0,0,0,0,0,,0,0,0%
"Institute for Coastal and Marine Research, Nelson Mandela University, Port Elizabeth, South Africa, Department of Oceanography and Marine Research Institute, University of Cape Town, Cape Town, South Africa, Research and Development, MetOcean (A Division of the MetService), Raglan, New Zealand, Environmental Research Institute, University of Waikato",1,0,1,0,0,0,0,1,1,100%,0,0,100%
"Institute of Geographic Sciences and Natural Resources Research, Chinese Academy of Sciences, Beijing, 100101, China, Center for Chinese Agricultural Policy, Chinese Academy of Sciences, Beijing, 100101, China, University of Chinese Academy of Sciences, Beijing, 100049, China, Department of Economics, The University of Waikato",1,1,0,0,0,0,0,1,0,0%,1,0,100%
"Institute of Human Resource Management and Organizations (W-9), Hamburg University of Technology (TUHH), Am Schwarzenberg-Campus 4 (D), Hamburg, 21073, Germany, Waikato Management School, University of Waikato",1,0,0,0,0,0,1,1,1,100%,0,0,100%
"Institute of Human Resource Management and Organizations, Hamburg University of Technology, Am Schwarzenberg-Campus 4 (D), Hamburg, 21073, Germany, University of Waikato",1,0,0,0,0,0,1,1,1,100%,0,0,100%
"Institute of Human Resource Management and Organizations, Hamburg University of Technology, Hamburg, 21071, Germany, Waikato Management School, University of Waikato",1,0,0,0,0,1,0,1,1,100%,0,0,100%
"Institute of Human Resource Management and Organizations, Hamburg University of Technology, Hamburg, Germany, Waikato Management School, University of Waikato",1,1,0,0,0,0,0,1,0,0%,0,1,100%
"Institute of Human Resource Management and Organizations, Hamburg, Germany, Hamburg University of Technology, Hamburg, Germany, Waikato Management School, University of Waikato",1,0,0,0,1,0,0,1,1,100%,0,0,100%
"Institute of Marine Science, The University of Auckland, Private Bag 92019, Auckland, 1142, New Zealand, School of Science, University of Waikato",1,0,0,0,0,0,1,1,1,100%,0,0,100%
"Institute of Nanotechnology, National Research Council (CNR-NANOTEC), Lecce, 73100, Italy, School of Science, Science and Engineering, University of Waikato",1,1,0,0,0,0,0,1,0,0%,1,0,100%
"Institute of Security and Crime Science and School of Psychology, University of Waikato",1,0,1,0,0,0,0,1,1,100%,0,0,100%
"InterAg, Ruakura Research Centre, Hamilton, 3214, New Zealand, School of Science, The University of Waikato",2,1,1,0,0,0,0,2,1,50%,1,0,100%
"Interdisciplinary Centre of Marine and Environmental Research (CIIMAR), University of Porto, Matosinhos, 4450-208, Portugal, Faculty of Sciences, University of Porto, Porto, 4150-179, Portugal, School of Science, University of Waikato",1,0,1,0,0,0,0,1,1,100%,0,0,100%
"Interdisciplinary Centre of Marine and Environmental Research (CIIMAR), University of Porto, Matosinhos, Portugal, Faculty of Sciences, University of Porto, Porto, Portugal, International Centre for Terrestrial Antarctic Research, University of Waikato",1,0,1,0,0,0,0,1,1,100%,0,0,100%
"Interdisciplinary Centre of Marine and Environmental Research (CIIMAR), University of Porto, Matosinhos, Portugal, Faculty of Sciences, University of Porto, Porto, Portugal, School of Science, Faculty of Science and Engineering, University of Waikato",1,0,1,0,0,0,0,1,1,100%,0,0,100%
"Interdisciplinary Centre of Marine and Environmental Research (CIIMAR), University of Porto, Porto, Portugal, Faculty of Sciences, University of Porto, Porto, Portugal, School of Science & Engineering, University of Waikato",1,1,0,0,0,0,0,1,0,0%,1,0,100%
"Interdisciplinary Centre of Marine and Environmental Research (CIIMAR), University of Porto, Terminal de Cruzeiros Do Porto de Leixoes, Avenida General Norton de Matos, S/N, Matosinhos, 4450-208, Portugal, Faculty of Sciences, University of Porto, Rua do Campo Alegre s/n, Porto, 4169-007, Portugal, School of Science, University of Waikato",1,1,0,0,0,0,0,1,0,0%,1,0,100%
"Interdisciplinary Centre of Marine and Environmental Research (CIIMAR/CIMAR), University of Porto, Porto, Portugal, Faculty of Sciences, University of Porto, Porto, Portugal, School of Science Engineering, University of Waikato",1,0,1,0,0,0,0,1,1,100%,0,0,100%
"International Business School, Waikato Management School, University of Waikato",1,1,0,0,0,0,0,1,0,0%,0,1,100%
"International Centre for Terrestrial Antarctic Research, School of Science, University of Waikato",1,0,0,0,0,0,1,1,1,100%,0,0,100%
"International Centre for Terrestrial Antarctic Research, University of Waikato",3,2,1,0,0,0,0,3,1,33%,2,0,100%
"Invasomics Laboratory, Te Aka Mātuatua - School of Science, University of Waikato",1,0,1,0,0,0,0,1,1,100%,0,0,100%
"James Cook University, Centre for Macroalgal Resources and Biotechnology, College of Science and Engineering, Townsville, QLD  4811, Australia, University of Waikato",1,0,0,0,0,0,1,1,1,100%,0,0,100%
"Joint Institute for Freshwater Management, University of Waikato",1,0,1,0,0,0,0,1,1,100%,0,0,100%
"LICOS Centre for Institutions and Economic Performance, KU Leuven, Belgium, Department of Economics, University of Waikato",1,0,0,0,0,1,0,1,1,100%,0,0,100%
"LICOS Centre for Institutions and Economic Performance, KU Leuven, Leuven, 3000, Belgium, Department of Economics, University of Waikato",1,0,0,0,0,1,0,1,1,100%,0,0,100%
"LTCI, Télécom Paris, 46 rue Barrault, Paris, Cedex 13 75634, France, University of Waikato",1,1,0,0,0,0,0,1,0,0%,1,0,100%
"LTCI, Télécom Paris, IP Paris, Paris, France, University of Waikato",1,0,0,0,1,0,0,1,1,100%,0,0,100%
"LTCI, Télécom Paris, IP-Paris, France, University of Waikato",1,1,0,0,0,0,0,1,0,0%,1,0,100%
"LTCI, Télécom Paris, IP-Paris, Palaiseau, France, Department of Computer Science, University of Waikato",1,1,0,0,0,0,0,1,0,0%,1,0,100%
"LTCI, Télécom Paris, IP-Paris, Paris, France, Department of Computer Science, University of Waikato",1,0,0,0,0,0,1,1,1,100%,0,0,100%
"LTCI, Télécom Paris, IP-Paris, Paris, France, University of Waikato",2,1,0,0,0,0,1,0,0,,0,0,0%
"LTCI, Télécom Paris, Institut Polytechnique de Paris, Palaiseau, France, AI Institute, University of Waikato",1,1,0,0,0,0,0,0,0,,0,0,0%
"LTCI, Télécom-Paris, IP-Paris, France, University of Waikato",1,1,0,0,0,0,0,1,0,0%,1,0,100%
"Library, University of Waikato",1,0,1,0,0,0,0,1,1,100%,0,0,100%
"Loxahatchee River District, 2500 Jupiter Park Dr, Jupiter, FL  33458, United States, School of Science, University of Waikato",1,1,0,0,0,0,0,1,0,0%,1,0,100%
"Manaaki Whenua Landcare Research, 54 Gerald Street, Lincoln, New Zealand, University of Waikato",1,0,0,0,0,0,1,1,1,100%,0,0,100%
"Manaaki Whenua – Landcare Research, Gate 10 Silverdale Road, University of Waikato",1,1,0,0,0,0,0,1,0,0%,1,0,100%
"Management School, University of Waikato",1,0,1,0,0,0,0,1,1,100%,0,0,100%
"Maori and Psychology Research Unit, School of Psychology, University of Waikato",1,0,0,0,1,0,0,1,1,100%,0,0,100%
"Maori and Psychology Research Unit, University of Waikato",1,1,0,0,0,0,0,1,0,0%,0,1,100%
"Medical Research Centre, The University of Waikato",1,1,0,0,0,0,0,1,0,0%,1,0,100%
"Medical Research Centre, University of Waikato",10,1,4,5,0,0,0,10,9,90%,0,0,90%
"Mental Health Nursing, University of Waikato",1,0,0,0,1,0,0,1,1,100%,0,0,100%
"Michael A. Peters Faculty of Education, Beijing Normal University, Beijing, China, Beijing Normal University, Beijing, China, University of Waikato",1,1,0,0,0,0,0,0,0,,0,0,0%
"NZ Pākehā, Environmental Research Institute, University of Waikato",1,1,0,0,0,0,0,1,0,0%,1,0,100%
"National Institute of Demographic and Economic Analysis (NIDEA), University of Waikato",4,2,1,0,1,0,0,3,2,66%,1,0,75%
"National Institute of Demographic and Economic Analysis, Faculty of Arts and Social Sciences, The University of Waikato",1,1,0,0,0,0,0,1,0,0%,1,0,100%
"National Institute of Demographic and Economic Analysis, The University of Waikato",3,1,1,1,0,0,0,3,2,66%,1,0,100%
"National Institute of Demographic and Economic Analysis, University of Waikato",15,7,4,0,0,2,2,15,8,53%,7,0,100%
"National Institute of Water & Atmospheric Research, Hamilton, 3216, New Zealand, School of Science, University of Waikato",2,2,0,0,0,0,0,2,0,0%,2,0,100%
"National Institute of Water & Atmospheric Research, Hamilton, New Zealand, School of Science, University of Waikato",2,2,0,0,0,0,0,2,0,0%,2,0,100%
"National Institute of Water and Atmospheric Research, PO Box 11-115, Hillcrest Hamilton, 3251, New Zealand, School of Science, University of Waikato",1,0,0,0,0,0,1,1,1,100%,0,0,100%
"National Youth Sport Institute, Singapore, Singapore, Transport Research Group, School of Psychology, University of Waikato",1,0,1,0,0,0,0,1,1,100%,0,0,100%
"New Zealand Institute for Business Research, The University of Waikato",1,0,1,0,0,0,0,1,1,100%,0,0,100%
"New Zealand Institute for Business Research, University of Waikato",1,1,0,0,0,0,0,1,0,0%,1,0,100%
"New Zealand Institute for Business Research, Waikato Management School, University of Waikato",1,1,0,0,0,0,0,1,0,0%,1,0,100%
"New Zealand Rugby Union, Wellington, New Zealand, Adams Centre for High Performance, Faculty of Health, Sport and Human Performance, University of Waikato",1,0,1,0,0,0,0,1,1,100%,0,0,100%
"New Zealand Rugby Union, Wellington, New Zealand, Te HuatakiWaiora School of Health, University of Waikato",1,0,0,0,1,0,0,1,1,100%,0,0,100%
New Zealand University of Waikato,2,1,1,0,0,0,0,2,1,50%,1,0,100%
"Newcastle Business School, University of Newcastle, Callaghan, Australia, Waikato Management School, University of Waikato",1,1,0,0,0,0,0,1,0,0%,1,0,100%
"Newcastle Business School, University of Newcastle, Newcastle, Australia, Waikato Management School, University of Waikato",1,1,0,0,0,0,0,1,0,0%,1,0,100%
Ngataki and University of Waikato,1,1,0,0,0,0,0,1,0,0%,0,0,0%
"Ngāti Kahungunu, Ngāi Tahu, Ngāti Mamoe, Waitaha, Te Pua Wānanga ki te Ao, Faculty of Māori and Indigenous Studies, University of Waikato",1,1,0,0,0,0,0,1,0,0%,1,0,100%
"Northern Ontario School of Medicine, Laurentian University and Lakehead University, Founding Dean Emeritus, Sudbury, Thunder Bay, Canada, Te Huataki Waiora School of Health, University of Waikato",1,1,0,0,0,0,0,1,0,0%,1,0,100%
"Norwegian Veterinary Institute, P. O. Box 750, Sentrum, Oslo, N-0106, Norway, Chemistry Department, University of Waikato",1,0,1,0,0,0,0,1,1,100%,0,0,100%
"Norwegian Veterinary Institute, P.O. Box 64, Ås, NO-1431, Norway, School of Science and Engineering, University of Waikato",1,0,0,0,0,1,0,1,1,100%,0,0,100%
"Office of the Vice Chancellor, University of Waikato",1,1,0,0,0,0,0,1,0,0%,1,0,100%
"Office of the Vice-Chancellor, The University of Waikato",2,0,0,0,0,2,0,2,2,100%,0,0,100%
ParisTech & The University of Waikato,1,0,0,0,0,1,0,1,1,100%,0,0,100%
"People, Cities and Nature, University of Waikato",1,0,0,0,0,1,0,1,1,100%,0,0,100%
"People, Cities, and Nature, University of Waikato",1,0,0,0,1,0,0,1,1,100%,0,0,100%
"Philosophy Programme, University of Waikato",3,2,0,0,1,0,0,3,1,33%,2,0,100%
"Political Science and International Relations, University of Waikato",1,1,0,0,0,0,0,1,0,0%,1,0,100%
"Political Science and Public Policy Programme, University of Waikato",1,1,0,0,0,0,0,1,0,0%,1,0,100%
"Political Science and Public Policy, University of Waikato",1,1,0,0,0,0,0,1,0,0%,0,0,0%
"Professional Studies in Education, University of Waikato",1,0,0,0,1,0,0,1,1,100%,0,0,100%
"Psychology, The University of Waikato",1,0,0,0,0,1,0,1,1,100%,0,0,100%
"Public Policy Programme, The University of Waikato",1,1,0,0,0,0,0,1,0,0%,1,0,100%
"Radiocarbon Dating Laboratory, Division of Health, Engineering, Computing and Science, University of Waikato",3,0,1,0,0,2,0,3,3,100%,0,0,100%
"Radiocarbon Dating Laboratory, Te Aka Mātuatua - School of Science, University of Waikato",1,1,0,0,0,0,0,1,0,0%,1,0,100%
"Radiocarbon Dating Laboratory, University of Waikato",7,2,0,0,0,3,2,7,5,71%,1,0,85%
"Red Sea Research Center (RSRC), King Abdullah University of Science and Technology (KAUST), Thuwal, Saudi Arabia, School of Science, University of Waikato",1,0,0,0,0,1,0,1,1,100%,0,0,100%
"Research Centre for Limnology, Indonesian Institute of Sciences, Bogor, Indonesia, Environmental Research Institute, University of Waikato",1,0,0,0,0,1,0,1,1,100%,0,0,100%
"Research Nucleus on Materials for Biosystems (NAP BioSMat), Department of Biosystems Engineering, University of São Paulo, Pirassununga, Sao Paolo  13635-900, Brazil, School of Engineering, University of Waikato",1,0,1,0,0,0,0,1,1,100%,0,0,100%
"Research and development, MetOcean (a division of the Meteorological Service), Raglan, 3225, New Zealand, Environmental Research Institute, University of Waikato",1,0,1,0,0,0,0,1,1,100%,0,0,100%
"School of Accounting, Economics and Finance, University of Waikato",1,1,0,0,0,0,0,1,0,0%,1,0,100%
"School of Accounting, Finance and Economics (SAFE), The University of Waikato",2,1,0,0,1,0,0,2,1,50%,1,0,100%
"School of Accounting, Finance and Economics Waikato Management School, University of Waikato",1,1,0,0,0,0,0,1,0,0%,0,1,100%
"School of Accounting, Finance and Economics, Division of Management, University of Waikato",1,1,0,0,0,0,0,1,0,0%,1,0,100%
"School of Accounting, Finance and Economics, The University of Waikato",4,3,0,0,1,0,0,4,1,25%,3,0,100%
"School of Accounting, Finance and Economics, University of Waikato",35,20,0,0,3,6,6,34,15,44%,16,3,97%
"School of Accounting, Finance and Economics, Waikato Management Division, University of Waikato",4,4,0,0,0,0,0,4,0,0%,3,1,100%
"School of Accounting, Finance and Economics, Waikato Management School, The University of Waikato",3,3,0,0,0,0,0,3,0,0%,3,0,100%
"School of Accounting, Finance and Economics, Waikato Management School, University of Waikato",13,11,0,0,0,2,0,13,2,15%,8,2,92%
"School of Accounting, Finance, and Economics, The University of Waikato",1,1,0,0,0,0,0,1,0,0%,1,0,100%
"School of Accounting, Finance, and Economics, University of Waikato",4,2,2,0,0,0,0,3,2,66%,1,0,75%
"School of Accounting, Finance, and Economics, Waikato Management School, The University of Waikato",1,1,0,0,0,0,0,1,0,0%,0,1,100%
"School of Arts, University of Waikato",3,3,0,0,0,0,0,2,0,0%,1,0,33%
"School of Biological Sciences, University of Auckland, Auckland, New Zealand, School of Science, University of Waikato",1,1,0,0,0,0,0,1,0,0%,1,0,100%
"School of Biological Sciences, University of Waikato",1,1,0,0,0,0,0,0,0,,0,0,0%
"School of Computer Science, University of Waikato",1,1,0,0,0,0,0,0,0,,0,0,0%
"School of Computer and Mathematical Sciences, University of Waikato",1,0,0,0,0,1,0,1,1,100%,0,0,100%
"School of Computing and Mathematical Sciences, Division of Health, Engineering, Computing and Science, University of Waikato",1,0,1,0,0,0,0,1,1,100%,0,0,100%
"School of Computing and Mathematical Sciences, The University of Waikato",1,0,1,0,0,0,0,1,1,100%,0,0,100%
"School of Computing and Mathematical Sciences, University of Waikato",8,5,1,0,1,1,0,7,3,42%,2,2,87%
"School of Computing and Mathematics, University of Waikato",1,1,0,0,0,0,0,0,0,,0,0,0%
"School of Computing, University of Waikato",1,1,0,0,0,0,0,0,0,,0,0,0%
"School of Education), University of Waikato",1,1,0,0,0,0,0,1,0,0%,1,0,100%
"School of Education, Curtin University, Perth, Australia, Te Kura Toi Tangata School of Education, University of Waikato",1,0,0,0,0,1,0,1,1,100%,0,0,100%
"School of Education, Te Whare Wānanga O Waikato/The University of Waikato",1,1,0,0,0,0,0,1,0,0%,1,0,100%
"School of Education, The University of Waikato",1,1,0,0,0,0,0,1,0,0%,0,0,0%
"School of Education, University of Waikato",15,8,2,1,1,2,1,14,7,50%,7,0,93%
"School of Engineering Faculty of Science and Engineering, The University of Waikato",1,1,0,0,0,0,0,1,0,0%,1,0,100%
"School of Engineering and the School of Computing and Mathematics, University of Waikato",1,1,0,0,0,0,0,0,0,,0,0,0%
"School of Engineering, Faculty of Science & Engineering, The University of Waikato",2,2,0,0,0,0,0,2,0,0%,2,0,100%
"School of Engineering, Faculty of Science and Engineering, The University of Waikato",13,8,4,1,0,0,0,13,5,38%,7,1,100%
"School of Engineering, Faculty of Science and Engineering, University of Waikato",11,6,3,0,0,1,1,11,5,45%,5,0,90%
"School of Engineering, Faculty of Science and Engineering, the University of Waikato",1,0,1,0,0,0,0,1,1,100%,0,0,100%
"School of Engineering, Hamilton University of Waikato",1,0,1,0,0,0,0,1,1,100%,0,0,100%
"School of Engineering, Monash University Malaysia, Jalan Lagoon Selatan, Bandar Sunway, 47500, Malaysia, School of Engineering, University of Waikato",1,0,0,0,0,1,0,1,1,100%,0,0,100%
"School of Engineering, The Faculty of Science & Engineering, The University of Waikato",1,1,0,0,0,0,0,1,0,0%,1,0,100%
"School of Engineering, The University of Waikato",12,6,2,1,0,1,2,11,6,54%,5,0,91%
"School of Engineering, University of Waikato",53,33,6,2,4,7,1,43,19,44%,14,10,81%
"School of General and Applied Linguistics, University of Waikato",3,0,1,0,1,0,1,3,3,100%,0,0,100%
"School of Graduate Research, The University of Waikato",1,1,0,0,0,0,0,1,0,0%,0,1,100%
"School of Graduate Research, University of Waikato",1,1,0,0,0,0,0,1,0,0%,0,0,0%
"School of Health, Sport and Human Performance, University of Waikato",2,2,0,0,0,0,0,2,0,0%,2,0,100%
"School of Health, The University of Waikato",1,1,0,0,0,0,0,1,0,0%,1,0,100%
"School of Health, University of Waikato",7,6,0,0,1,0,0,7,1,14%,5,0,85%
"School of Human Development and Counselling, University of Waikato",1,0,0,0,0,1,0,1,1,100%,0,0,100%
"School of Life Science and Technology, University of Electronic Science and Technology of China, Chengdu 611731, China, and also with the School of Engineering, University of Waikato",1,1,0,0,0,0,0,1,0,0%,0,1,100%
"School of Life Science and Technology, University of Electronic Science and Technology of China, Chengdu, China, School of Engineering, University of Waikato",1,1,0,0,0,0,0,1,0,0%,0,1,100%
"School of Life Science and Technology, the University of Electronic Science and Technology of China, Chengdu, 611731, China, Division of Health, Engineering, Computing and Science, the University of Waikato",1,1,0,0,0,0,0,1,0,0%,1,0,100%
"School of Life and Environmental Sciences, Sydney Institute of Agriculture, The University of Sydney, Brownlow Hill, NSW  2570, Australia, School of Science, University of Waikato",1,0,1,0,0,0,0,1,1,100%,0,0,100%
"School of Life and Environmental Sciences, Sydney Institute of Agriculture, The University of Sydney, Brownlow Hill, NSW, Australia, School of Science, University of Waikato",1,0,1,0,0,0,0,1,1,100%,0,0,100%
"School of Life and Environmental Sciences, The University of Sydney, Sydney, NSW, Australia, School of Science, The University of Waikato",1,1,0,0,0,0,0,1,0,0%,1,0,100%
"School of Life and Environmental Sciences, The University of Sydney, Sydney, NSW, Australia, Te Aka Mātuatua—School of Science, The University of Waikato",1,1,0,0,0,0,0,1,0,0%,1,0,100%
"School of Management & Marketing, University of Waikato",1,0,0,0,0,1,0,1,1,100%,0,0,100%
"School of Management & Marketing, Waikato Management School, University of Waikato",2,2,0,0,0,0,0,2,0,0%,2,0,100%
"School of Management and Marketing, The University of Waikato",2,2,0,0,0,0,0,2,0,0%,0,2,100%
"School of Management and Marketing, University of Waikato",8,3,2,0,0,3,0,7,5,71%,1,1,87%
"School of Management and Marketing, Waikato Management School, The University of Waikato",1,1,0,0,0,0,0,1,0,0%,1,0,100%
"School of Management and Marketing, Waikato Management School, University of Waikato",2,2,0,0,0,0,0,2,0,0%,0,1,50%
"School of Marketing and Management, University of Waikato",1,1,0,0,0,0,0,1,0,0%,0,0,0%
"School of Marketing and Management, Waikato Management School, University of Waikato",2,2,0,0,0,0,0,2,0,0%,2,0,100%
"School of Materials Science and Engineering, Chang'an University, Xi'an, 710064, China, Waikato Centre for Advanced Materials, School of Engineering, University of Waikato",1,0,1,0,0,0,0,0,0,,0,0,0%
"School of Mathematical and Computing Sciences, University of Waikato",1,1,0,0,0,0,0,1,0,0%,1,0,100%
"School of Māori and Indigenous Studies, University of Waikato",1,1,0,0,0,0,0,1,0,0%,1,0,100%
"School of Physical Education Sport and Exercise Sciences, University of Otago, Dunedin, New Zealand, Now based at The University of Waikato",1,1,0,0,0,0,0,1,0,0%,1,0,100%
"School of Psychology and Early Start, University of Wollongong, Wollongong, NSW, Australia, School of Psychology, University of Waikato",1,0,1,0,0,0,0,1,1,100%,0,0,100%
"School of Psychology, Division of Arts, Law, Psychology & Social Science, University of Waikato",1,1,0,0,0,0,0,1,0,0%,1,0,100%
"School of Psychology, Division of Arts, Law, Psychology Social Sciences, The University of Waikato",1,1,0,0,0,0,0,1,0,0%,1,0,100%
"School of Psychology, Division of Arts, Law, Psychology, and Social Sciences, University of Waikato",1,0,1,0,0,0,0,1,1,100%,0,0,100%
"School of Psychology, Faculty of Arts and Social Sciences, The University of Waikato",2,2,0,0,0,0,0,2,0,0%,2,0,100%
"School of Psychology, Faculty of Arts and Social Sciences, University of Waikato",3,0,2,0,0,0,1,3,3,100%,0,0,100%
"School of Psychology, Te Whare Wānanga O Waikato/The University of Waikato",1,1,0,0,0,0,0,1,0,0%,1,0,100%
"School of Psychology, The University of Waikato",11,7,2,0,1,1,0,11,4,36%,6,1,100%
"School of Psychology, University of Waikato",53,25,9,1,4,11,3,53,28,52%,20,5,100%
"School of Psychology, Victoria University of Wellington, New Zealand, School of Psychology, University of Waikato",1,1,0,0,0,0,0,1,0,0%,1,0,100%
"School of Psychology, Victoria University of Wellington, Wellington, New Zealand, School of Psychology, The University of Waikato",1,0,0,0,0,1,0,1,1,100%,0,0,100%
"School of Public Health, Faculty of Medicine, The University of Hong Kong, Hong Kong, Te Huataki Waiora School of Health, University of Waikato",1,0,0,0,0,1,0,1,1,100%,0,0,100%
"School of Public Health, Li Ka Shing Faculty of Medicine, University of Hong Kong, Hong Kong, Hong Kong, Te Huataki Waiora Faculty of Health Sport and Human Performance, University of Waikato",1,0,0,0,0,0,1,1,1,100%,0,0,100%
"School of Public Health, University of Hong Kong, Hong Kong, TeHuataki Waiora Faculty of Health, Sport and Human Performance, University of Waikato",1,0,0,0,0,1,0,1,1,100%,0,0,100%
"School of Science (Earth Sciences), University of Waikato",1,1,0,0,0,0,0,1,0,0%,1,0,100%
"School of Science - Te Aka Matuatua, University of Waikato",2,1,0,0,0,1,0,2,1,50%,1,0,100%
"School of Science and Engineering, University of Waikato",6,1,3,0,0,1,1,6,5,83%,1,0,100%
"School of Science and Environmental Research Institute, The University of Waikato",2,2,0,0,0,0,0,2,0,0%,2,0,100%
"School of Science and Environmental Research Institute, University of Waikato",6,5,0,0,0,0,1,6,1,16%,5,0,100%
"School of Science, Division of Health Engineering, Computing and Science, University of Waikato",1,0,1,0,0,0,0,1,1,100%,0,0,100%
"School of Science, Division of Health, Engineering, Computing and Science, University of Waikato",2,0,1,0,0,1,0,2,2,100%,0,0,100%
"School of Science, Environmental Research Institute, Te Pūtahi Rangahau Taiao, University of Waikato",1,1,0,0,0,0,0,1,0,0%,1,0,100%
"School of Science, Environmental Research Institute, The University of Waikato",2,2,0,0,0,0,0,2,0,0%,1,1,100%
"School of Science, Environmental Research Institute, University of Waikato",3,1,2,0,0,0,0,3,2,66%,1,0,100%
"School of Science, Faculty of Science and Engineering, University of Waikato",3,1,1,0,0,0,1,3,2,66%,1,0,100%
"School of Science, Science and Engineering, University of Waikato",1,1,0,0,0,0,0,1,0,0%,1,0,100%
"School of Science, The University of Waikato",15,9,3,0,1,0,2,15,6,40%,9,0,100%
"School of Science, University of Waikato",110,49,24,1,0,19,17,107,61,57%,42,1,94%
"School of Science/Te Aka M ?tuatua, University of Waikato",1,0,1,0,0,0,0,1,1,100%,0,0,100%
"School of Science/Te Aka Mātuatua, University of Waikato",2,1,1,0,0,0,0,2,1,50%,1,0,100%
"School of Sciences, University of Waikato",1,1,0,0,0,0,0,1,0,0%,1,0,100%
"School of Social Science, University of Waikato",5,2,0,0,0,1,2,5,3,60%,1,1,100%
"School of Social Sciences, Department of Integrated Catchment Management, University of Waikato",1,1,0,0,0,0,0,1,0,0%,0,1,100%
"School of Social Sciences, Political Science and International Relations, University of Waikato",1,1,0,0,0,0,0,1,0,0%,1,0,100%
"School of Social Sciences, The University of Waikato",2,1,0,0,1,0,0,2,1,50%,1,0,100%
"School of Social Sciences, University of Waikato",11,4,2,0,0,4,1,11,7,63%,4,0,100%
"School of Sport, Health and Exercise Sciences, Bangor University, George Building, Gwynedd, Bangor, LL57 2PZ, United Kingdom, Te Huataki Waiora School of Health, University of Waikato",1,0,0,0,0,0,1,1,1,100%,0,0,100%
"Schoool of Science, University of Waikato",1,0,0,0,0,1,0,1,1,100%,0,0,100%
"Science and Engineering, University of Waikato",1,1,0,0,0,0,0,1,0,0%,1,0,100%
Senior Lecturer in Law at the University of Waikato,1,1,0,0,0,0,0,1,0,0%,1,0,100%
"Senior Research Fellow, Wilf Malcolm Institute of Educational Research (WMIER), Division of Education, The University of Waikato",1,0,0,0,0,1,0,1,1,100%,0,0,100%
"Social Sciences Department, University of Mazandaran, Babolsar, Iran, UWISG, University of Waikato",2,2,0,0,0,0,0,2,0,0%,2,0,100%
"Sociology and Social Policy Program, University of Waikato",1,1,0,0,0,0,0,1,0,0%,0,1,100%
"Sociology and Social Policy Programme, Faculty of Social Science, University of Waikato",1,0,0,0,1,0,0,1,1,100%,0,0,100%
"Sociology and Social Policy, University of Waikato",1,0,0,0,0,1,0,1,1,100%,0,0,100%
"Sociology, School of Social Sciences, University of Waikato",1,0,1,0,0,0,0,1,1,100%,0,0,100%
"Sociology-Social Policy, University of Waikato",1,1,0,0,0,0,0,1,0,0%,1,0,100%
"Sprinz, Auckland University of Technology, Auckland, New Zealand, Te Huataki Waiora School of Health, University of Waikato",1,0,1,0,0,0,0,1,1,100%,0,0,100%
"State Key Laboratory of Advanced Welding and Joining, Harbin Institute of Technology, Harbin, 150001, China, School of Materials Science and Engineering, Harbin Institute of Technology, Harbin, 150001, China, Waikato Centre for Advanced Materials and Manufacturing, School of Engineering, The University of Waikato",1,0,1,0,0,0,0,1,1,100%,0,0,100%
"Strategy and HRM, University of Waikato",1,1,0,0,0,0,0,1,0,0%,0,1,100%
"Student Health, University of Waikato",1,0,1,0,0,0,0,1,1,100%,0,0,100%
"Summer Research Scholar, The University of Waikato",1,1,0,0,0,0,0,1,0,0%,1,0,100%
"Sustainable Energy and Water Systems Group, School of Engineering, University of Waikato",2,1,1,0,0,0,0,1,1,100%,0,0,50%
"Sustainable Energy, Water & Resilient Systems Group, School of Engineering, University of Waikato",1,1,0,0,0,0,0,1,0,0%,1,0,100%
"Sustainable Energy, Water and Resilient Systems Group, School of Engineering, University of Waikato",3,2,0,0,0,0,1,3,1,33%,2,0,100%
"Sustainable Process Integration Laboratory—SPIL, NETME Centre, Faculty of Mechanical Engineering, Brno University of Technology - VUT BRNO, Technická 2896/2, Brno, 616 69, Czech Republic, Sustainable Energy, Water and Resilient Systems Group, School of Engineering, University of Waikato",1,1,0,0,0,0,0,1,0,0%,1,0,100%
"Swansea University, School of Education, Swansea University, Talbot Building, Singleton Park, Swansea, SA2 8PP, United Kingdom, University of Waikato",1,1,0,0,0,0,0,1,0,0%,0,0,0%
"Tangata School of Education, University of Waikato",1,1,0,0,0,0,0,1,0,0%,1,0,100%
"Te Aka Matuatua School of Science, University of Waikato",1,0,1,0,0,0,0,1,1,100%,0,0,100%
"Te Aka Matuatua-School of Science, Environmental Research Institute, The University of Waikato",1,1,0,0,0,0,0,1,0,0%,0,1,100%
"Te Aka Matuatua-School of Science, University of Waikato",1,0,1,0,0,0,0,1,1,100%,0,0,100%
"Te Aka Mā Tuatua - School of Science, University of Waikato",1,0,0,0,0,0,1,1,1,100%,0,0,100%
"Te Aka Mā Tuatua-School of Science, Te Whare Wā Nanga O Waikato-University of Waikato",1,1,0,0,0,0,0,1,0,0%,0,0,0%
"Te Aka Mātuatua - School of Science, Environmental Research Institute, The University of Waikato",1,1,0,0,0,0,0,1,0,0%,1,0,100%
"Te Aka Mātuatua - School of Science, University of Waikato",2,1,1,0,0,0,0,2,1,50%,1,0,100%
"Te Aka Mātuatua School of Science, University of Waikato",4,3,0,0,0,1,0,4,1,25%,2,1,100%
"Te Aka Mātuatua – School of Science, University of Waikato",1,1,0,0,0,0,0,1,0,0%,1,0,100%
"Te Aka Mātuatua-School of Science, University of Waikato",2,0,1,0,0,1,0,2,2,100%,0,0,100%
"Te Aka Mātuatua/School of Science, Te Whare Wānanga o Waikato/University of Waikato",1,0,1,0,0,0,0,1,1,100%,0,0,100%
"Te Aka Mātuatua/School of Science, University of Waikato",1,0,0,0,0,0,1,1,1,100%,0,0,100%
"Te Aka Mātuatua–School of Science, University of Waikato",1,0,0,0,0,1,0,1,1,100%,0,0,100%
"Te Hononga, University of Waikato",1,0,1,0,0,0,0,1,1,100%,0,0,100%
"Te Huataki Waiora (School of Health), Te Whare Wānanga o Waikato (University of Waikato",1,1,0,0,0,0,0,1,0,0%,0,1,100%
"Te Huataki Waiora - School of Health, the University of Waikato",1,1,0,0,0,0,0,1,0,0%,1,0,100%
"Te Huataki Waiora Faculty of Health, Sport and Human Performance, University of Waikato",2,2,0,0,0,0,0,2,0,0%,1,1,100%
"Te Huataki Waiora School of Health, Adams Center for High Performance, University of Waikato",1,1,0,0,0,0,0,1,0,0%,0,0,0%
"Te Huataki Waiora School of Health, Division of Health, Engineering, Computing and Science, University of Waikato",1,0,1,0,0,0,0,1,1,100%,0,0,100%
"Te Huataki Waiora School of Health, Sport & Human Performance, University of Waikato",2,0,0,0,1,1,0,2,2,100%,0,0,100%
"Te Huataki Waiora School of Health, Sport Human Performance, University of Waikato",1,0,0,0,1,0,0,1,1,100%,0,0,100%
"Te Huataki Waiora School of Health, Te Whare Wa̅nanga o Waikato University of Waikato",1,0,0,0,0,1,0,1,1,100%,0,0,100%
"Te Huataki Waiora School of Health, The University of Waikato",7,1,5,1,0,0,0,7,6,85%,1,0,100%
"Te Huataki Waiora School of Health, University of Waikato",20,10,5,0,0,5,0,20,10,50%,10,0,100%
"Te Huataki Waiora – School of Health, Te Whare Wānanga o Waikato, University of Waikato",1,1,0,0,0,0,0,1,0,0%,1,0,100%
"Te Huataki Waiora, Faculty of Health, Sport, and Human Performance, University of Waikato",1,1,0,0,0,0,0,1,0,0%,0,1,100%
"Te Huataki Waiora, School of Health, University of Waikato",3,1,1,0,0,1,0,3,2,66%,1,0,100%
"Te Huataki Waiora, University of Waikato",1,1,0,0,0,0,0,1,0,0%,1,0,100%
Te Huataki Waiora/School of Health at the University of Waikato,1,1,0,0,0,0,0,1,0,0%,1,0,100%
"Te Huataki Waiora/School of Health, University of Waikato",2,2,0,0,0,0,0,1,0,0%,1,0,50%
"Te Kotahi Research Institute, University of Waikato",5,0,2,0,3,0,0,5,5,100%,0,0,100%
"Te Kura Aronui – School of Social Sciences, Te Whare Wānanga o Waikato, The University of Waikato",1,0,1,0,0,0,0,1,1,100%,0,0,100%
"Te Kura Aronui/School of Social Sciences, Te Wānanga o Ngā Kete/Division of Arts, Law, Psychology and Social Sciences, Te Whare Wānanga o Waikato/The University of Waikato",1,0,0,0,0,1,0,1,1,100%,0,0,100%
"Te Kura Toi Tangata (School of Education), University of Waikato",1,0,0,1,0,0,0,1,1,100%,0,0,100%
"Te Kura Toi Tangata Division of Education, University of Waikato",2,1,0,0,1,0,0,2,1,50%,1,0,100%
"Te Kura Toi Tangata School of Education, Divsion of Education, The University of Waikato",1,0,0,0,1,0,0,1,1,100%,0,0,100%
"Te Kura Toi Tangata School of Education, The University of Waikato",1,1,0,0,0,0,0,1,0,0%,1,0,100%
"Te Kura Toi Tangata School of Education, University of Waikato",7,4,1,0,2,0,0,7,3,42%,4,0,100%
"Te Kura Toi Tangata, University of Waikato",1,1,0,0,0,0,0,1,0,0%,1,0,100%
"Te Kura Toi Tangata/School of Education, The University of Waikato",1,0,0,0,0,1,0,1,1,100%,0,0,100%
"Te Parawhau, Ngāti Ruamahue, Faculty of Māori and Indigenous Studies, University of Waikato",1,1,0,0,0,0,0,1,0,0%,1,0,100%
"Te Piringa Faculty of Law, University of Waikato",3,1,1,0,0,0,1,3,2,66%,1,0,100%
"Te Piringa – Faculty of Law, University of Waikato",1,0,0,0,0,0,1,0,0,,0,0,0%
"Te Pua Wananga Ki Te Ao Faculty of Mā Ori and Indigenous Studies, University of Waikato",1,0,0,0,0,1,0,1,1,100%,0,0,100%
"Te Pua Wananga ki te Ao Faculty of Māori and Indigenous Studies, The University of Waikato",3,2,1,0,0,0,0,3,1,33%,1,0,66%
"Te Pua Wānanga ki te Ao-Faculty of Māori and Indigenous Studies, Te Whare Wānanga o Waikato-University of Waikato",1,1,0,0,0,0,0,1,0,0%,1,0,100%
"Te Puna Ako – Centre for Tertiary Teaching & Learning, University of Waikato",1,0,1,0,0,0,0,1,1,100%,0,0,100%
"Te Puna Haumaru NZ Institute of Security and Crime Science & Te Kura Whatu Oho Mauri School of Psychology, Te Whare Wānanga o Waikato University of Waikato",1,1,0,0,0,0,0,1,0,0%,1,0,100%
"Te Puna Haumaru NZ Institute of Security and Crime Science, Te Kura Whatu Oho Mauri School of Psychology, Te Whare Wananga o Waikato University of Waikato",1,0,1,0,0,0,0,1,1,100%,0,0,100%
"Te Whai toi Tangata, University of Waikato",8,0,8,0,0,0,0,8,8,100%,0,0,100%
Te Whare Wananga o Waikato University of Waikato,1,1,0,0,0,0,0,1,0,0%,0,1,100%
Te Whare Wānanga o Waikato University of Waikato,1,1,0,0,0,0,0,1,0,0%,0,1,100%
"Te Wānanga Toi Tangata - Division of Education, Te Kura Toi Tangata - School of Education, University of Waikato",1,1,0,0,0,0,0,1,0,0%,1,0,100%
"Te Wānanga o Ngā Kete, Department of Arts, Law, Psychology & Social Sciences, University of Waikato",1,0,1,0,0,0,0,1,1,100%,0,0,100%
"TeHuataki Waiora Faculty of Health, Sport and Human Performance, University of Waikato",1,0,0,0,0,1,0,1,1,100%,0,0,100%
"TeHuataki Waiora School of Health, University of Waikato",1,0,1,0,0,0,0,1,1,100%,0,0,100%
"The Burke Neurological Institute, White Plains, NY  10605, United States, Brain and Mind Research Institute, Weill Cornell Medicine, New York, NY  10065, United States, School of Health, The University of Waikato",1,1,0,0,0,0,0,1,0,0%,1,0,100%
"The Centre for Science in Society, Victoria University of Wellington, New Zealand, Centre for Environmental History, The Australian National University, Australia, Faculty of Humanities, University of Johannesburg, South Africa, Environmental Research Institute, University of Waikato",1,0,1,0,0,0,0,1,1,100%,0,0,100%
"The Medical Research Centre, University of Waikato",1,0,1,0,0,0,0,1,1,100%,0,0,100%
"The School of Engineering, The University of Waikato",1,1,0,0,0,0,0,1,0,0%,1,0,100%
The University of Auckland University of Waikato,1,1,0,0,0,0,0,1,0,0%,1,0,100%
"The University of Sydney, School of Life and Environmental Sciences, Camperdown, NSW, Australia, The University of Waikato",1,0,0,0,0,1,0,1,1,100%,0,0,100%
The University of Waikato,60,38,4,12,3,2,1,47,22,46%,14,10,76%
"The Waikato INSTO Research Unit, The University of Waikato",1,1,0,0,0,0,0,1,0,0%,1,0,100%
"Thermophile Research Unit, Te Aka Mātuatua, School of Science, University of Waikato",1,0,1,0,0,0,0,1,1,100%,0,0,100%
"Traffic and Road Safety Research Group, University of Waikato",1,1,0,0,0,0,0,1,0,0%,1,0,100%
"Trans Health Research Lab and School of Psychology, University of Waikato",1,1,0,0,0,0,0,1,0,0%,1,0,100%
"Trans Health Research Lab, School of Psychology, University of Waikato",2,1,0,0,0,0,1,2,1,50%,0,0,50%
"Transport Research Group, School of Psychology, University of Waikato",4,1,1,0,0,0,2,4,3,75%,1,0,100%
"Transport Research Group, University of Waikato",6,2,2,0,0,1,1,6,4,66%,2,0,100%
"Tvärminne Zoological Station, University of Helsinki, Hanko, Finland, School of Science, University of Waikato",1,0,1,0,0,0,0,1,1,100%,0,0,100%
"Télécom ParisTech, París, C201-2, France, University of Waikato",2,0,0,0,0,2,0,2,2,100%,0,0,100%
"UFRGS, Brazil, University of Waikato",1,0,0,0,1,0,0,1,1,100%,0,0,100%
"UWA Oceans Institute, The University of Western Australia, Perth, 6009, Australia, School of Science and Environmental Research Institute, University of Waikato",1,0,1,0,0,0,0,1,1,100%,0,0,100%
"UiT - The Artic University of Norway, Tromsø, Norway, University of Waikato",1,1,0,0,0,0,0,1,0,0%,1,0,100%
"Univ Waikato Joint Inst NZUWI, Hangzhou",1,0,0,0,0,0,1,1,1,100%,0,0,100%
"Univ Waikato Joint Inst, Hangzhou",2,2,0,0,0,0,0,2,0,0%,2,0,100%
"Univ Waikato Joint Inst, Hangzhou 310015",2,0,2,0,0,0,0,2,2,100%,0,0,100%
"Univ Waikato, 130 Hillcrest Rd",1,1,0,0,0,0,0,1,0,0%,1,0,100%
"Univ Waikato, AI Inst",3,3,0,0,0,0,0,1,0,0%,1,0,33%
"Univ Waikato, Acad",1,1,0,0,0,0,0,1,0,0%,1,0,100%
"Univ Waikato, Acad Liaison Team",1,0,1,0,0,0,0,1,1,100%,0,0,100%
"Univ Waikato, Adams Ctr High Performance",9,7,0,0,0,2,0,9,2,22%,5,0,77%
"Univ Waikato, Aka Matuatua Sch Sci",1,0,0,0,0,1,0,1,1,100%,0,0,100%
"Univ Waikato, Anthropol Programme",1,1,0,0,0,0,0,1,0,0%,1,0,100%
"Univ Waikato, Aotearoa",2,2,0,0,0,0,0,2,0,0%,0,2,100%
"Univ Waikato, Appl Linguist",3,2,0,1,0,0,0,3,1,33%,1,1,100%
"Univ Waikato, Arts & Social Sci",1,0,0,0,0,1,0,1,1,100%,0,0,100%
"Univ Waikato, Auckland",2,2,0,0,0,0,0,2,0,0%,2,0,100%
"Univ Waikato, BUU China New Zealand Tourism Res Unit",1,0,0,0,1,0,0,1,1,100%,0,0,100%
"Univ Waikato, Biogeochem & Ecohydrol Res",1,1,0,0,0,0,0,1,0,0%,1,0,100%
"Univ Waikato, Biol Sci",2,1,0,0,0,0,1,2,1,50%,1,0,100%
"Univ Waikato, Biomed Unit",1,1,0,0,0,0,0,1,0,0%,1,0,100%
"Univ Waikato, Business Sch",1,1,0,0,0,0,0,1,0,0%,1,0,100%
"Univ Waikato, Cellular & Mol Biol",1,1,0,0,0,0,0,1,0,0%,1,0,100%
"Univ Waikato, Chem Dept",1,1,0,0,0,0,0,1,0,0%,1,0,100%
"Univ Waikato, China New Zealand Tourism Res Unit",4,4,0,0,0,0,0,4,0,0%,3,1,100%
"Univ Waikato, China New Zeland Tourism Res Unit",1,1,0,0,0,0,0,1,0,0%,0,0,0%
"Univ Waikato, Coastal Marine Field Stn",19,8,6,0,1,0,4,19,11,57%,6,1,94%
"Univ Waikato, Coastal Marine Grp",2,1,0,0,1,0,0,2,1,50%,0,1,100%
"Univ Waikato, Coastal Marine Res Stn",1,1,0,0,0,0,0,1,0,0%,1,0,100%
"Univ Waikato, Ctr Energy Syst Integrat",1,1,0,0,0,0,0,1,0,0%,1,0,100%
"Univ Waikato, Ctr Environm Resources & Energy Law",2,1,1,0,0,0,0,2,1,50%,1,0,100%
"Univ Waikato, Ctr Global Studies Educ",1,1,0,0,0,0,0,1,0,0%,0,0,0%
"Univ Waikato, Ctr Tertiary Teaching & Learning",2,1,0,1,0,0,0,2,1,50%,1,0,100%
"Univ Waikato, Dept Accounting",5,3,0,0,0,2,0,5,2,40%,0,3,100%
"Univ Waikato, Dept Arts Law Psychol & Social Sci",1,0,1,0,0,0,0,1,1,100%,0,0,100%
"Univ Waikato, Dept Biol Sci",8,4,4,0,0,0,0,8,4,50%,4,0,100%
"Univ Waikato, Dept Chem",1,1,0,0,0,0,0,1,0,0%,0,1,100%
"Univ Waikato, Dept Comp & Math Sci",1,0,1,0,0,0,0,1,1,100%,0,0,100%
"Univ Waikato, Dept Comp Sci",30,14,2,1,0,10,3,16,10,62%,5,1,53%
"Univ Waikato, Dept Design",1,1,0,0,0,0,0,1,0,0%,1,0,100%
"Univ Waikato, Dept Earth & Ocean Sci",1,0,1,0,0,0,0,1,1,100%,0,0,100%
"Univ Waikato, Dept Econ",11,5,1,0,0,5,0,11,6,54%,4,1,100%
"Univ Waikato, Dept Econ & Finance",2,1,1,0,0,0,0,2,1,50%,1,0,100%
"Univ Waikato, Dept Educ",1,1,0,0,0,0,0,1,0,0%,1,0,100%
"Univ Waikato, Dept Elect Engn",1,1,0,0,0,0,0,0,0,,0,0,0%
"Univ Waikato, Dept English",1,1,0,0,0,0,0,1,0,0%,1,0,100%
"Univ Waikato, Dept Engn",1,0,1,0,0,0,0,1,1,100%,0,0,100%
"Univ Waikato, Dept Geog",1,1,0,0,0,0,0,1,0,0%,1,0,100%
"Univ Waikato, Dept Management Commun",1,1,0,0,0,0,0,1,0,0%,1,0,100%
"Univ Waikato, Dept Management Syst",2,0,1,0,0,0,1,2,2,100%,0,0,100%
"Univ Waikato, Dept Math",15,5,1,2,0,7,0,15,10,66%,3,2,100%
"Univ Waikato, Dept Math & Stat",23,8,0,0,4,8,3,23,15,65%,2,2,82%
"Univ Waikato, Dept Mech Engn",1,1,0,0,0,0,0,1,0,0%,1,0,100%
"Univ Waikato, Dept NIDEA",1,0,1,0,0,0,0,1,1,100%,0,0,100%
"Univ Waikato, Dept Polit & Publ Policy",3,2,1,0,0,0,0,3,1,33%,2,0,100%
"Univ Waikato, Dept Polit Sci & Publ Policy",1,1,0,0,0,0,0,1,0,0%,1,0,100%
"Univ Waikato, Dept Psychol",3,2,0,0,0,1,0,3,1,33%,0,2,100%
"Univ Waikato, Dept Software Engn",8,4,0,0,0,3,1,4,2,50%,2,0,50%
"Univ Waikato, Dept Sport & Leisure Studies",1,1,0,0,0,0,0,1,0,0%,1,0,100%
"Univ Waikato, Dept Stat",2,1,0,0,0,0,1,2,1,50%,1,0,100%
"Univ Waikato, Dept Strategy",2,1,0,0,0,1,0,2,1,50%,0,1,100%
"Univ Waikato, Div Arts Law Psychol & Social Sci",5,1,1,0,0,2,1,5,4,80%,1,0,100%
"Univ Waikato, Div Educ",13,10,3,0,0,0,0,13,3,23%,7,1,84%
"Univ Waikato, Div Hlth Engn Comp & Sci",11,4,3,0,1,2,1,11,7,63%,2,2,100%
"Univ Waikato, Div Hlth Engn Comp & Sci HECS",1,0,0,0,0,1,0,1,1,100%,0,0,100%
"Univ Waikato, Dodd Walls Ctr Photon & Quantum Technol",1,1,0,0,0,0,0,1,0,0%,0,1,100%
"Univ Waikato, Earth Sci",3,3,0,0,0,0,0,3,0,0%,3,0,100%
"Univ Waikato, Educ",1,1,0,0,0,0,0,1,0,0%,0,1,100%
"Univ Waikato, Educ Div",1,1,0,0,0,0,0,1,0,0%,1,0,100%
"Univ Waikato, Enviornm Planning Post Doctoral",1,1,0,0,0,0,0,1,0,0%,1,0,100%
"Univ Waikato, Environm Planning",1,0,0,0,0,0,1,1,1,100%,0,0,100%
"Univ Waikato, Environm Planning Dept",1,0,1,0,0,0,0,1,1,100%,0,0,100%
"Univ Waikato, Environm Planning Program",1,1,0,0,0,0,0,1,0,0%,1,0,100%
"Univ Waikato, Environm Planning Programme",2,1,0,0,0,1,0,2,1,50%,1,0,100%
"Univ Waikato, Environm Res Inst",77,37,18,1,9,6,6,77,40,51%,34,2,98%
"Univ Waikato, Expt Philosophy Res Grp",1,0,0,0,0,0,1,1,1,100%,0,0,100%
"Univ Waikato, Fac Arts & Social Sci",21,13,1,0,2,2,3,21,8,38%,9,3,95%
"Univ Waikato, Fac Comp & Math Sci",2,1,0,0,0,1,0,2,1,50%,0,1,100%
"Univ Waikato, Fac Educ",10,8,2,0,0,0,0,10,2,20%,8,0,100%
"Univ Waikato, Fac Engn",2,1,0,0,0,1,0,2,1,50%,1,0,100%
"Univ Waikato, Fac Hlth Sport & Human Performance",7,3,2,0,1,1,0,7,4,57%,1,1,85%
"Univ Waikato, Fac Law",3,2,0,0,0,0,1,3,1,33%,2,0,100%
"Univ Waikato, Fac Management",2,1,0,0,0,1,0,2,1,50%,0,1,100%
"Univ Waikato, Fac Maori & Indigenous Studies",15,11,3,0,0,0,1,15,4,26%,8,2,93%
"Univ Waikato, Fac Sci",1,1,0,0,0,0,0,1,0,0%,1,0,100%
"Univ Waikato, Fac Sci & Engn",57,34,18,1,2,2,0,55,23,41%,29,1,92%
"Univ Waikato, Fac Sci & Technol",1,1,0,0,0,0,0,1,0,0%,1,0,100%
"Univ Waikato, Fields Class Theory & Polit Econ",1,0,0,0,1,0,0,1,1,100%,0,0,100%
"Univ Waikato, Gate 1",7,4,0,1,0,1,1,7,3,42%,3,1,100%
"Univ Waikato, Gate 1 Knighton Rd",1,1,0,0,0,0,0,1,0,0%,0,0,0%
"Univ Waikato, Geog Programme",2,1,0,0,0,1,0,2,1,50%,1,0,100%
"Univ Waikato, HRM Waikato Management Sch",1,1,0,0,0,0,0,1,0,0%,0,1,100%
"Univ Waikato, Hamburg Univ Technol TUHH",1,0,0,0,0,0,1,1,1,100%,0,0,100%
"Univ Waikato, Hamilton",199,115,11,4,19,33,17,187,79,42%,64,37,90%
"Univ Waikato, Hamilton 3216",6,4,0,0,0,1,1,5,1,20%,3,1,83%
"Univ Waikato, Hamilton 3240",11,6,1,1,1,2,0,10,5,50%,5,0,90%
"Univ Waikato, Hamilton 3264",2,2,0,0,0,0,0,2,0,0%,2,0,100%
"Univ Waikato, Hillcrest",2,2,0,0,0,0,0,2,0,0%,2,0,100%
"Univ Waikato, Hillcrest Rd",1,0,1,0,0,0,0,1,1,100%,0,0,100%
"Univ Waikato, Hist",1,1,0,0,0,0,0,1,0,0%,1,0,100%
"Univ Waikato, Hist Programme",1,0,0,1,0,0,0,1,1,100%,0,0,100%
"Univ Waikato, Hlth Sport & Human Performance",5,4,0,0,0,1,0,5,1,20%,3,0,80%
"Univ Waikato, Huataki Waiora Fac Hlth Sport & Human Performance",1,1,0,0,0,0,0,1,0,0%,1,0,100%
"Univ Waikato, Huataki Waiora Sch Hlth",13,6,6,0,1,0,0,13,7,53%,6,0,100%
"Univ Waikato, Huataki Waiora Sch Hlth Sport & Human Performance",1,0,0,0,1,0,0,1,1,100%,0,0,100%
"Univ Waikato, HuatakiWaiora Sch Hlth",1,0,0,0,1,0,0,1,1,100%,0,0,100%
"Univ Waikato, ICTAR Int Ctr Terr Antarctic Res",1,0,1,0,0,0,0,1,1,100%,0,0,100%
"Univ Waikato, Inst Secur & Crime Sci",1,0,1,0,0,0,0,1,1,100%,0,0,100%
"Univ Waikato, Int Business Sch",1,1,0,0,0,0,0,1,0,0%,0,1,100%
"Univ Waikato, Int Centre Terr Antarctic Res",1,0,1,0,0,0,0,1,1,100%,0,0,100%
"Univ Waikato, Int Ctr Terr Antarctic Res",6,1,2,0,1,1,1,6,5,83%,1,0,100%
"Univ Waikato, Knighton Rd",1,0,0,0,0,0,1,1,1,100%,0,0,100%
"Univ Waikato, Kotahi Res Inst",2,0,1,0,1,0,0,2,2,100%,0,0,100%
"Univ Waikato, Law",2,2,0,0,0,0,0,2,0,0%,1,0,50%
"Univ Waikato, Lib",1,0,1,0,0,0,0,1,1,100%,0,0,100%
"Univ Waikato, Literacy",1,1,0,0,0,0,0,1,0,0%,0,1,100%
"Univ Waikato, Manaaki Whenua Landcare Res",1,1,0,0,0,0,0,1,0,0%,1,0,100%
"Univ Waikato, Management Sch",11,8,1,0,1,1,0,11,3,27%,7,1,100%
"Univ Waikato, Med Res Ctr",14,2,5,5,1,0,1,14,12,85%,1,0,92%
"Univ Waikato, Mental Hlth Nursing",1,0,0,0,1,0,0,1,1,100%,0,0,100%
"Univ Waikato, NIWA",1,0,1,0,0,0,0,1,1,100%,0,0,100%
"Univ Waikato, NZ Inst Secur & Crime Sci",1,0,1,0,0,0,0,1,1,100%,0,0,100%
"Univ Waikato, Nat Inst Demog & Econ Anal",1,0,1,0,0,0,0,1,1,100%,0,0,100%
"Univ Waikato, Natl Inst Demog & Econ Anal",26,14,3,2,1,4,2,24,12,50%,12,0,92%
"Univ Waikato, Natl Inst Demog & Econ Anal NIDEA",5,3,1,0,1,0,0,5,2,40%,3,0,100%
"Univ Waikato, New Zealand Inst Business Res",3,1,2,0,0,0,0,3,2,66%,1,0,100%
"Univ Waikato, New Zealand Inst Secur & Crime Sci",2,0,1,0,0,0,1,2,2,100%,0,0,100%
"Univ Waikato, Ngaitai Environm Res Inst",1,0,0,0,1,0,0,1,1,100%,0,0,100%
"Univ Waikato, Off Vice Chancellor",2,1,0,0,0,1,0,2,1,50%,1,0,100%
"Univ Waikato, POB 3105",1,1,0,0,0,0,0,1,0,0%,0,1,100%
"Univ Waikato, People Cities & Nat",2,0,0,0,1,1,0,2,2,100%,0,0,100%
"Univ Waikato, Philosophy",1,0,0,0,0,0,1,1,1,100%,0,0,100%
"Univ Waikato, Philosophy Programme",4,2,0,0,1,1,0,3,1,33%,2,0,75%
"Univ Waikato, Polit Sci",1,0,0,0,0,0,1,1,1,100%,0,0,100%
"Univ Waikato, Polit Sci & Int Relat",2,1,0,0,1,0,0,2,1,50%,1,0,100%
"Univ Waikato, Polit Sci & Publ Policy",1,1,0,0,0,0,0,1,0,0%,0,0,0%
"Univ Waikato, Polit Sci & Publ Policy Programme",1,1,0,0,0,0,0,1,0,0%,1,0,100%
"Univ Waikato, Postal Bag 3105",1,0,0,0,0,1,0,1,1,100%,0,0,100%
"Univ Waikato, Poutama Pounamu Educ Res & Dev Ctr",1,1,0,0,0,0,0,1,0,0%,0,1,100%
"Univ Waikato, Power Elect Res Team",1,1,0,0,0,0,0,1,0,0%,0,1,100%
"Univ Waikato, Private Bag",1,1,0,0,0,0,0,1,0,0%,0,1,100%
"Univ Waikato, Private Bag 3105",23,14,2,0,2,3,2,23,9,39%,12,2,100%
"Univ Waikato, Profess Studies Educ",1,0,0,0,1,0,0,1,1,100%,0,0,100%
"Univ Waikato, Psychol",1,0,0,0,0,1,0,1,1,100%,0,0,100%
"Univ Waikato, Pua Wananga Ao Fac Maori & Indigenous Studies",1,0,1,0,0,0,0,1,1,100%,0,0,100%
"Univ Waikato, Publ Policy Programme",1,1,0,0,0,0,0,1,0,0%,1,0,100%
"Univ Waikato, Radiocarbon Dating Lab",15,7,1,0,0,4,3,15,8,53%,5,0,86%
"Univ Waikato, Sch Accounting Econ & Finance",2,2,0,0,0,0,0,2,0,0%,1,1,100%
"Univ Waikato, Sch Accounting Finance & Econ",85,44,5,1,5,10,20,84,41,48%,36,6,97%
"Univ Waikato, Sch Accounting Finance & Econ SAFE",1,1,0,0,0,0,0,1,0,0%,1,0,100%
"Univ Waikato, Sch Arts",3,3,0,0,0,0,0,3,0,0%,2,0,66%
"Univ Waikato, Sch Biol Sci",2,1,1,0,0,0,0,1,1,100%,0,0,50%
"Univ Waikato, Sch Comp",1,1,0,0,0,0,0,0,0,,0,0,0%
"Univ Waikato, Sch Comp & Math Sci",12,6,3,0,1,2,0,11,6,54%,3,2,91%
"Univ Waikato, Sch Comp Sci",1,1,0,0,0,0,0,0,0,,0,0,0%
"Univ Waikato, Sch Educ",22,14,2,1,3,2,0,22,8,36%,12,1,95%
"Univ Waikato, Sch Engn",111,67,18,4,5,9,8,98,43,43%,44,11,88%
"Univ Waikato, Sch Gen & Appl Linguist",3,0,1,0,1,0,1,3,3,100%,0,0,100%
"Univ Waikato, Sch Grad Res",2,2,0,0,0,0,0,2,0,0%,0,1,50%
"Univ Waikato, Sch Hlth",14,8,3,0,1,1,1,14,6,42%,5,2,92%
"Univ Waikato, Sch Hlth Sport & Human Performance",2,1,0,0,1,0,0,2,1,50%,1,0,100%
"Univ Waikato, Sch Management",5,4,0,0,0,1,0,5,1,20%,4,0,100%
"Univ Waikato, Sch Management & Mkt",17,10,2,0,0,4,1,17,7,41%,4,5,94%
"Univ Waikato, Sch Mkt & Management",2,2,0,0,0,0,0,2,0,0%,1,0,50%
"Univ Waikato, Sch Psychol",94,43,20,1,5,14,11,94,51,54%,34,8,98%
"Univ Waikato, Sch Sci",229,106,60,2,6,26,29,227,122,53%,98,2,96%
"Univ Waikato, Sch Sci & Engn",8,2,4,0,0,1,1,8,6,75%,2,0,100%
"Univ Waikato, Sch Sci & Environm Res Inst",4,4,0,0,0,0,0,4,0,0%,4,0,100%
"Univ Waikato, Sch Sci A",1,0,0,0,0,1,0,1,1,100%,0,0,100%
"Univ Waikato, Sch Sci Aka Matuatua",1,1,0,0,0,0,0,1,0,0%,1,0,100%
"Univ Waikato, Sch Sci Earth Sci",1,1,0,0,0,0,0,1,0,0%,1,0,100%
"Univ Waikato, Sch Sci Sci & Engn",1,1,0,0,0,0,0,1,0,0%,1,0,100%
"Univ Waikato, Sch Sci Te Aka Matuatua",3,1,1,0,0,1,0,3,2,66%,1,0,100%
"Univ Waikato, Sch Social Sci",31,14,4,0,1,8,4,31,17,54%,11,1,93%
"Univ Waikato, Sch Social Sci Polit Sci & Int Relat",1,1,0,0,0,0,0,1,0,0%,1,0,100%
"Univ Waikato, Schl Accounting Finance & Econ SAFE",1,1,0,0,0,0,0,1,0,0%,1,0,100%
"Univ Waikato, Sci & Engn",2,2,0,0,0,0,0,2,0,0%,2,0,100%
"Univ Waikato, Social Work",1,0,1,0,0,0,0,1,1,100%,0,0,100%
"Univ Waikato, Sociol",4,4,0,0,0,0,0,4,0,0%,0,4,100%
"Univ Waikato, Sociol & Social Policy",1,0,0,0,0,1,0,1,1,100%,0,0,100%
"Univ Waikato, Sociol & Social Policy Program",1,1,0,0,0,0,0,1,0,0%,0,1,100%
"Univ Waikato, Sociol & Social Policy Programme",1,0,0,0,1,0,0,1,1,100%,0,0,100%
"Univ Waikato, Sociol Social Policy",1,1,0,0,0,0,0,1,0,0%,1,0,100%
"Univ Waikato, Strategy & HRM",1,1,0,0,0,0,0,1,0,0%,0,1,100%
"Univ Waikato, Strategy & Human Resource Management",1,1,0,0,0,0,0,1,0,0%,0,0,0%
"Univ Waikato, Student Hlth",1,0,1,0,0,0,0,1,1,100%,0,0,100%
"Univ Waikato, Student Informat Projects & Syst",1,1,0,0,0,0,0,1,0,0%,1,0,100%
"Univ Waikato, Tauranga",5,0,0,0,0,3,2,5,5,100%,0,0,100%
"Univ Waikato, Te Aka Mamatua Sch Sci",1,1,0,0,0,0,0,1,0,0%,1,0,100%
"Univ Waikato, Te Aka Matuatua",1,0,0,0,0,0,1,1,1,100%,0,0,100%
"Univ Waikato, Te Aka Matuatua Sch Sci",19,9,6,0,0,2,2,19,10,52%,6,2,94%
"Univ Waikato, Te Hononga",1,0,1,0,0,0,0,1,1,100%,0,0,100%
"Univ Waikato, Te Huataki Waiora",2,2,0,0,0,0,0,2,0,0%,1,1,100%
"Univ Waikato, Te Huataki Waiora Fac Hlth Sport & Human Performa",5,3,0,0,0,1,1,5,2,40%,1,2,100%
"Univ Waikato, Te Huataki Waiora Sch Hlth",37,17,7,1,0,9,3,37,20,54%,15,2,100%
"Univ Waikato, Te Huataki Waiora Sch Hlth Sport & Human Performa",2,1,0,0,0,1,0,2,1,50%,1,0,100%
"Univ Waikato, Te Kotahi Res Inst",4,1,1,0,1,0,1,4,3,75%,1,0,100%
"Univ Waikato, Te Kura Toi",1,1,0,0,0,0,0,1,0,0%,1,0,100%
"Univ Waikato, Te Kura Toi Tangata",1,1,0,0,0,0,0,1,0,0%,1,0,100%
"Univ Waikato, Te Kura Toi Tangata Div Educ",3,2,0,0,1,0,0,3,1,33%,1,0,66%
"Univ Waikato, Te Kura Toi Tangata Fac Educ",2,1,0,0,0,1,0,2,1,50%,0,1,100%
"Univ Waikato, Te Kura Toi Tangata Sch Educ",14,8,1,1,3,1,0,14,6,42%,8,0,100%
"Univ Waikato, Te Kura Whatu Oho Mauri Sch Psychol",1,1,0,0,0,0,0,1,0,0%,0,1,100%
"Univ Waikato, Te Piringa",1,1,0,0,0,0,0,1,0,0%,1,0,100%
"Univ Waikato, Te Piringa Fac Law",10,7,1,0,0,1,1,10,3,30%,6,0,90%
"Univ Waikato, Te Pirnga Fac Law",1,0,0,0,0,0,1,1,1,100%,0,0,100%
"Univ Waikato, Te Pua Wananga Ki Te Ao Fac Maori & Indigenous St",2,2,0,0,0,0,0,2,0,0%,1,0,50%
"Univ Waikato, Te Pua Wananga Ki te Ao Fac Maori & Indigenous St",1,0,0,0,0,1,0,1,1,100%,0,0,100%
"Univ Waikato, Te Puna Ako Ctr Tertiary Teaching & Learning",1,0,1,0,0,0,0,1,1,100%,0,0,100%
"Univ Waikato, Te Puna Haumaru New Zealand Inst Secur & Crime Sc",1,1,0,0,0,0,0,1,0,0%,0,1,100%
"Univ Waikato, Te Putahi Rangahau Taiao",1,1,0,0,0,0,0,1,0,0%,1,0,100%
"Univ Waikato, Te Whai Toi Tangata",8,0,8,0,0,0,0,8,8,100%,0,0,100%
"Univ Waikato, TeHuataki Waiora Sch Hlth",1,0,1,0,0,0,0,1,1,100%,0,0,100%
"Univ Waikato, Teaching Early Childhood Educ",1,0,0,0,0,1,0,1,1,100%,0,0,100%
"Univ Waikato, Thermophile Res Unit",1,1,0,0,0,0,0,1,0,0%,1,0,100%
"Univ Waikato, Traff & Rd Safety Res Grp",1,1,0,0,0,0,0,1,0,0%,1,0,100%
"Univ Waikato, Trans Hlth Res Lab",1,1,0,0,0,0,0,1,0,0%,1,0,100%
"Univ Waikato, Transport Res Grp",5,2,0,0,0,1,2,5,3,60%,2,0,100%
"Univ Waikato, UNWTO INSTO Res Unit",1,1,0,0,0,0,0,1,0,0%,1,0,100%
"Univ Waikato, UWISG",2,2,0,0,0,0,0,2,0,0%,2,0,100%
"Univ Waikato, Univ Auckland",1,1,0,0,0,0,0,1,0,0%,1,0,100%
"Univ Waikato, Univ Lib",1,1,0,0,0,0,0,0,0,,0,0,0%
"Univ Waikato, Univ Waikato Joint Inst Zhejiang Univ City Coll",1,0,0,0,1,0,0,1,1,100%,0,0,100%
"Univ Waikato, Waikato Ctr Adv Mat",5,3,2,0,0,0,0,5,2,40%,3,0,100%
"Univ Waikato, Waikato Ctr Adv Mat & Mfg",12,8,1,0,3,0,0,12,4,33%,8,0,100%
"Univ Waikato, Waikato Dist Hlth Board",1,0,0,0,0,1,0,1,1,100%,0,0,100%
"Univ Waikato, Waikato Hosp",1,0,1,0,0,0,0,1,1,100%,0,0,100%
"Univ Waikato, Waikato INSTO Res Unit",1,1,0,0,0,0,0,1,0,0%,1,0,100%
"Univ Waikato, Waikato Mail Ctr",1,1,0,0,0,0,0,1,0,0%,1,0,100%
"Univ Waikato, Waikato Management Div",1,1,0,0,0,0,0,1,0,0%,1,0,100%
"Univ Waikato, Waikato Management Sch",121,85,11,1,3,13,8,120,36,30%,53,28,96%
"Univ Waikato, Waikato Med Res Ctr",20,12,3,2,1,1,1,19,8,42%,8,2,90%
"Univ Waikato, Waikato Radiocarbon Dating Lab",1,0,0,0,0,1,0,1,1,100%,0,0,100%
"Univ Waikato, Waikato Radiocarbon Lab",3,0,0,0,0,0,3,3,3,100%,0,0,100%
"Univ Waikato, Waikato Sch Accounting Econ & Finance",1,0,0,1,0,0,0,1,1,100%,0,0,100%
"Univ Waikato, Waiora Sch Hlth",1,1,0,0,0,0,0,1,0,0%,0,1,100%
"Univ Waikato, Whare Wananga Waikato",1,0,0,0,0,1,0,1,1,100%,0,0,100%
"Univ Waikato, Wilf Malcolm Inst Educ Res",4,1,2,0,1,0,0,4,3,75%,1,0,100%
"Univ Waikato, Wilf Malcolm Inst Educ Res WMIER",1,1,0,0,0,0,0,1,0,0%,1,0,100%
"Univ Waikato, Wilf Malcom Inst Educ Res",1,1,0,0,0,0,0,1,0,0%,0,1,100%
"University Library, University of Waikato",1,1,0,0,0,0,0,0,0,,0,0,0%
"University of Auckland, Institute of Marine Science, Auckland, 1010, New Zealand, University of Waikato",1,1,0,0,0,0,0,1,0,0%,0,1,100%
"University of Durham, United Kingdom, University of Verona, Italy, University of Waikato",1,0,0,0,0,1,0,1,1,100%,0,0,100%
"University of Economics and Business, Vietnam National University, Hanoi, Room 100, Building E4, 144 Xuan Thuy, Cau Giay District, Hanoi, Viet Nam, The University of Waikato",1,1,0,0,0,0,0,1,0,0%,1,0,100%
"University of Hull, United Kingdom, School of Health and Human Performance Sciences, The University of Waikato",1,0,0,0,1,0,0,0,0,,0,0,0%
"University of Kassel, Department of Sustainable Products and Processes, Kurt-Wolters-Str. 3, Kassel, 34125, Germany, University of Waikato",1,1,0,0,0,0,0,1,0,0%,1,0,100%
"University of MelbourneVIC, Australia, University of Waikato",1,1,0,0,0,0,0,1,0,0%,0,1,100%
"University of Raparin, Kurdistan Region, Iraq, Faculty of Law, University of Waikato",1,1,0,0,0,0,0,1,0,0%,1,0,100%
University of Waikato,355,207,37,7,22,57,25,259,123,47%,85,44,70%
"Vice Chancellors Office, University of Waikato",1,0,0,1,0,0,0,1,1,100%,0,0,100%
"Victoria University of Wellington, New Zealand, The University of Waikato",1,0,0,0,0,1,0,1,1,100%,0,0,100%
"Victoria University of Wellington, Wellington, New Zealand, The University of Waikato",1,0,0,0,0,1,0,1,1,100%,0,0,100%
"WHISPA Group, High Performance Sport New Zealand, Auckland, New Zealand, School of Health, University of Waikato",1,0,1,0,0,0,0,1,1,100%,0,0,100%
"Waikato Cardiothoracic Unit, Waikato Hospital, Hamilton, New Zealand, National Institute of Demographic and Economic Analysis, The University of Waikato",1,1,0,0,0,0,0,1,0,0%,1,0,100%
"Waikato Cardiothoracic Unit, Waikato Hospital, Hamilton, New Zealand, The University of Waikato",1,1,0,0,0,0,0,1,0,0%,1,0,100%
"Waikato Centre for Advance Materials and Manufacturing, School of Engineering, University of Waikato",1,1,0,0,0,0,0,1,0,0%,1,0,100%
"Waikato Centre for Advanced Materials and Manufacturing, School of Engineering, The University of Waikato",11,9,2,0,0,0,0,11,2,18%,9,0,100%
"Waikato Centre for Advanced Materials and Manufacturing, School of Engineering, University of Waikato",10,6,0,0,3,0,1,10,4,40%,5,0,90%
"Waikato Centre for Advanced Materials, School of Engineering, The University of Waikato",3,3,0,0,0,0,0,3,0,0%,3,0,100%
"Waikato Centre for Advanced Materials, School of Engineering, University of Waikato",6,4,2,0,0,0,0,6,2,33%,4,0,100%
"Waikato Centre for Advanced Materials, School of Engineering, the University of Waikato",1,1,0,0,0,0,0,1,0,0%,1,0,100%
"Waikato Centre of Advanced Materials and Manufacturing, School of Engineering, The University of Waikato",1,0,1,0,0,0,0,1,1,100%,0,0,100%
"Waikato Centre of Advanced Materials, School of Engineering, The University of Waikato",2,1,0,0,0,0,1,2,1,50%,1,0,100%
"Waikato INSTO Research Unit, University of Waikato",1,1,0,0,0,0,0,1,0,0%,1,0,100%
"Waikato Institute of Technology, University of Waikato",1,0,0,0,0,1,0,0,0,,0,0,0%
"Waikato Management School – Tauranga CBD Campus, University of Waikato",1,1,0,0,0,0,0,1,0,0%,0,1,100%
"Waikato Management School, Tauranga Campus, University of Waikato",1,1,0,0,0,0,0,1,0,0%,0,0,0%
"Waikato Management School, The University of Waikato",12,10,0,0,0,2,0,11,2,18%,7,2,91%
"Waikato Management School, University of Waikato",78,56,6,1,2,10,3,75,21,28%,34,17,92%
"Waikato Management School, Zhejiang University (City College Campus), University of Waikato",1,0,1,0,0,0,0,1,1,100%,0,0,100%
"Waikato Medical Research Center, University of Waikato",2,1,0,1,0,0,0,1,1,100%,0,0,50%
"Waikato Medical Research Centre, Division of Arts, Law, Psychology and Social Sciences, The University of Waikato",1,0,1,0,0,0,0,1,1,100%,0,0,100%
"Waikato Medical Research Centre, Division of Arts,Law,Psychology and Social Sciences, University of Waikato",1,0,0,0,0,1,0,1,1,100%,0,0,100%
"Waikato Medical Research Centre, Te Huataki Waiora School of Health, University of Waikato",1,0,1,0,0,0,0,1,1,100%,0,0,100%
"Waikato Medical Research Centre, Te Huataki Waiora, School of Health, University of Waikato",1,0,1,0,0,0,0,1,1,100%,0,0,100%
"Waikato Medical Research Centre, The University of Waikato",3,3,0,0,0,0,0,3,0,0%,2,0,66%
"Waikato Medical Research Centre, University of Waikato",10,5,3,1,0,1,0,10,5,50%,3,2,100%
"Waikato Radiocarbon Laboratory, University of Waikato",2,0,0,0,0,0,2,2,2,100%,0,0,100%
"Waikato Regional Council, 401 Grey Street, Hamilton East, Hamilton, 3216, New Zealand, Environmental Research Institute, The University of Waikato",1,1,0,0,0,0,0,1,0,0%,1,0,100%
"Waikato Regional Council, Environmental Research Institute, The University of Waikato",1,0,0,0,0,1,0,1,1,100%,0,0,100%
"Waikato Regional Council, Hamilton, New Zealand, Environmental Research Institute, The University of Waikato",2,2,0,0,0,0,0,2,0,0%,0,1,50%
"Waikato Regional Diabetes Service, Waikato District Health Board, Hamilton, New Zealand, Waikato Medical Research Centre, University of Waikato",1,0,0,0,1,0,0,1,1,100%,0,0,100%
"Waikato School of Accounting Economics and Finance, University of Waikato",1,0,0,1,0,0,0,1,1,100%,0,0,100%
"Waikato-Tainui, Te Reo Tipu Research, Faculty of Science and Engineering, University of Waikato",1,1,0,0,0,0,0,1,0,0%,1,0,100%
"Water Engineering & Management, Faculty of Engineering Technology, University of Twente, PO box 217, Enschede, AE  7500, Netherlands, Coastal Marine Group, School of Science, University of Waikato",1,0,0,0,0,0,1,1,1,100%,0,0,100%
Western Institute of Technology Taranaki & The University of Waikato,1,0,0,1,0,0,0,1,1,100%,0,0,100%
"Wilf Malcolm Institute for Educational Research, University of Waikato",1,1,0,0,0,0,0,1,0,0%,1,0,100%
"Wilf Malcolm Institute of Educational Research, Faculty of Education, University of Waikato",1,0,1,0,0,0,0,1,1,100%,0,0,100%
"Wilf Malcolm Institute of Educational Research, Te Kura Toi Tangata Division of Education, University of Waikato",5,0,0,5,0,0,0,5,5,100%,0,0,100%
"Wilf Malcolm Institute of Educational Research, University of Waikato",2,0,1,0,1,0,0,2,2,100%,0,0,100%
Xerra Earth Observation Institute and the University of Waikato,4,0,0,0,2,0,2,4,4,100%,0,0,100%
"Xerra Earth Observation Institute, 17a Brandon Street, Alexandra, 9320, New Zealand, School of Science, The University of Waikato",1,0,1,0,0,0,0,1,1,100%,0,0,100%
"Zhejiang International Studies University, Hangzhou, China, Waikato Management School, The University of Waikato",1,1,0,0,0,0,0,0,0,,0,0,0%
"in Supply Chain Management, Waikato Management School, University of Waikato",1,1,0,0,0,0,0,1,0,0%,1,0,100%
"﻿School of Biological Sciences, University of Auckland, Auckland, New Zealand, Te Aka Mātuatua School of Science, University of Waikato",0,0,0,0,0,0,0,0,0
