"DOI","Error"
"10.1108/MEDAR-04-2020-0867","Invalid DOI"
"10.1016/j.ijintrcl.2020.09.003","Invalid DOI"
"10.22037/afb.v8i1.31193","DOI not in crossref"
"10.1177/16094069211050162","Line did not execute"
"10.19189/MaP.2019.OMB.StA.1816","DOI not in crossref"
"10.13128/bae-7928","DOI not in crossref"
"10.3233/FAIA200189","DOI not in crossref"
"10.1080/26895269.2021.1986191","Invalid DOI"
"10.11817/j.ysxb.1004.0609.2021-40142","DOI not in crossref"
"10.20507/MAIJournal.2021.10.2.9","Invalid DOI"
"10.20507/MAIJournal.2021.10.2.5","Invalid DOI"
"10.20507/MAIJournal.2021.10.2.14","Invalid DOI"
"10.1027/2157-3891/a000027","Invalid DOI"
"10.3303/CET2189078","DOI not in crossref"
"10.5204/ijcis.v14i1.1718","Invalid DOI"
"10.3303/CET2183024","DOI not in crossref"
"10.3303/CET2183004","DOI not in crossref"
"10.7748/en.2020.e2031","Invalid DOI"
"10.15173/jhap.v8i10.4190","Invalid DOI"
"10.18462/iir.rankine.2020.1124","DOI not in crossref"
"10.18462/iir.iccc.2020.292123","DOI not in crossref"
"10.1177/2158244019901256","Line did not execute"
