WoS Subject,closed,gold,diamond,bronze,green,hybrid,Total,% Open,Closed/AAM embargoed,Closed/AAM immediate,Potential % open
Agriculture,22,5,0,2,8,1,38,42,20,1,97
Anthropology,10,0,1,0,0,1,12,16,8,0,83
Archaeology,6,0,0,0,0,1,7,14,5,0,85
Area Studies,5,0,0,2,1,0,8,37,4,1,100
Art,1,0,0,0,0,0,1,0,1,0,100
Arts & Humanities - Other Topics,3,0,0,0,0,0,3,0,2,1,100
Astronomy & Astrophysics,5,0,0,6,4,3,18,72,2,0,83
Audiology & Speech-Language Pathology,1,0,0,0,0,0,1,0,0,1,100
Automation & Control Systems,3,1,0,0,3,1,8,62,1,1,87
Behavioral Sciences,7,0,0,0,0,0,7,0,7,0,100
Biochemistry & Molecular Biology,21,6,0,1,4,3,35,40,13,4,88
Biodiversity & Conservation,5,2,0,1,3,5,16,68,3,2,100
Biomedical Social Sciences,4,0,0,0,7,0,11,63,3,1,100
Biophysics,2,0,0,0,0,0,2,0,1,0,50
Biotechnology & Applied Microbiology,15,1,0,2,1,0,19,21,13,0,89
Business & Economics,181,4,2,12,41,26,266,31,122,54,98
Cardiovascular System & Cardiology,3,0,0,0,0,0,3,0,3,0,100
Cell Biology,2,1,0,0,2,0,5,60,1,0,80
Chemistry,36,9,0,2,6,4,57,36,30,2,92
Communication,15,1,0,1,1,0,18,16,5,5,72
Computer Science,44,8,2,3,27,5,89,50,19,5,77
Construction & Building Technology,7,2,1,1,0,0,11,36,6,0,90
Criminology & Penology,10,2,0,0,3,1,16,37,3,7,100
Cultural Studies,4,0,0,1,1,0,6,33,3,1,100
Demography,4,0,1,0,1,0,6,33,1,1,66
"Dentistry, Oral Surgery & Medicine",2,0,0,0,0,0,2,0,2,0,100
Development Studies,4,0,0,0,2,3,9,55,4,0,100
Developmental Biology,0,0,0,0,0,1,1,100,0,0,100
Education & Educational Research,71,9,3,16,11,5,115,38,60,8,97
Endocrinology & Metabolism,8,1,0,1,2,1,13,38,7,1,100
Energy & Fuels,12,4,0,2,1,2,21,42,12,0,100
Engineering,85,19,1,7,20,8,140,39,60,9,88
Entomology,0,0,0,1,0,0,1,100,0,0,100
Environmental Sciences & Ecology,104,53,0,9,19,31,216,51,92,6,97
Ethnic Studies,7,0,1,0,0,1,9,22,1,1,44
Evolutionary Biology,5,2,0,1,3,3,14,64,4,1,100
Family Studies,2,0,1,0,1,1,5,60,2,0,100
"Film, Radio & Television",1,0,0,1,0,0,2,50,0,1,100
Fisheries,17,0,0,3,3,4,27,37,13,4,100
Food Science & Technology,11,4,0,1,4,2,22,50,9,2,100
Forestry,4,0,0,0,1,1,6,33,4,0,100
Gastroenterology & Hepatology,0,1,0,0,0,0,1,100,0,0,100
General & Internal Medicine,5,6,9,0,2,2,24,79,5,0,100
Genetics & Heredity,4,2,0,0,1,0,7,42,4,0,100
Geochemistry & Geophysics,9,0,0,1,2,6,18,50,8,1,100
Geography,19,0,0,2,2,5,28,32,19,0,100
Geology,30,16,3,4,4,12,69,56,28,1,98
Geriatrics & Gerontology,4,2,0,0,3,1,10,60,2,2,100
Government & Law,13,0,0,3,5,3,24,45,10,1,91
Health Care Sciences & Services,5,1,0,1,1,1,9,44,5,0,100
History,11,0,0,0,0,0,11,0,10,0,90
History & Philosophy of Science,3,0,0,3,3,0,9,66,2,1,100
Imaging Science & Photographic Technology,6,5,0,2,1,2,16,62,3,1,87
Immunology,1,3,0,1,0,0,5,80,1,0,100
Infectious Diseases,0,1,0,0,0,0,1,100,0,0,100
Information Science & Library Science,11,1,0,0,1,1,14,21,2,5,71
Instruments & Instrumentation,1,0,0,2,1,1,5,80,1,0,100
International Relations,6,0,0,0,2,1,9,33,6,0,100
Legal Medicine,1,0,0,0,0,0,1,0,1,0,100
Life Sciences & Biomedicine - Other Topics,1,0,0,2,2,2,7,85,1,0,100
Linguistics,13,0,1,2,2,1,19,31,8,4,94
Literature,7,0,0,0,1,0,8,12,3,3,87
Marine & Freshwater Biology,36,8,0,5,3,7,59,38,29,5,96
Materials Science,37,10,7,4,5,5,68,45,34,1,97
Mathematical & Computational Biology,1,2,0,0,0,1,4,75,0,0,75
Mathematical Methods In Social Sciences,2,0,0,0,1,1,4,50,1,0,75
Mathematics,9,1,1,0,15,3,29,68,5,1,89
Mechanics,4,0,0,0,1,0,5,20,4,0,100
Medical Ethics,1,0,0,0,2,0,3,66,1,0,100
Medical Informatics,1,0,0,0,0,0,1,0,0,0,0
Metallurgy & Metallurgical Engineering,16,4,4,1,0,3,28,42,16,0,100
Meteorology & Atmospheric Sciences,7,4,2,0,1,2,16,56,6,0,93
Microbiology,3,12,0,2,1,4,22,86,3,0,100
Mineralogy,1,0,0,0,0,2,3,66,1,0,100
Mining & Mineral Processing,1,0,0,0,0,0,1,0,0,0,0
Music,1,0,0,0,0,0,1,0,0,1,100
Neurosciences & Neurology,15,6,0,1,7,1,30,50,15,0,100
Nursing,4,0,0,1,0,0,5,20,3,0,80
Nutrition & Dietetics,6,6,0,0,1,0,13,53,5,1,100
Obstetrics & Gynecology,2,0,0,0,0,6,8,75,1,0,87
Oceanography,23,8,0,3,6,3,43,46,20,3,100
Oncology,5,3,0,1,2,0,11,54,4,0,90
Operations Research & Management Science,9,0,0,1,2,0,12,25,8,0,91
Ophthalmology,0,1,0,0,0,0,1,100,0,0,100
Optics,1,1,0,1,0,1,4,75,0,0,75
Orthopedics,2,1,0,0,1,0,4,50,2,0,100
Otorhinolaryngology,1,0,0,0,0,0,1,0,1,0,100
Paleontology,4,0,0,0,1,0,5,20,3,0,80
Pediatrics,2,4,0,0,1,0,7,71,2,0,100
Pharmacology & Pharmacy,4,3,0,0,0,0,7,42,3,0,85
Philosophy,3,0,0,2,2,1,8,62,3,0,100
Physical Geography,13,6,0,2,2,2,25,48,13,0,100
Physics,13,7,1,1,6,1,29,55,8,2,89
Physiology,1,1,0,0,0,0,2,50,0,0,50
Plant Sciences,12,5,0,2,4,3,26,53,11,0,96
Polymer Science,7,0,0,0,4,1,12,41,6,0,91
Psychiatry,17,1,0,3,4,2,27,37,15,2,100
Psychology,72,5,0,4,25,14,120,40,52,17,97
Public Administration,13,0,0,0,4,1,18,27,10,1,88
"Public, Environmental & Occupational Health",26,21,0,5,7,3,62,58,20,5,98
"Radiology, Nuclear Medicine & Medical Imaging",1,1,0,0,0,0,2,50,0,0,50
Rehabilitation,11,0,0,3,5,0,19,42,8,1,89
Religion,6,0,0,0,0,0,6,0,4,0,66
Remote Sensing,3,8,0,2,0,2,15,80,2,1,100
Reproductive Biology,0,0,0,0,0,6,6,100,0,0,100
Research & Experimental Medicine,1,1,0,0,0,1,3,66,1,0,100
Rheumatology,0,0,0,1,0,0,1,100,0,0,100
Robotics,2,0,0,0,2,0,4,50,1,1,100
Science & Technology - Other Topics,39,50,0,3,10,5,107,63,30,7,98
Social Issues,2,0,0,0,2,0,4,50,0,0,50
Social Sciences - Other Topics,62,13,2,2,12,3,94,34,42,18,97
Social Work,3,2,0,0,2,0,7,57,3,0,100
Sociology,15,2,1,1,4,2,25,40,7,7,96
Spectroscopy,1,0,0,0,0,0,1,0,0,1,100
Sport Sciences,30,6,1,3,8,1,49,38,23,3,91
Surgery,1,0,0,0,0,0,1,0,1,0,100
Telecommunications,10,3,0,2,2,0,17,41,1,5,76
Theater,1,0,0,0,0,0,1,0,0,0,0
Thermodynamics,4,0,0,1,0,0,5,20,4,0,100
Toxicology,1,3,0,1,1,0,6,83,1,0,100
Transportation,5,1,1,0,3,3,13,61,5,0,100
Urban Studies,3,1,0,0,2,2,8,62,2,1,100
Urology & Nephrology,0,0,1,0,0,0,1,100,0,0,100
Veterinary Sciences,5,4,0,0,0,0,9,44,5,0,100
Water Resources,9,4,0,0,1,2,16,43,8,0,93
Women's Studies,5,0,0,0,0,0,5,100,0,0,100
Zoology,15,4,0,1,0,0,20,25,12,2,95
